FSASSET,FSEARN,WRK_POOR,FSTOTDE2,TPOV,FSTANF,FSNETINC,FSSLTDED,FSUSIZE,FSTOTDED,FSERNDE2,FSGRINC,FSWAGES,RAWERND,FSGA,FSDIS,SHELDED,FSERNDED,TANF_IND,FSNELDER,FSSLTDE2,FSNONCIT,CERTHHSZ,FSSTDDE2,HWGT,FSSSI,RAWNET,LIQRESOR,REALPROP,FSUNEARN,CAT_ELIG,FSVEHAST,VEHICLEA
0.0,0.0,0.0,305.0,66.0,310.0,608.0,171.0,3.0,305.0,0.0,913.0,0.0,0.0,0.0,1.0,172.0,0.0,1.0,0.0,171.0,0.0,3.0,201.0,902.3652690692352,603.0,607.0,0.0,0.0,913.0,1.0,0.0,1.0
0.0,1477.0,1.0,740.0,66.0,0.0,737.0,76.0,6.0,740.0,371.0,1477.0,1477.0,295.0,0.0,0.0,76.0,295.0,0.0,0.0,76.0,0.0,6.0,262.0,987.9280819007809,0.0,737.0,0.0,0.0,0.0,0.0,0.0,1.0
0.0,0.0,0.0,551.0,41.0,389.0,18.0,417.0,3.0,551.0,0.0,569.0,0.0,0.0,0.0,0.0,417.0,0.0,1.0,0.0,417.0,0.0,3.0,134.0,710.0141901614803,0.0,18.0,0.0,0.0,569.0,1.0,0.0,1.0
14.0,1866.0,1.0,552.0,112.0,0.0,1314.0,40.0,4.0,552.0,413.0,1866.0,1866.0,373.0,0.0,0.0,40.0,373.0,0.0,0.0,40.0,0.0,4.0,179.0,1147.1453292917702,0.0,1314.0,14.0,0.0,0.0,0.0,0.0,1.0
0.0,0.0,0.0,456.0,74.0,0.0,147.0,322.0,1.0,456.0,0.0,603.0,0.0,0.0,0.0,0.0,323.0,0.0,0.0,1.0,322.0,0.0,1.0,201.0,759.4717823678724,603.0,147.0,0.0,0.0,603.0,1.0,0.0,1.0
0.0,129.0,1.0,372.0,34.0,243.0,0.0,409.0,2.0,568.0,0.0,372.0,129.0,26.0,0.0,0.0,410.0,25.0,1.0,0.0,213.0,0.0,2.0,5.0,705.4012962642042,0.0,0.0,0.0,0.0,243.0,1.0,0.0,1.0
0.0,0.0,0.0,212.0,76.0,0.0,411.0,78.0,1.0,212.0,0.0,623.0,0.0,0.0,0.0,1.0,79.0,0.0,0.0,0.0,78.0,0.0,1.0,201.0,845.3233938499369,165.0,411.0,0.0,0.0,623.0,1.0,0.0,1.0
0.0,1234.0,1.0,577.0,63.0,0.0,657.0,169.0,5.0,577.0,369.0,1234.0,1234.0,247.0,0.0,0.0,169.0,246.0,0.0,0.0,169.0,0.0,5.0,243.0,961.580602814927,0.0,656.0,0.0,0.0,0.0,0.0,0.0,1.0
0.0,0.0,0.0,399.0,74.0,0.0,204.0,265.0,1.0,399.0,0.0,603.0,0.0,0.0,0.0,1.0,266.0,0.0,0.0,0.0,265.0,0.0,1.0,201.0,777.946179776418,603.0,204.0,0.0,0.0,603.0,1.0,0.0,1.0
0.0,368.0,1.0,368.0,27.0,0.0,0.0,417.0,3.0,624.0,0.0,368.0,368.0,74.0,0.0,0.0,400.0,73.0,0.0,0.0,161.0,0.0,3.0,0.0,704.580543870799,0.0,0.0,0.0,0.0,0.0,0.0,0.0,1.0
0.0,0.0,0.0,305.0,74.0,0.0,298.0,171.0,1.0,305.0,0.0,603.0,0.0,0.0,0.0,1.0,172.0,0.0,0.0,0.0,171.0,0.0,1.0,201.0,808.3745990311855,603.0,298.0,0.0,0.0,603.0,1.0,0.0,1.0
0.0,720.0,1.0,394.0,65.0,0.0,326.0,91.0,2.0,394.0,216.0,720.0,720.0,144.0,0.0,0.0,91.0,144.0,0.0,0.0,91.0,0.0,2.0,201.0,811.9007636838924,0.0,326.0,0.0,0.0,0.0,0.0,0.0,1.0
0.0,0.0,0.0,134.0,78.0,0.0,504.0,0.0,1.0,134.0,0.0,638.0,0.0,0.0,0.0,1.0,0.0,0.0,0.0,0.0,0.0,1.0,1.0,134.0,869.2314375616089,0.0,504.0,0.0,0.0,638.0,0.0,0.0,1.0
0.0,0.0,0.0,0.0,0.0,0.0,0.0,0.0,1.0,134.0,0.0,0.0,0.0,0.0,0.0,0.0,0.0,0.0,0.0,0.0,0.0,0.0,1.0,0.0,711.655694960853,0.0,0.0,0.0,0.0,0.0,0.0,0.0,1.0
0.0,42.0,1.0,142.0,31.0,209.0,109.0,0.0,1.0,142.0,8.0,251.0,42.0,8.0,0.0,0.0,0.0,8.0,1.0,0.0,0.0,0.0,1.0,134.0,747.5177605149188,0.0,109.0,0.0,0.0,209.0,1.0,0.0,1.0
0.0,0.0,0.0,0.0,0.0,0.0,0.0,0.0,1.0,134.0,0.0,0.0,0.0,0.0,0.0,0.0,0.0,0.0,0.0,0.0,0.0,0.0,1.0,0.0,711.655694960853,0.0,0.0,0.0,0.0,0.0,0.0,0.0,1.0
0.0,688.0,1.0,787.0,57.0,0.0,159.0,318.0,4.0,787.0,205.0,946.0,688.0,138.0,0.0,0.0,319.0,137.0,0.0,0.0,318.0,0.0,4.0,208.0,771.1370055586899,0.0,157.0,0.0,0.0,258.0,0.0,0.0,1.0
0.0,215.0,1.0,346.0,35.0,0.0,232.0,164.0,4.0,346.0,65.0,578.0,0.0,43.0,0.0,0.0,164.0,43.0,0.0,0.0,164.0,1.0,4.0,209.0,795.045049260094,0.0,232.0,0.0,0.0,363.0,0.0,0.0,1.0
0.0,1476.0,1.0,637.0,107.0,0.0,839.0,208.0,3.0,637.0,442.0,1476.0,1476.0,295.0,0.0,0.0,209.0,295.0,0.0,0.0,208.0,0.0,3.0,201.0,978.4363172306392,0.0,838.0,0.0,0.0,0.0,0.0,0.0,1.0
555.0,1344.0,1.0,607.0,117.0,0.0,1340.0,0.0,4.0,607.0,268.0,1947.0,1344.0,269.0,0.0,1.0,0.0,268.0,0.0,0.0,0.0,0.0,4.0,139.0,1155.8391633729448,603.0,1339.0,555.0,0.0,603.0,0.0,0.0,1.0
0.0,1376.0,1.0,409.0,125.0,0.0,967.0,0.0,2.0,409.0,275.0,1376.0,1376.0,275.0,0.0,0.0,0.0,275.0,0.0,0.0,0.0,0.0,2.0,134.0,1003.1651133253492,0.0,967.0,0.0,0.0,0.0,0.0,0.0,1.0
5.0,0.0,0.0,184.0,9.0,0.0,0.0,221.0,5.0,383.0,0.0,184.0,0.0,0.0,0.0,0.0,11.0,0.0,0.0,0.0,22.0,0.0,5.0,44.0,747.4949387192786,0.0,11.0,5.0,0.0,184.0,0.0,0.0,1.0
0.0,0.0,0.0,441.0,84.0,0.0,242.0,307.0,1.0,441.0,0.0,683.0,0.0,0.0,0.0,0.0,308.0,0.0,0.0,0.0,307.0,0.0,1.0,201.0,790.9869308826654,0.0,242.0,0.0,0.0,683.0,0.0,0.0,1.0
0.0,829.0,1.0,426.0,43.0,0.0,403.0,99.0,5.0,426.0,248.0,829.0,0.0,165.0,0.0,0.0,110.0,165.0,0.0,0.0,99.0,1.0,5.0,243.0,878.9891790964731,0.0,390.0,0.0,0.0,0.0,0.0,0.0,1.0
0.0,0.0,0.0,134.0,74.0,0.0,469.0,0.0,1.0,134.0,0.0,603.0,0.0,0.0,0.0,1.0,0.0,0.0,0.0,0.0,0.0,0.0,1.0,134.0,864.8845205265526,603.0,469.0,0.0,0.0,603.0,1.0,0.0,1.0
0.0,0.0,0.0,0.0,0.0,0.0,0.0,417.0,3.0,551.0,0.0,0.0,0.0,0.0,0.0,0.0,417.0,0.0,0.0,0.0,0.0,0.0,3.0,0.0,704.5805438707989,0.0,0.0,0.0,0.0,0.0,0.0,0.0,1.0
0.0,0.0,0.0,310.0,103.0,0.0,534.0,176.0,1.0,310.0,0.0,844.0,0.0,0.0,0.0,0.0,176.0,0.0,0.0,1.0,176.0,0.0,1.0,201.0,869.2314375616088,0.0,534.0,0.0,0.0,844.0,0.0,0.0,1.0
0.0,200.0,1.0,577.0,40.0,469.0,92.0,398.0,4.0,577.0,60.0,669.0,200.0,40.0,0.0,0.0,398.0,40.0,1.0,0.0,398.0,0.0,4.0,209.0,749.4024203653986,0.0,92.0,0.0,0.0,469.0,1.0,0.0,1.0
0.0,0.0,0.0,134.0,81.0,0.0,756.0,0.0,2.0,134.0,0.0,890.0,0.0,0.0,0.0,0.0,23.0,0.0,0.0,1.0,0.0,0.0,2.0,134.0,952.088838139332,0.0,732.0,0.0,0.0,890.0,0.0,0.0,1.0
0.0,0.0,0.0,139.0,60.0,390.0,854.0,0.0,4.0,139.0,0.0,993.0,0.0,0.0,0.0,1.0,0.0,0.0,1.0,0.0,0.0,0.0,4.0,139.0,997.1766915079196,603.0,854.0,0.0,0.0,993.0,1.0,0.0,1.0
0.0,0.0,0.0,231.0,28.0,231.0,0.0,183.0,1.0,317.0,0.0,231.0,0.0,0.0,0.0,0.0,183.0,0.0,1.0,0.0,97.0,0.0,1.0,115.0,711.655694960853,0.0,0.0,0.0,0.0,231.0,1.0,0.0,1.0
11.0,237.0,1.0,537.0,28.0,0.0,0.0,417.0,5.0,626.0,0.0,537.0,237.0,47.0,0.0,0.0,417.0,47.0,0.0,0.0,328.0,0.0,5.0,153.0,747.4949387192786,0.0,0.0,11.0,0.0,300.0,0.0,0.0,1.0
0.0,0.0,0.0,286.0,104.0,0.0,858.0,152.0,2.0,286.0,0.0,1144.0,0.0,0.0,0.0,1.0,152.0,0.0,0.0,1.0,152.0,0.0,2.0,201.0,984.6907159197356,0.0,858.0,0.0,0.0,1144.0,0.0,0.0,1.0
0.0,1066.0,1.0,352.0,64.0,0.0,714.0,0.0,4.0,352.0,213.0,1066.0,1066.0,213.0,0.0,0.0,0.0,213.0,0.0,0.0,0.0,0.0,4.0,139.0,951.534062604676,0.0,714.0,0.0,0.0,0.0,0.0,0.0,1.0
0.0,0.0,0.0,134.0,113.0,0.0,1112.0,0.0,2.0,134.0,0.0,1246.0,0.0,0.0,0.0,1.0,0.0,0.0,0.0,1.0,0.0,0.0,2.0,134.0,1003.1651133253492,363.0,1112.0,0.0,0.0,1246.0,1.0,0.0,1.0
0.0,0.0,0.0,489.0,36.0,0.0,114.0,350.0,4.0,489.0,0.0,603.0,0.0,0.0,0.0,1.0,350.0,0.0,0.0,0.0,350.0,0.0,4.0,209.0,755.9227959233921,603.0,114.0,0.0,0.0,603.0,0.0,0.0,1.0
0.0,903.0,1.0,701.0,111.0,0.0,202.0,387.0,1.0,701.0,270.0,903.0,903.0,181.0,0.0,0.0,388.0,180.0,0.0,0.0,387.0,0.0,1.0,201.0,777.946179776418,0.0,201.0,0.0,0.0,0.0,0.0,0.0,1.0
26.0,0.0,0.0,134.0,28.0,310.0,176.0,0.0,2.0,134.0,0.0,310.0,0.0,0.0,0.0,0.0,0.0,0.0,1.0,0.0,0.0,0.0,2.0,134.0,762.9979470141016,0.0,176.0,26.0,0.0,310.0,1.0,0.0,1.0
0.0,0.0,0.0,0.0,0.0,0.0,0.0,417.0,2.0,551.0,0.0,0.0,0.0,0.0,0.0,0.0,417.0,0.0,0.0,0.0,0.0,0.0,2.0,0.0,705.4012962642041,0.0,0.0,0.0,0.0,0.0,0.0,0.0,1.0
9.0,648.0,1.0,312.0,78.0,320.0,1201.0,21.0,5.0,312.0,150.0,1513.0,648.0,130.0,0.0,0.0,21.0,129.0,1.0,0.0,21.0,0.0,5.0,183.0,1138.7174720868086,0.0,1200.0,9.0,0.0,865.0,1.0,0.0,1.0
992.0,0.0,0.0,259.0,76.0,0.0,364.0,125.0,1.0,259.0,0.0,623.0,0.0,0.0,0.0,0.0,125.0,0.0,0.0,1.0,125.0,0.0,1.0,201.0,830.1091842290721,312.0,363.0,992.0,0.0,623.0,1.0,0.0,1.0
0.0,0.0,0.0,517.0,69.0,0.0,45.0,383.0,1.0,517.0,0.0,562.0,0.0,0.0,0.0,0.0,405.0,0.0,0.0,1.0,383.0,0.0,1.0,201.0,726.8699045935958,0.0,0.0,0.0,0.0,562.0,0.0,0.0,1.0
419.0,0.0,0.0,402.0,49.0,0.0,0.0,343.0,1.0,477.0,0.0,402.0,0.0,0.0,0.0,0.0,343.0,0.0,0.0,1.0,268.0,0.0,1.0,126.0,711.655694960853,176.0,0.0,419.0,0.0,402.0,1.0,0.0,1.0
194.0,626.0,1.0,439.0,38.0,0.0,187.0,175.0,4.0,439.0,188.0,626.0,626.0,125.0,0.0,0.0,175.0,125.0,0.0,0.0,175.0,0.0,4.0,209.0,779.8308396397807,0.0,187.0,194.0,0.0,0.0,0.0,0.0,1.0
0.0,1075.0,1.0,462.0,75.0,0.0,781.0,61.0,4.0,462.0,276.0,1243.0,1075.0,215.0,0.0,0.0,61.0,215.0,0.0,0.0,61.0,0.0,4.0,200.0,973.2686478004877,0.0,781.0,0.0,0.0,168.0,0.0,0.0,1.0
0.0,854.0,1.0,304.0,112.0,0.0,1242.0,0.0,3.0,304.0,170.0,1546.0,854.0,171.0,0.0,1.0,0.0,170.0,0.0,0.0,0.0,0.0,3.0,134.0,1109.9305576091976,0.0,1241.0,0.0,0.0,692.0,0.0,0.0,1.0
0.0,0.0,0.0,264.0,80.0,0.0,393.0,130.0,1.0,264.0,0.0,657.0,0.0,0.0,0.0,0.0,130.0,0.0,0.0,1.0,130.0,0.0,1.0,201.0,839.8897475593062,0.0,393.0,0.0,0.0,657.0,0.0,0.0,1.0
0.0,602.0,1.0,602.0,27.0,0.0,0.0,417.0,6.0,758.0,0.0,602.0,602.0,120.0,0.0,0.0,417.0,120.0,0.0,0.0,261.0,0.0,6.0,30.0,747.7609155795811,0.0,0.0,0.0,0.0,0.0,0.0,0.0,1.0
0.0,0.0,0.0,147.0,13.0,0.0,0.0,417.0,2.0,551.0,0.0,147.0,0.0,0.0,0.0,0.0,417.0,0.0,0.0,0.0,13.0,0.0,2.0,0.0,705.4012962642041,0.0,0.0,0.0,0.0,147.0,0.0,0.0,1.0
0.0,0.0,0.0,134.0,84.0,0.0,790.0,0.0,2.0,134.0,0.0,924.0,0.0,0.0,0.0,0.0,0.0,0.0,0.0,2.0,0.0,0.0,2.0,134.0,962.9561307354808,18.0,790.0,0.0,0.0,924.0,1.0,0.0,1.0
267.0,0.0,0.0,226.0,30.0,0.0,188.0,92.0,3.0,226.0,0.0,414.0,0.0,0.0,0.0,0.0,92.0,0.0,0.0,0.0,92.0,0.0,3.0,201.0,765.4373824019225,0.0,188.0,267.0,0.0,414.0,0.0,0.0,1.0
0.0,0.0,0.0,134.0,28.0,389.0,255.0,0.0,3.0,134.0,0.0,389.0,0.0,0.0,0.0,0.0,0.0,0.0,1.0,0.0,0.0,0.0,3.0,134.0,788.258696840136,0.0,255.0,0.0,0.0,389.0,1.0,0.0,1.0
0.0,0.0,0.0,40.0,5.0,0.0,0.0,0.0,1.0,134.0,0.0,40.0,0.0,0.0,0.0,0.0,0.0,0.0,0.0,0.0,0.0,0.0,1.0,40.0,711.655694960853,0.0,0.0,0.0,0.0,40.0,0.0,0.0,1.0
0.0,1013.0,1.0,509.0,113.0,0.0,735.0,173.0,2.0,509.0,303.0,1244.0,1013.0,203.0,231.0,0.0,173.0,202.0,0.0,1.0,173.0,0.0,2.0,201.0,945.5684625756128,0.0,734.0,0.0,0.0,231.0,0.0,0.0,1.0
0.0,0.0,0.0,547.0,74.0,0.0,56.0,413.0,1.0,547.0,0.0,603.0,0.0,0.0,0.0,1.0,463.0,0.0,0.0,0.0,413.0,0.0,1.0,201.0,730.1300923602863,603.0,5.0,0.0,0.0,603.0,1.0,0.0,1.0
0.0,0.0,0.0,134.0,108.0,0.0,747.0,0.0,1.0,134.0,0.0,881.0,0.0,0.0,0.0,1.0,0.0,0.0,0.0,0.0,0.0,0.0,1.0,134.0,869.2314375616088,0.0,747.0,0.0,0.0,881.0,0.0,0.0,1.0
0.0,0.0,0.0,386.0,113.0,0.0,537.0,198.0,1.0,386.0,0.0,923.0,0.0,0.0,0.0,0.0,198.0,0.0,0.0,1.0,198.0,0.0,1.0,201.0,869.2314375616089,0.0,536.0,0.0,0.0,923.0,0.0,0.0,1.0
0.0,0.0,0.0,263.0,85.0,231.0,677.0,129.0,2.0,263.0,0.0,940.0,0.0,0.0,0.0,1.0,129.0,0.0,1.0,0.0,129.0,0.0,2.0,201.0,926.0073359137072,156.0,677.0,0.0,0.0,940.0,1.0,0.0,1.0
0.0,0.0,0.0,253.0,57.0,0.0,370.0,119.0,2.0,253.0,0.0,623.0,0.0,0.0,0.0,0.0,119.0,0.0,0.0,1.0,119.0,0.0,2.0,201.0,826.0282440535424,247.0,370.0,0.0,0.0,623.0,0.0,0.0,1.0
0.0,0.0,0.0,134.0,28.0,0.0,97.0,0.0,1.0,134.0,0.0,231.0,0.0,0.0,231.0,0.0,0.0,0.0,0.0,0.0,0.0,0.0,1.0,134.0,743.1708434696594,0.0,97.0,0.0,0.0,231.0,1.0,0.0,1.0
210.0,1625.0,1.0,459.0,117.0,0.0,1166.0,0.0,3.0,459.0,325.0,1625.0,1625.0,325.0,0.0,0.0,0.0,325.0,0.0,0.0,0.0,0.0,3.0,134.0,1084.9357846450434,0.0,1166.0,210.0,0.0,0.0,0.0,0.0,1.0
0.0,0.0,0.0,134.0,28.0,0.0,97.0,0.0,1.0,134.0,0.0,231.0,0.0,0.0,231.0,0.0,0.0,0.0,0.0,0.0,0.0,0.0,1.0,134.0,743.1708434696594,0.0,97.0,0.0,0.0,231.0,1.0,0.0,1.0
0.0,0.0,0.0,436.0,46.0,294.0,714.0,250.0,7.0,436.0,0.0,1150.0,0.0,0.0,0.0,1.0,250.0,0.0,1.0,0.0,250.0,1.0,7.0,279.0,1029.4897706171243,523.0,714.0,0.0,0.0,1150.0,1.0,0.0,1.0
0.0,0.0,0.0,100.0,9.0,0.0,0.0,0.0,2.0,134.0,0.0,100.0,0.0,0.0,0.0,0.0,0.0,0.0,0.0,0.0,0.0,0.0,2.0,100.0,705.4012962642041,0.0,0.0,0.0,0.0,100.0,0.0,0.0,1.0
2.0,0.0,0.0,471.0,76.0,0.0,152.0,337.0,1.0,471.0,0.0,623.0,0.0,0.0,0.0,1.0,337.0,0.0,0.0,0.0,337.0,0.0,1.0,201.0,761.6452408870326,25.0,151.0,2.0,0.0,623.0,1.0,0.0,1.0
0.0,1231.0,1.0,910.0,80.0,326.0,647.0,417.0,5.0,910.0,274.0,1557.0,1231.0,246.0,0.0,0.0,417.0,246.0,1.0,0.0,417.0,0.0,5.0,162.0,958.3204150285828,0.0,647.0,0.0,0.0,326.0,1.0,0.0,1.0
0.0,0.0,0.0,231.0,28.0,231.0,0.0,417.0,1.0,551.0,0.0,231.0,0.0,0.0,0.0,0.0,417.0,0.0,1.0,0.0,97.0,0.0,1.0,0.0,711.655694960853,0.0,0.0,0.0,0.0,231.0,1.0,0.0,1.0
0.0,0.0,0.0,134.0,28.0,0.0,97.0,0.0,1.0,134.0,0.0,231.0,0.0,0.0,231.0,0.0,0.0,0.0,0.0,0.0,0.0,0.0,1.0,134.0,743.1708434696594,0.0,97.0,0.0,0.0,231.0,1.0,0.0,1.0
0.0,1296.0,1.0,398.0,78.0,0.0,898.0,0.0,4.0,398.0,259.0,1296.0,1296.0,260.0,0.0,0.0,0.0,259.0,0.0,0.0,0.0,0.0,4.0,139.0,1011.3041718713245,0.0,900.0,0.0,0.0,0.0,0.0,0.0,1.0
0.0,0.0,0.0,483.0,92.0,0.0,267.0,349.0,1.0,483.0,0.0,750.0,0.0,0.0,0.0,0.0,348.0,0.0,0.0,0.0,349.0,0.0,1.0,201.0,798.594035706463,0.0,268.0,0.0,0.0,750.0,0.0,0.0,1.0
0.0,0.0,0.0,198.0,74.0,0.0,405.0,64.0,1.0,198.0,0.0,603.0,0.0,0.0,0.0,0.0,65.0,0.0,0.0,1.0,64.0,0.0,1.0,198.0,844.2366646014949,603.0,405.0,0.0,0.0,603.0,1.0,0.0,1.0
948.0,0.0,0.0,299.0,74.0,0.0,304.0,165.0,1.0,299.0,0.0,603.0,0.0,0.0,0.0,1.0,165.0,0.0,0.0,0.0,165.0,0.0,1.0,201.0,810.5480575611468,603.0,303.0,948.0,0.0,603.0,1.0,0.0,1.0
0.0,0.0,0.0,0.0,0.0,0.0,0.0,0.0,1.0,134.0,0.0,0.0,0.0,0.0,0.0,0.0,0.0,0.0,0.0,0.0,0.0,0.0,1.0,0.0,711.655694960853,0.0,0.0,0.0,0.0,0.0,0.0,0.0,1.0
0.0,0.0,0.0,238.0,35.0,389.0,151.0,104.0,2.0,238.0,0.0,389.0,0.0,0.0,0.0,0.0,104.0,0.0,1.0,0.0,104.0,0.0,2.0,201.0,754.3041129423528,0.0,150.0,0.0,0.0,389.0,1.0,0.0,1.0
403.0,1290.0,1.0,482.0,77.0,0.0,808.0,85.0,4.0,482.0,343.0,1290.0,1290.0,258.0,0.0,0.0,85.0,258.0,0.0,0.0,85.0,0.0,4.0,208.0,981.9624818750046,0.0,807.0,403.0,0.0,0.0,0.0,0.0,1.0
0.0,1113.0,1.0,773.0,92.0,0.0,495.0,417.0,3.0,773.0,274.0,1268.0,1113.0,223.0,0.0,0.0,417.0,222.0,0.0,0.0,417.0,0.0,3.0,142.0,866.5032035168679,0.0,495.0,0.0,0.0,155.0,0.0,0.0,1.0
0.0,812.0,1.0,812.0,99.0,0.0,0.0,417.0,1.0,842.0,212.0,812.0,812.0,162.0,0.0,0.0,417.0,162.0,0.0,0.0,387.0,0.0,1.0,170.0,711.655694960853,0.0,0.0,0.0,0.0,0.0,0.0,0.0,1.0
0.0,589.0,1.0,492.0,127.0,0.0,549.0,228.0,1.0,492.0,175.0,1041.0,589.0,118.0,0.0,1.0,229.0,117.0,0.0,0.0,228.0,0.0,1.0,201.0,869.2314375616089,95.0,547.0,0.0,0.0,452.0,1.0,0.0,1.0
0.0,0.0,0.0,134.0,28.0,389.0,255.0,0.0,3.0,134.0,0.0,389.0,0.0,0.0,0.0,0.0,0.0,0.0,1.0,0.0,0.0,0.0,3.0,134.0,788.258696840136,0.0,255.0,0.0,0.0,389.0,1.0,0.0,1.0
0.0,0.0,0.0,0.0,0.0,0.0,0.0,0.0,1.0,134.0,0.0,0.0,0.0,0.0,0.0,0.0,0.0,0.0,0.0,0.0,0.0,0.0,1.0,0.0,711.655694960853,0.0,0.0,0.0,0.0,0.0,0.0,0.0,1.0
0.0,852.0,1.0,726.0,51.0,0.0,126.0,417.0,4.0,726.0,170.0,852.0,852.0,170.0,0.0,0.0,417.0,170.0,0.0,0.0,417.0,2.0,4.0,139.0,760.2697129613572,0.0,125.0,0.0,0.0,0.0,0.0,0.0,1.0
0.0,0.0,0.0,170.0,12.0,120.0,0.0,417.0,3.0,611.0,0.0,170.0,0.0,0.0,0.0,0.0,417.0,0.0,1.0,0.0,0.0,0.0,3.0,0.0,704.5805438707989,0.0,0.0,0.0,0.0,170.0,1.0,0.0,1.0
0.0,0.0,0.0,0.0,0.0,0.0,0.0,0.0,1.0,134.0,0.0,0.0,0.0,0.0,0.0,0.0,0.0,0.0,0.0,0.0,0.0,0.0,1.0,0.0,711.655694960853,0.0,0.0,0.0,0.0,0.0,0.0,0.0,1.0
0.0,0.0,0.0,0.0,0.0,0.0,0.0,417.0,5.0,579.0,0.0,0.0,0.0,0.0,0.0,0.0,417.0,0.0,0.0,0.0,0.0,0.0,5.0,0.0,747.4949387192787,0.0,0.0,0.0,0.0,0.0,0.0,0.0,1.0
0.0,516.0,1.0,351.0,57.0,114.0,279.0,114.0,2.0,351.0,154.0,630.0,516.0,103.0,0.0,0.0,115.0,103.0,1.0,0.0,114.0,0.0,2.0,201.0,796.6865540457782,0.0,278.0,0.0,0.0,114.0,1.0,0.0,1.0
0.0,0.0,0.0,134.0,28.0,0.0,97.0,0.0,1.0,134.0,0.0,231.0,0.0,0.0,231.0,0.0,0.0,0.0,0.0,0.0,0.0,0.0,1.0,134.0,743.1708434696594,0.0,97.0,0.0,0.0,231.0,1.0,0.0,1.0
0.0,916.0,1.0,652.0,111.0,310.0,574.0,163.0,2.0,652.0,274.0,1226.0,916.0,183.0,0.0,0.0,164.0,183.0,1.0,0.0,163.0,0.0,2.0,201.0,892.3187288676908,0.0,573.0,0.0,0.0,310.0,1.0,0.0,1.0
0.0,0.0,0.0,0.0,0.0,0.0,0.0,417.0,2.0,551.0,0.0,0.0,0.0,0.0,0.0,0.0,417.0,0.0,0.0,0.0,0.0,0.0,2.0,0.0,705.4012962642042,0.0,0.0,0.0,0.0,0.0,0.0,0.0,1.0
0.0,1015.0,1.0,337.0,92.0,0.0,678.0,0.0,2.0,337.0,203.0,1015.0,1015.0,203.0,0.0,0.0,0.0,203.0,0.0,0.0,0.0,0.0,2.0,134.0,926.0073359137072,0.0,678.0,0.0,0.0,0.0,0.0,0.0,1.0
0.0,0.0,0.0,134.0,28.0,0.0,97.0,0.0,1.0,134.0,0.0,231.0,0.0,0.0,231.0,0.0,0.0,0.0,0.0,0.0,0.0,0.0,1.0,134.0,743.1708434696594,0.0,97.0,0.0,0.0,231.0,1.0,0.0,1.0
0.0,0.0,0.0,248.0,77.0,0.0,380.0,114.0,1.0,248.0,0.0,628.0,0.0,0.0,0.0,0.0,114.0,0.0,0.0,1.0,114.0,0.0,1.0,201.0,835.5428305209961,427.0,380.0,0.0,0.0,628.0,1.0,0.0,1.0
0.0,0.0,0.0,389.0,28.0,389.0,0.0,322.0,3.0,456.0,0.0,389.0,0.0,0.0,0.0,0.0,322.0,0.0,1.0,0.0,255.0,0.0,3.0,134.0,704.5805438707989,0.0,0.0,0.0,0.0,389.0,1.0,0.0,1.0
0.0,0.0,0.0,191.0,30.0,0.0,308.0,52.0,4.0,191.0,0.0,499.0,0.0,0.0,0.0,1.0,52.0,0.0,0.0,0.0,52.0,0.0,4.0,191.0,818.9530929645381,0.0,308.0,0.0,0.0,499.0,0.0,0.0,1.0
55.0,0.0,0.0,390.0,78.0,0.0,246.0,256.0,1.0,390.0,0.0,636.0,0.0,0.0,0.0,1.0,256.0,0.0,0.0,0.0,256.0,0.0,1.0,201.0,792.0736601413167,0.0,246.0,55.0,0.0,636.0,0.0,0.0,1.0
0.0,0.0,0.0,607.0,66.0,0.0,308.0,417.0,3.0,607.0,0.0,915.0,0.0,0.0,0.0,0.0,417.0,0.0,0.0,0.0,417.0,0.0,3.0,134.0,804.5596357299704,0.0,308.0,0.0,0.0,915.0,0.0,0.0,1.0
23.0,0.0,0.0,407.0,67.0,0.0,517.0,273.0,3.0,407.0,0.0,924.0,0.0,0.0,0.0,0.0,273.0,0.0,0.0,2.0,273.0,0.0,3.0,201.0,873.0235790684296,529.0,517.0,23.0,0.0,924.0,0.0,0.0,1.0
0.0,1032.0,1.0,368.0,60.0,144.0,808.0,0.0,5.0,368.0,206.0,1176.0,1032.0,206.0,0.0,0.0,0.0,206.0,1.0,0.0,0.0,1.0,5.0,162.0,1010.4834194773224,0.0,807.0,0.0,0.0,144.0,1.0,0.0,1.0
32.0,0.0,0.0,267.0,88.0,0.0,455.0,133.0,1.0,267.0,0.0,722.0,0.0,0.0,0.0,0.0,133.0,0.0,0.0,1.0,133.0,0.0,1.0,201.0,860.537603482452,0.0,455.0,32.0,0.0,722.0,0.0,0.0,1.0
0.0,0.0,0.0,427.0,96.0,0.0,906.0,293.0,3.0,427.0,0.0,1333.0,0.0,0.0,0.0,0.0,294.0,0.0,0.0,0.0,293.0,0.0,3.0,201.0,1000.170902410436,0.0,905.0,0.0,0.0,1333.0,0.0,0.0,1.0
0.0,993.0,1.0,375.0,51.0,0.0,618.0,15.0,5.0,375.0,213.0,993.0,993.0,199.0,0.0,0.0,16.0,198.0,0.0,0.0,15.0,0.0,5.0,177.0,948.5398517028032,0.0,617.0,0.0,0.0,0.0,0.0,0.0,1.0
0.0,0.0,0.0,296.0,54.0,0.0,297.0,162.0,2.0,296.0,0.0,593.0,0.0,0.0,0.0,0.0,162.0,0.0,0.0,0.0,162.0,0.0,2.0,201.0,802.1202003468474,0.0,297.0,0.0,0.0,593.0,0.0,0.0,1.0
0.0,0.0,0.0,0.0,0.0,0.0,0.0,0.0,5.0,162.0,0.0,0.0,0.0,0.0,0.0,0.0,0.0,0.0,0.0,0.0,0.0,0.0,5.0,0.0,747.4949387192787,0.0,0.0,0.0,0.0,0.0,0.0,0.0,1.0
0.0,0.0,0.0,529.0,37.0,0.0,94.0,390.0,4.0,529.0,0.0,623.0,0.0,0.0,0.0,0.0,390.0,0.0,0.0,1.0,390.0,0.0,4.0,209.0,749.4024203653986,102.0,94.0,0.0,0.0,623.0,0.0,0.0,1.0
0.0,0.0,0.0,389.0,28.0,389.0,0.0,319.0,3.0,453.0,0.0,389.0,0.0,0.0,0.0,0.0,319.0,0.0,1.0,0.0,255.0,0.0,3.0,137.0,704.5805438707989,0.0,0.0,0.0,0.0,389.0,1.0,0.0,1.0
35.0,0.0,0.0,307.0,90.0,0.0,431.0,123.0,1.0,307.0,0.0,738.0,0.0,0.0,0.0,1.0,124.0,0.0,0.0,0.0,123.0,0.0,1.0,201.0,851.8437694056047,0.0,430.0,35.0,0.0,738.0,0.0,0.0,1.0
111.0,0.0,0.0,601.0,91.0,0.0,146.0,467.0,1.0,601.0,0.0,747.0,0.0,0.0,0.0,0.0,467.0,0.0,0.0,1.0,467.0,0.0,1.0,201.0,759.4717823678724,0.0,146.0,111.0,0.0,747.0,0.0,0.0,1.0
0.0,800.0,1.0,663.0,86.0,389.0,526.0,369.0,3.0,663.0,240.0,1189.0,800.0,160.0,0.0,0.0,370.0,160.0,1.0,0.0,369.0,0.0,3.0,201.0,876.2837668501633,0.0,526.0,0.0,0.0,389.0,1.0,0.0,1.0
0.0,0.0,0.0,531.0,74.0,0.0,72.0,397.0,1.0,531.0,0.0,603.0,0.0,0.0,0.0,1.0,398.0,0.0,0.0,0.0,397.0,0.0,1.0,201.0,735.5637386627385,12.0,72.0,0.0,0.0,603.0,1.0,0.0,1.0
0.0,0.0,0.0,556.0,63.0,0.0,494.0,417.0,4.0,556.0,0.0,1050.0,0.0,0.0,0.0,0.0,417.0,0.0,0.0,0.0,417.0,0.0,4.0,151.0,879.8099314956145,0.0,494.0,0.0,0.0,1050.0,0.0,0.0,1.0
0.0,1744.0,1.0,600.0,105.0,0.0,1144.0,0.0,4.0,600.0,348.0,1744.0,1744.0,349.0,0.0,0.0,0.0,348.0,0.0,0.0,0.0,0.0,4.0,139.0,1091.722137065039,0.0,1143.0,0.0,0.0,0.0,0.0,0.0,1.0
0.0,267.0,1.0,187.0,33.0,0.0,80.0,0.0,1.0,187.0,53.0,267.0,0.0,53.0,0.0,0.0,0.0,53.0,0.0,0.0,0.0,0.0,1.0,134.0,838.5087080920408,0.0,79.0,0.0,0.0,0.0,0.0,0.0,1.0
0.0,1094.0,1.0,443.0,108.0,0.0,1351.0,0.0,4.0,443.0,218.0,1794.0,1094.0,219.0,0.0,0.0,0.0,218.0,0.0,0.0,0.0,0.0,4.0,139.0,879.1617500890543,0.0,1350.0,0.0,0.0,700.0,0.0,0.0,1.0
401.0,903.0,1.0,759.0,46.0,0.0,144.0,417.0,5.0,759.0,180.0,903.0,0.0,181.0,0.0,0.0,417.0,180.0,0.0,0.0,417.0,0.0,5.0,162.0,705.3048327537418,0.0,143.0,401.0,0.0,0.0,0.0,0.0,1.0
0.0,0.0,0.0,134.0,14.0,200.0,66.0,0.0,3.0,134.0,0.0,200.0,0.0,0.0,0.0,0.0,0.0,0.0,1.0,0.0,0.0,0.0,3.0,134.0,757.1962553826708,0.0,66.0,0.0,0.0,200.0,1.0,0.0,1.0
0.0,0.0,0.0,411.0,110.0,0.0,795.0,277.0,2.0,411.0,0.0,1206.0,0.0,0.0,0.0,1.0,277.0,0.0,0.0,0.0,277.0,0.0,2.0,201.0,884.3019468367343,0.0,795.0,0.0,0.0,1206.0,1.0,0.0,1.0
0.0,1114.0,1.0,659.0,80.0,0.0,455.0,303.0,3.0,659.0,333.0,1114.0,1114.0,223.0,0.0,0.0,304.0,222.0,0.0,0.0,303.0,0.0,3.0,201.0,804.3505090732408,0.0,453.0,0.0,0.0,0.0,0.0,0.0,1.0
0.0,215.0,1.0,426.0,39.0,211.0,0.0,345.0,2.0,522.0,0.0,426.0,172.0,43.0,0.0,0.0,346.0,43.0,1.0,0.0,249.0,0.0,2.0,105.0,787.9783004089886,0.0,0.0,0.0,0.0,211.0,1.0,0.0,1.0
0.0,1582.0,1.0,953.0,95.0,0.0,629.0,207.0,4.0,953.0,474.0,1582.0,1582.0,316.0,0.0,0.0,207.0,316.0,0.0,0.0,207.0,0.0,4.0,209.0,792.1077432756941,0.0,628.0,0.0,0.0,0.0,0.0,0.0,1.0
11.0,0.0,0.0,0.0,0.0,0.0,0.0,232.0,1.0,366.0,0.0,0.0,0.0,0.0,0.0,0.0,232.0,0.0,0.0,0.0,0.0,0.0,1.0,0.0,828.8360406683341,0.0,0.0,11.0,0.0,0.0,0.0,0.0,1.0
0.0,1006.0,1.0,435.0,91.0,0.0,571.0,100.0,2.0,435.0,301.0,1006.0,1006.0,201.0,0.0,0.0,100.0,201.0,0.0,0.0,100.0,0.0,2.0,201.0,856.8960558028987,0.0,570.0,0.0,0.0,0.0,0.0,0.0,1.0
0.0,0.0,0.0,0.0,0.0,0.0,0.0,417.0,2.0,551.0,0.0,0.0,0.0,0.0,0.0,0.0,417.0,0.0,0.0,0.0,0.0,0.0,2.0,0.0,787.9783004089886,0.0,0.0,0.0,0.0,0.0,0.0,0.0,1.0
0.0,0.0,0.0,134.0,84.0,0.0,790.0,0.0,2.0,134.0,0.0,924.0,0.0,0.0,0.0,0.0,0.0,0.0,0.0,2.0,0.0,0.0,2.0,134.0,883.4958912180921,32.0,790.0,0.0,0.0,924.0,1.0,0.0,1.0
0.0,960.0,1.0,328.0,69.0,0.0,632.0,2.0,3.0,328.0,194.0,960.0,960.0,192.0,0.0,0.0,2.0,192.0,0.0,0.0,2.0,0.0,3.0,136.0,825.7109829672597,0.0,632.0,0.0,0.0,0.0,0.0,0.0,1.0
207.0,1114.0,1.0,937.0,80.0,0.0,177.0,381.0,3.0,937.0,333.0,1114.0,1114.0,223.0,0.0,0.0,381.0,222.0,0.0,0.0,381.0,0.0,3.0,201.0,770.4961730902675,0.0,176.0,207.0,0.0,0.0,0.0,0.0,1.0
0.0,0.0,0.0,273.0,33.0,0.0,0.0,162.0,1.0,296.0,0.0,273.0,0.0,0.0,0.0,0.0,163.0,0.0,0.0,1.0,139.0,1.0,1.0,178.0,828.8360406683341,0.0,0.0,0.0,0.0,273.0,0.0,0.0,1.0
0.0,666.0,1.0,267.0,92.0,0.0,1002.0,0.0,3.0,267.0,133.0,1269.0,666.0,133.0,0.0,1.0,0.0,133.0,0.0,0.0,0.0,0.0,3.0,134.0,870.4470698019031,603.0,1002.0,0.0,0.0,603.0,0.0,0.0,1.0
0.0,794.0,1.0,341.0,57.0,0.0,453.0,49.0,3.0,341.0,207.0,794.0,794.0,159.0,0.0,0.0,49.0,158.0,0.0,0.0,49.0,0.0,3.0,183.0,803.9474812639197,0.0,452.0,0.0,0.0,0.0,0.0,0.0,1.0
34.0,1386.0,1.0,655.0,100.0,0.0,731.0,244.0,3.0,655.0,415.0,1386.0,1386.0,277.0,0.0,0.0,245.0,277.0,0.0,0.0,244.0,0.0,3.0,201.0,837.398789437572,0.0,730.0,34.0,0.0,0.0,0.0,0.0,1.0
76.0,0.0,0.0,350.0,38.0,0.0,726.0,164.0,8.0,350.0,0.0,1076.0,0.0,0.0,0.0,1.0,164.0,0.0,0.0,0.0,164.0,0.0,8.0,279.0,681.4734252593773,603.0,726.0,76.0,0.0,1076.0,0.0,0.0,1.0
135.0,0.0,0.0,186.0,92.0,706.0,2654.0,0.0,9.0,186.0,0.0,2840.0,0.0,0.0,0.0,0.0,0.0,0.0,1.0,1.0,0.0,0.0,9.0,186.0,878.4020924994877,0.0,2654.0,135.0,0.0,2840.0,1.0,0.0,1.0
0.0,0.0,0.0,186.0,60.0,389.0,806.0,47.0,4.0,186.0,0.0,992.0,0.0,0.0,0.0,1.0,48.0,0.0,1.0,0.0,47.0,0.0,4.0,186.0,813.4682171697131,603.0,806.0,0.0,0.0,992.0,1.0,0.0,1.0
0.0,452.0,1.0,512.0,49.0,225.0,165.0,288.0,3.0,512.0,135.0,677.0,452.0,90.0,0.0,0.0,289.0,90.0,1.0,0.0,288.0,0.0,3.0,201.0,769.2870896623041,0.0,163.0,0.0,0.0,225.0,1.0,0.0,1.0
0.0,589.0,1.0,589.0,43.0,0.0,0.0,363.0,3.0,614.0,151.0,589.0,589.0,118.0,0.0,0.0,363.0,117.0,0.0,0.0,338.0,0.0,3.0,176.0,749.1356991962485,0.0,0.0,0.0,0.0,0.0,0.0,0.0,1.0
0.0,0.0,0.0,0.0,0.0,0.0,0.0,0.0,4.0,139.0,0.0,0.0,0.0,0.0,0.0,0.0,0.0,0.0,0.0,0.0,0.0,0.0,4.0,0.0,715.935487314004,0.0,0.0,0.0,0.0,0.0,0.0,0.0,1.0
0.0,1193.0,1.0,789.0,108.0,0.0,404.0,417.0,2.0,789.0,238.0,1193.0,1193.0,239.0,0.0,0.0,417.0,238.0,0.0,0.0,417.0,0.0,2.0,134.0,836.7446653368431,0.0,404.0,0.0,0.0,0.0,0.0,0.0,1.0
4.0,0.0,0.0,0.0,0.0,0.0,0.0,232.0,4.0,371.0,0.0,0.0,0.0,0.0,0.0,0.0,232.0,0.0,0.0,0.0,0.0,0.0,4.0,0.0,715.935487314004,0.0,0.0,4.0,0.0,0.0,0.0,0.0,1.0
0.0,450.0,1.0,1070.0,120.0,0.0,251.0,750.0,2.0,1070.0,135.0,1321.0,0.0,90.0,0.0,0.0,750.0,90.0,0.0,1.0,750.0,0.0,2.0,201.0,818.2053861080719,0.0,251.0,0.0,0.0,871.0,0.0,0.0,1.0
0.0,1342.0,1.0,471.0,81.0,0.0,871.0,64.0,4.0,471.0,332.0,1342.0,1342.0,268.0,0.0,0.0,65.0,268.0,0.0,0.0,64.0,0.0,4.0,203.0,821.1257455468142,0.0,869.0,0.0,0.0,0.0,0.0,0.0,1.0
0.0,0.0,0.0,540.0,74.0,0.0,63.0,406.0,1.0,540.0,0.0,603.0,0.0,0.0,0.0,1.0,406.0,0.0,0.0,0.0,406.0,0.0,1.0,201.0,836.4935690454353,603.0,63.0,0.0,0.0,603.0,1.0,0.0,1.0
49.0,1243.0,1.0,434.0,104.0,0.0,1898.0,0.0,6.0,434.0,248.0,2332.0,1243.0,249.0,0.0,1.0,0.0,248.0,0.0,0.0,0.0,1.0,6.0,186.0,878.8578870532277,566.0,1897.0,49.0,0.0,1089.0,0.0,0.0,1.0
0.0,0.0,0.0,250.0,31.0,0.0,0.0,417.0,1.0,551.0,0.0,250.0,0.0,0.0,0.0,0.0,417.0,0.0,0.0,0.0,116.0,1.0,1.0,0.0,828.8360406683341,0.0,0.0,0.0,0.0,250.0,0.0,0.0,1.0
25.0,0.0,0.0,186.0,80.0,0.0,1837.0,0.0,7.0,186.0,0.0,2023.0,0.0,0.0,0.0,0.0,0.0,0.0,0.0,1.0,0.0,0.0,7.0,186.0,851.3000645014788,0.0,1837.0,25.0,0.0,2023.0,0.0,0.0,1.0
0.0,843.0,1.0,644.0,77.0,0.0,199.0,167.0,2.0,644.0,252.0,843.0,843.0,169.0,0.0,0.0,167.0,168.0,0.0,0.0,167.0,0.0,2.0,201.0,812.1599689682553,0.0,198.0,0.0,0.0,0.0,1.0,0.0,1.0
0.0,0.0,0.0,323.0,50.0,231.0,511.0,184.0,4.0,323.0,0.0,834.0,0.0,0.0,0.0,1.0,184.0,0.0,1.0,0.0,184.0,1.0,4.0,208.0,777.5987421401342,603.0,510.0,0.0,0.0,834.0,1.0,0.0,1.0
725.0,1049.0,1.0,343.0,95.0,0.0,972.0,0.0,3.0,343.0,209.0,1315.0,1049.0,210.0,0.0,0.0,0.0,209.0,0.0,0.0,0.0,0.0,3.0,134.0,866.8198195180131,0.0,971.0,725.0,0.0,266.0,0.0,0.0,1.0
0.0,0.0,0.0,259.0,76.0,231.0,575.0,125.0,2.0,259.0,0.0,834.0,0.0,0.0,0.0,1.0,125.0,0.0,1.0,0.0,125.0,0.0,2.0,201.0,857.7021114215408,603.0,575.0,0.0,0.0,834.0,1.0,0.0,1.0
0.0,875.0,1.0,314.0,81.0,469.0,1030.0,0.0,4.0,314.0,175.0,1344.0,875.0,175.0,0.0,0.0,0.0,175.0,1.0,0.0,0.0,0.0,4.0,139.0,840.4710803942276,0.0,1030.0,0.0,0.0,469.0,1.0,0.0,1.0
0.0,328.0,1.0,472.0,52.0,389.0,245.0,273.0,3.0,472.0,98.0,717.0,0.0,66.0,0.0,0.0,273.0,65.0,1.0,0.0,273.0,0.0,3.0,201.0,778.9597570860108,0.0,244.0,0.0,0.0,389.0,1.0,0.0,1.0
0.0,0.0,0.0,0.0,0.0,0.0,0.0,0.0,4.0,139.0,0.0,0.0,0.0,0.0,0.0,0.0,0.0,0.0,0.0,0.0,0.0,0.0,4.0,0.0,715.935487314004,0.0,0.0,0.0,0.0,0.0,0.0,0.0,1.0
0.0,1178.0,1.0,485.0,85.0,0.0,693.0,0.0,3.0,485.0,235.0,1178.0,1178.0,236.0,0.0,0.0,0.0,235.0,0.0,0.0,0.0,0.0,3.0,134.0,832.9654835350398,0.0,692.0,0.0,0.0,0.0,0.0,0.0,1.0
0.0,830.0,1.0,334.0,43.0,0.0,496.0,6.0,5.0,334.0,172.0,830.0,0.0,167.0,0.0,0.0,115.0,166.0,0.0,0.0,6.0,0.0,5.0,168.0,748.0257805417797,0.0,496.0,0.0,0.0,0.0,0.0,0.0,1.0
0.0,0.0,0.0,252.0,23.0,0.0,0.0,366.0,2.0,500.0,0.0,252.0,0.0,0.0,0.0,0.0,366.0,0.0,0.0,0.0,118.0,0.0,2.0,0.0,787.9783004089885,0.0,0.0,0.0,0.0,252.0,0.0,0.0,1.0
0.0,1150.0,1.0,364.0,105.0,0.0,786.0,0.0,2.0,364.0,230.0,1150.0,1150.0,230.0,0.0,0.0,0.0,230.0,0.0,0.0,0.0,0.0,2.0,134.0,883.092863408771,0.0,786.0,0.0,0.0,0.0,0.0,0.0,1.0
0.0,0.0,0.0,256.0,28.0,389.0,133.0,122.0,3.0,256.0,0.0,389.0,0.0,0.0,0.0,0.0,123.0,0.0,1.0,0.0,122.0,0.0,3.0,201.0,765.256811569093,0.0,133.0,0.0,0.0,389.0,1.0,0.0,1.0
0.0,0.0,0.0,134.0,28.0,310.0,176.0,0.0,2.0,134.0,0.0,310.0,0.0,0.0,0.0,0.0,0.0,0.0,1.0,0.0,0.0,0.0,2.0,134.0,809.3387743030074,0.0,176.0,0.0,0.0,310.0,1.0,0.0,1.0
0.0,174.0,1.0,242.0,44.0,310.0,242.0,74.0,2.0,242.0,51.0,484.0,114.0,35.0,0.0,0.0,74.0,34.0,1.0,0.0,74.0,0.0,2.0,201.0,817.3993304894298,0.0,241.0,0.0,0.0,310.0,1.0,0.0,1.0
275.0,718.0,1.0,874.0,80.0,0.0,464.0,417.0,4.0,874.0,197.0,1338.0,718.0,144.0,0.0,0.0,417.0,143.0,0.0,0.0,417.0,3.0,4.0,191.0,771.9563528096386,0.0,463.0,275.0,0.0,620.0,0.0,0.0,1.0
0.0,0.0,0.0,389.0,28.0,389.0,0.0,417.0,3.0,551.0,0.0,389.0,0.0,0.0,0.0,0.0,417.0,0.0,1.0,0.0,255.0,0.0,3.0,0.0,749.1356991962485,0.0,0.0,0.0,0.0,389.0,1.0,0.0,1.0
0.0,0.0,0.0,0.0,0.0,0.0,0.0,0.0,1.0,134.0,0.0,0.0,0.0,0.0,0.0,0.0,0.0,0.0,0.0,0.0,0.0,0.0,1.0,0.0,828.8360406683341,0.0,0.0,0.0,0.0,0.0,0.0,0.0,1.0
0.0,0.0,0.0,144.0,97.0,0.0,920.0,10.0,2.0,144.0,0.0,1064.0,0.0,0.0,0.0,1.0,10.0,0.0,0.0,0.0,10.0,0.0,2.0,144.0,898.4079201629733,0.0,920.0,0.0,0.0,1064.0,0.0,0.0,1.0
0.0,200.0,1.0,200.0,24.0,0.0,0.0,219.0,1.0,393.0,0.0,200.0,200.0,40.0,0.0,0.0,219.0,40.0,0.0,0.0,26.0,0.0,1.0,8.0,828.8360406683341,0.0,0.0,0.0,0.0,0.0,0.0,0.0,1.0
0.0,0.0,0.0,366.0,60.0,231.0,468.0,232.0,3.0,366.0,0.0,834.0,0.0,0.0,0.0,1.0,232.0,0.0,1.0,0.0,232.0,0.0,3.0,201.0,805.5595925012042,603.0,468.0,0.0,0.0,834.0,1.0,0.0,1.0
0.0,0.0,0.0,310.0,28.0,310.0,0.0,184.0,2.0,333.0,0.0,310.0,0.0,0.0,0.0,0.0,185.0,0.0,1.0,0.0,161.0,0.0,2.0,178.0,787.9783004089886,0.0,0.0,0.0,0.0,310.0,1.0,0.0,1.0
0.0,0.0,0.0,146.0,78.0,231.0,707.0,12.0,2.0,146.0,0.0,853.0,0.0,0.0,0.0,1.0,12.0,0.0,1.0,0.0,12.0,0.0,2.0,146.0,873.4201959850643,169.0,708.0,0.0,0.0,853.0,1.0,0.0,1.0
29.0,0.0,0.0,134.0,98.0,0.0,668.0,0.0,1.0,134.0,0.0,802.0,0.0,0.0,0.0,1.0,0.0,0.0,0.0,0.0,0.0,0.0,1.0,134.0,887.2750730198953,0.0,668.0,29.0,0.0,802.0,0.0,0.0,1.0
0.0,0.0,0.0,169.0,76.0,0.0,456.0,35.0,1.0,169.0,0.0,625.0,0.0,0.0,0.0,0.0,36.0,0.0,0.0,1.0,35.0,0.0,1.0,169.0,884.0508505453265,0.0,455.0,0.0,0.0,625.0,0.0,0.0,1.0
0.0,1102.0,1.0,354.0,100.0,0.0,748.0,0.0,2.0,354.0,220.0,1102.0,1102.0,220.0,0.0,0.0,0.0,220.0,0.0,0.0,0.0,0.0,2.0,134.0,878.2565296969176,0.0,748.0,0.0,0.0,0.0,0.0,0.0,1.0
42.0,24.0,1.0,391.0,32.0,469.0,148.0,205.0,4.0,391.0,6.0,539.0,24.0,5.0,0.0,0.0,206.0,4.0,1.0,0.0,205.0,0.0,4.0,208.0,733.6687109241329,0.0,146.0,42.0,0.0,515.0,1.0,0.0,1.0
0.0,703.0,1.0,691.0,106.0,0.0,173.0,417.0,1.0,691.0,140.0,864.0,0.0,141.0,161.0,0.0,417.0,140.0,0.0,0.0,417.0,0.0,1.0,134.0,849.793486753032,0.0,173.0,0.0,0.0,161.0,1.0,0.0,1.0
33.0,0.0,0.0,219.0,71.0,0.0,557.0,85.0,2.0,219.0,0.0,776.0,0.0,0.0,0.0,0.0,85.0,0.0,0.0,1.0,85.0,0.0,2.0,201.0,855.2839445656142,0.0,557.0,33.0,0.0,776.0,0.0,0.0,1.0
0.0,0.0,0.0,0.0,0.0,0.0,0.0,0.0,4.0,139.0,0.0,0.0,0.0,0.0,0.0,0.0,0.0,0.0,0.0,0.0,0.0,0.0,4.0,0.0,715.935487314004,0.0,0.0,0.0,0.0,0.0,0.0,0.0,1.0
0.0,0.0,0.0,134.0,74.0,0.0,469.0,0.0,1.0,134.0,0.0,603.0,0.0,0.0,0.0,1.0,0.0,0.0,0.0,0.0,0.0,0.0,1.0,134.0,885.662961782611,603.0,469.0,0.0,0.0,603.0,1.0,0.0,1.0
0.0,0.0,0.0,556.0,48.0,0.0,244.0,417.0,4.0,556.0,0.0,800.0,0.0,0.0,0.0,0.0,417.0,0.0,0.0,0.0,417.0,0.0,4.0,139.0,745.3565173944452,0.0,244.0,0.0,0.0,800.0,0.0,0.0,1.0
0.0,0.0,0.0,271.0,25.0,0.0,150.0,132.0,4.0,271.0,0.0,421.0,0.0,0.0,0.0,0.0,132.0,0.0,0.0,0.0,132.0,0.0,4.0,209.0,734.0717387334541,0.0,151.0,0.0,0.0,421.0,0.0,0.0,1.0
0.0,0.0,0.0,134.0,61.0,0.0,714.0,0.0,3.0,134.0,0.0,848.0,0.0,0.0,0.0,1.0,0.0,0.0,0.0,0.0,0.0,0.0,3.0,134.0,835.3836503909664,0.0,714.0,0.0,0.0,848.0,0.0,0.0,1.0
1006.0,0.0,0.0,394.0,110.0,0.0,504.0,155.0,1.0,394.0,0.0,898.0,0.0,0.0,0.0,0.0,155.0,0.0,0.0,1.0,155.0,0.0,1.0,201.0,887.2750730198953,0.0,504.0,1006.0,0.0,898.0,1.0,0.0,1.0
0.0,692.0,1.0,411.0,72.0,0.0,583.0,139.0,3.0,411.0,207.0,994.0,692.0,138.0,0.0,0.0,139.0,138.0,0.0,0.0,139.0,0.0,3.0,201.0,819.6655658274431,0.0,583.0,0.0,0.0,302.0,0.0,0.0,1.0
0.0,0.0,0.0,429.0,74.0,0.0,174.0,295.0,1.0,429.0,0.0,603.0,0.0,0.0,0.0,1.0,296.0,0.0,0.0,0.0,295.0,0.0,1.0,201.0,849.793486753032,603.0,173.0,0.0,0.0,603.0,1.0,0.0,1.0
1642.0,0.0,0.0,208.0,108.0,0.0,671.0,74.0,1.0,208.0,0.0,879.0,0.0,0.0,0.0,0.0,75.0,0.0,0.0,1.0,74.0,0.0,1.0,201.0,887.2750730198954,0.0,671.0,1642.0,0.0,879.0,0.0,0.0,1.0
0.0,454.0,1.0,341.0,41.0,0.0,113.0,117.0,2.0,341.0,135.0,454.0,454.0,91.0,0.0,0.0,117.0,90.0,0.0,0.0,117.0,0.0,2.0,201.0,801.6812459259064,0.0,112.0,0.0,0.0,0.0,0.0,0.0,1.0
25.0,0.0,0.0,100.0,12.0,0.0,0.0,94.0,1.0,228.0,0.0,100.0,0.0,0.0,0.0,0.0,0.0,0.0,0.0,0.0,0.0,0.0,1.0,56.0,828.8360406683341,0.0,0.0,25.0,0.0,100.0,0.0,0.0,1.0
0.0,0.0,0.0,0.0,0.0,0.0,0.0,0.0,1.0,134.0,0.0,0.0,0.0,0.0,0.0,0.0,0.0,0.0,0.0,0.0,0.0,0.0,1.0,0.0,828.8360406683341,0.0,0.0,0.0,0.0,0.0,0.0,0.0,1.0
0.0,1613.0,1.0,609.0,117.0,0.0,1004.0,153.0,3.0,609.0,475.0,1613.0,1613.0,323.0,0.0,0.0,154.0,322.0,0.0,0.0,153.0,0.0,3.0,201.0,870.4470698019031,0.0,1002.0,0.0,0.0,0.0,0.0,0.0,1.0
0.0,0.0,0.0,231.0,28.0,0.0,0.0,183.0,1.0,317.0,0.0,231.0,0.0,0.0,231.0,0.0,184.0,0.0,0.0,0.0,97.0,0.0,1.0,115.0,828.8360406683342,0.0,0.0,0.0,0.0,231.0,1.0,0.0,1.0
0.0,577.0,1.0,666.0,52.0,140.0,51.0,417.0,3.0,666.0,142.0,717.0,577.0,115.0,0.0,0.0,417.0,115.0,1.0,0.0,417.0,0.0,3.0,170.0,755.1811163360652,0.0,51.0,0.0,0.0,140.0,1.0,0.0,1.0
0.0,1182.0,1.0,911.0,71.0,0.0,271.0,287.0,4.0,911.0,354.0,1182.0,1182.0,236.0,0.0,0.0,287.0,236.0,0.0,0.0,287.0,0.0,4.0,209.0,748.5807398690141,0.0,271.0,0.0,0.0,0.0,0.0,0.0,1.0
0.0,0.0,0.0,501.0,74.0,0.0,102.0,367.0,1.0,501.0,0.0,603.0,0.0,0.0,0.0,1.0,367.0,0.0,0.0,0.0,367.0,0.0,1.0,201.0,841.3299027572887,603.0,101.0,0.0,0.0,603.0,1.0,0.0,1.0
0.0,0.0,0.0,429.0,99.0,0.0,377.0,295.0,1.0,429.0,0.0,806.0,0.0,0.0,0.0,0.0,295.0,0.0,0.0,1.0,295.0,0.0,1.0,201.0,874.3781831216198,0.0,377.0,0.0,0.0,806.0,0.0,0.0,1.0
302.0,0.0,0.0,329.0,87.0,0.0,379.0,195.0,1.0,329.0,0.0,708.0,0.0,0.0,0.0,0.0,195.0,0.0,0.0,1.0,195.0,0.0,1.0,201.0,874.7812109309409,0.0,379.0,302.0,0.0,708.0,0.0,0.0,1.0
0.0,1499.0,1.0,433.0,108.0,0.0,1066.0,0.0,3.0,433.0,299.0,1499.0,1499.0,300.0,0.0,0.0,0.0,299.0,0.0,0.0,0.0,0.0,3.0,134.0,878.1045981790043,0.0,1065.0,0.0,0.0,0.0,0.0,0.0,1.0
0.0,0.0,0.0,0.0,0.0,0.0,0.0,417.0,1.0,551.0,0.0,0.0,0.0,0.0,0.0,0.0,417.0,0.0,0.0,0.0,0.0,0.0,1.0,0.0,828.8360406683341,0.0,0.0,0.0,0.0,0.0,0.0,0.0,1.0
0.0,602.0,1.0,654.0,49.0,359.0,307.0,372.0,5.0,654.0,180.0,961.0,602.0,120.0,0.0,0.0,373.0,120.0,1.0,0.0,372.0,0.0,5.0,243.0,725.0531954104763,0.0,306.0,0.0,0.0,359.0,1.0,0.0,1.0
11.0,1518.0,1.0,636.0,91.0,0.0,882.0,194.0,4.0,636.0,455.0,1518.0,1518.0,304.0,0.0,0.0,194.0,303.0,0.0,0.0,194.0,0.0,4.0,209.0,822.7378567840987,0.0,881.0,11.0,0.0,0.0,0.0,0.0,1.0
86.0,1120.0,1.0,461.0,81.0,0.0,884.0,98.0,4.0,461.0,322.0,1345.0,1120.0,224.0,0.0,0.0,79.0,224.0,0.0,0.0,98.0,0.0,4.0,209.0,822.7378567840987,0.0,865.0,86.0,0.0,225.0,0.0,0.0,1.0
0.0,0.0,0.0,0.0,0.0,0.0,0.0,0.0,1.0,134.0,0.0,0.0,0.0,0.0,0.0,0.0,0.0,0.0,0.0,0.0,0.0,0.0,1.0,0.0,828.8360406683341,0.0,0.0,0.0,0.0,0.0,0.0,0.0,1.0
170.0,0.0,0.0,602.0,68.0,0.0,337.0,468.0,3.0,602.0,0.0,939.0,0.0,0.0,0.0,0.0,468.0,0.0,0.0,2.0,468.0,0.0,3.0,201.0,789.8415079376808,0.0,336.0,170.0,0.0,939.0,0.0,0.0,1.0
0.0,0.0,0.0,466.0,70.0,310.0,497.0,332.0,3.0,466.0,0.0,963.0,0.0,0.0,0.0,1.0,333.0,0.0,1.0,0.0,332.0,0.0,3.0,201.0,809.1868427850942,603.0,497.0,0.0,0.0,963.0,1.0,0.0,1.0
0.0,0.0,0.0,322.0,48.0,0.0,71.0,188.0,1.0,322.0,0.0,393.0,0.0,0.0,0.0,0.0,189.0,0.0,0.0,0.0,188.0,0.0,1.0,201.0,837.2996246640776,0.0,71.0,0.0,0.0,393.0,0.0,0.0,1.0
0.0,0.0,0.0,258.0,25.0,0.0,92.0,124.0,3.0,258.0,0.0,350.0,0.0,0.0,0.0,0.0,124.0,0.0,0.0,0.0,124.0,0.0,3.0,201.0,760.4204778572397,0.0,92.0,0.0,0.0,350.0,0.0,0.0,1.0
0.0,813.0,1.0,713.0,74.0,0.0,100.0,417.0,2.0,713.0,167.0,813.0,813.0,163.0,0.0,0.0,417.0,162.0,0.0,0.0,417.0,0.0,2.0,134.0,800.069134688622,0.0,99.0,0.0,0.0,0.0,0.0,0.0,1.0
0.0,1245.0,1.0,383.0,113.0,0.0,862.0,0.0,2.0,383.0,249.0,1245.0,1245.0,249.0,0.0,0.0,0.0,249.0,0.0,0.0,0.0,0.0,2.0,134.0,892.3625030231565,0.0,862.0,0.0,0.0,0.0,0.0,0.0,1.0
0.0,48.0,1.0,48.0,4.0,0.0,0.0,417.0,2.0,560.0,0.0,48.0,48.0,9.0,0.0,0.0,417.0,9.0,0.0,0.0,0.0,0.0,2.0,0.0,787.9783004089886,0.0,0.0,0.0,0.0,0.0,0.0,0.0,1.0
0.0,96.0,1.0,153.0,17.0,93.0,36.0,0.0,2.0,153.0,19.0,189.0,96.0,19.0,0.0,0.0,0.0,19.0,1.0,0.0,0.0,0.0,2.0,134.0,792.4116063115208,0.0,36.0,0.0,0.0,93.0,1.0,0.0,1.0
0.0,293.0,1.0,534.0,81.0,0.0,587.0,342.0,3.0,534.0,87.0,1121.0,293.0,59.0,0.0,0.0,343.0,58.0,0.0,0.0,342.0,0.0,3.0,201.0,820.0685936367643,0.0,585.0,0.0,0.0,828.0,0.0,0.0,1.0
0.0,0.0,0.0,139.0,28.0,469.0,330.0,0.0,4.0,139.0,0.0,469.0,0.0,0.0,0.0,0.0,0.0,0.0,1.0,0.0,0.0,0.0,4.0,139.0,755.8352404367942,0.0,330.0,0.0,0.0,469.0,1.0,0.0,1.0
5.0,0.0,0.0,139.0,19.0,310.0,171.0,0.0,4.0,139.0,0.0,310.0,0.0,0.0,0.0,0.0,0.0,0.0,1.0,0.0,0.0,0.0,4.0,139.0,736.4899055893808,0.0,171.0,5.0,0.0,310.0,1.0,0.0,1.0
0.0,594.0,1.0,594.0,30.0,0.0,0.0,417.0,5.0,697.0,31.0,594.0,594.0,119.0,0.0,0.0,417.0,118.0,0.0,0.0,314.0,0.0,5.0,97.0,687.974636952934,0.0,0.0,0.0,0.0,0.0,0.0,0.0,1.0
0.0,0.0,0.0,347.0,32.0,0.0,95.0,213.0,3.0,347.0,0.0,442.0,0.0,0.0,0.0,0.0,213.0,0.0,0.0,0.0,213.0,0.0,3.0,201.0,760.8235056665608,0.0,95.0,0.0,0.0,442.0,0.0,0.0,1.0
0.0,1165.0,1.0,372.0,70.0,0.0,793.0,0.0,4.0,372.0,233.0,1165.0,1165.0,233.0,0.0,0.0,0.0,233.0,0.0,0.0,0.0,0.0,4.0,139.0,811.8561059324287,0.0,793.0,0.0,0.0,0.0,0.0,0.0,1.0
0.0,122.0,1.0,298.0,36.0,176.0,0.0,412.0,1.0,570.0,0.0,298.0,0.0,24.0,0.0,0.0,412.0,24.0,1.0,0.0,140.0,0.0,1.0,0.0,828.8360406683341,0.0,0.0,0.0,0.0,176.0,1.0,0.0,1.0
0.0,0.0,0.0,261.0,76.0,0.0,362.0,127.0,1.0,261.0,0.0,623.0,0.0,0.0,0.0,1.0,128.0,0.0,0.0,0.0,127.0,0.0,1.0,201.0,872.7660718843354,322.0,362.0,0.0,0.0,623.0,1.0,0.0,1.0
0.0,486.0,1.0,486.0,59.0,0.0,0.0,417.0,1.0,648.0,0.0,486.0,486.0,97.0,0.0,0.0,417.0,97.0,0.0,0.0,255.0,0.0,1.0,0.0,828.8360406683341,0.0,0.0,0.0,0.0,0.0,0.0,0.0,1.0
0.0,0.0,0.0,22.0,3.0,0.0,0.0,0.0,1.0,134.0,0.0,22.0,0.0,0.0,0.0,0.0,0.0,0.0,0.0,0.0,0.0,0.0,1.0,22.0,828.8360406683341,0.0,0.0,0.0,0.0,22.0,0.0,0.0,1.0
0.0,0.0,0.0,494.0,74.0,0.0,109.0,360.0,1.0,494.0,0.0,603.0,0.0,0.0,0.0,1.0,361.0,0.0,0.0,0.0,360.0,0.0,1.0,201.0,842.1359583759308,603.0,109.0,0.0,0.0,603.0,1.0,0.0,1.0
0.0,0.0,0.0,316.0,76.0,231.0,518.0,182.0,2.0,316.0,0.0,834.0,0.0,0.0,0.0,1.0,182.0,0.0,1.0,0.0,182.0,0.0,2.0,201.0,850.4476108537609,603.0,518.0,0.0,0.0,834.0,1.0,0.0,1.0
0.0,1331.0,1.0,447.0,80.0,0.0,884.0,0.0,4.0,447.0,266.0,1331.0,1331.0,266.0,0.0,0.0,0.0,266.0,0.0,0.0,0.0,0.0,4.0,139.0,822.7378567840987,0.0,884.0,0.0,0.0,0.0,0.0,0.0,1.0
0.0,980.0,1.0,330.0,89.0,0.0,650.0,0.0,2.0,330.0,196.0,980.0,980.0,196.0,0.0,0.0,0.0,196.0,0.0,0.0,0.0,0.0,2.0,134.0,866.5687232266054,0.0,650.0,0.0,0.0,0.0,0.0,0.0,1.0
0.0,215.0,1.0,208.0,26.0,0.0,7.0,31.0,1.0,208.0,65.0,215.0,215.0,43.0,0.0,0.0,31.0,43.0,0.0,0.0,31.0,0.0,1.0,165.0,829.6420962869764,0.0,7.0,0.0,0.0,0.0,0.0,0.0,1.0
0.0,0.0,0.0,431.0,74.0,0.0,172.0,297.0,1.0,431.0,0.0,603.0,0.0,0.0,0.0,1.0,293.0,0.0,0.0,0.0,297.0,0.0,1.0,201.0,849.793486753032,603.0,172.0,0.0,0.0,603.0,1.0,0.0,1.0
0.0,0.0,0.0,265.0,74.0,0.0,338.0,131.0,1.0,265.0,0.0,603.0,0.0,0.0,0.0,1.0,132.0,0.0,0.0,0.0,131.0,0.0,1.0,201.0,869.5418494097664,603.0,338.0,0.0,0.0,603.0,1.0,0.0,1.0
0.0,0.0,0.0,431.0,74.0,0.0,172.0,297.0,1.0,431.0,0.0,603.0,0.0,0.0,0.0,0.0,298.0,0.0,0.0,1.0,297.0,0.0,1.0,201.0,849.793486753032,603.0,172.0,0.0,0.0,603.0,1.0,0.0,1.0
0.0,1118.0,1.0,649.0,123.0,0.0,1402.0,0.0,4.0,649.0,223.0,2051.0,1118.0,224.0,0.0,1.0,0.0,223.0,0.0,0.0,0.0,0.0,4.0,139.0,858.7897970861114,65.0,1401.0,0.0,0.0,933.0,0.0,0.0,1.0
0.0,0.0,0.0,309.0,28.0,310.0,1.0,175.0,2.0,309.0,0.0,310.0,0.0,0.0,0.0,0.0,175.0,0.0,1.0,0.0,175.0,0.0,2.0,201.0,832.1458618118128,0.0,1.0,0.0,0.0,310.0,1.0,0.0,1.0
0.0,0.0,0.0,497.0,28.0,627.0,130.0,311.0,6.0,497.0,0.0,627.0,0.0,0.0,0.0,0.0,221.0,0.0,1.0,0.0,311.0,0.0,6.0,279.0,754.4832496252719,0.0,221.0,0.0,0.0,627.0,1.0,0.0,1.0
0.0,492.0,1.0,492.0,45.0,0.0,0.0,417.0,2.0,649.0,0.0,492.0,492.0,98.0,0.0,0.0,417.0,98.0,0.0,0.0,260.0,0.0,2.0,0.0,832.1458618118128,0.0,0.0,0.0,0.0,0.0,0.0,0.0,1.0
0.0,0.0,0.0,310.0,28.0,310.0,0.0,244.0,2.0,378.0,0.0,310.0,0.0,0.0,0.0,0.0,244.0,0.0,1.0,0.0,176.0,0.0,2.0,133.0,832.1458618118128,0.0,0.0,0.0,0.0,310.0,1.0,0.0,1.0
0.0,225.0,1.0,271.0,40.0,170.0,174.0,92.0,2.0,271.0,68.0,445.0,225.0,45.0,0.0,0.0,92.0,45.0,1.0,0.0,92.0,0.0,2.0,201.0,840.7763118780069,0.0,175.0,0.0,0.0,220.0,1.0,0.0,1.0
158.0,0.0,0.0,360.0,54.0,0.0,385.0,226.0,3.0,360.0,0.0,745.0,0.0,0.0,0.0,1.0,227.0,0.0,0.0,0.0,226.0,0.0,3.0,201.0,828.6218548005254,0.0,385.0,158.0,0.0,745.0,0.0,0.0,1.0
0.0,1479.0,1.0,857.0,66.0,0.0,622.0,166.0,6.0,857.0,443.0,1479.0,1479.0,296.0,0.0,0.0,166.0,295.0,0.0,0.0,166.0,0.0,6.0,279.0,779.0468382752092,0.0,621.0,0.0,0.0,0.0,0.0,0.0,1.0
583.0,0.0,0.0,275.0,55.0,0.0,172.0,141.0,1.0,275.0,0.0,447.0,0.0,0.0,0.0,0.0,141.0,0.0,0.0,1.0,141.0,0.0,1.0,201.0,864.3827123125537,0.0,172.0,583.0,0.0,447.0,0.0,0.0,1.0
0.0,0.0,0.0,148.0,26.0,0.0,143.0,14.0,2.0,148.0,0.0,291.0,0.0,0.0,0.0,0.0,0.0,0.0,0.0,1.0,14.0,0.0,2.0,148.0,839.282580135781,0.0,143.0,0.0,0.0,291.0,0.0,0.0,1.0
0.0,0.0,0.0,603.0,74.0,0.0,0.0,472.0,1.0,606.0,0.0,603.0,0.0,0.0,0.0,1.0,473.0,0.0,0.0,0.0,469.0,0.0,1.0,198.0,855.7522622463596,603.0,0.0,0.0,0.0,603.0,1.0,0.0,1.0
818.0,0.0,0.0,134.0,80.0,0.0,743.0,0.0,2.0,134.0,0.0,877.0,0.0,0.0,0.0,0.0,0.0,0.0,0.0,1.0,0.0,0.0,2.0,134.0,869.1572149802993,0.0,743.0,818.0,0.0,877.0,0.0,0.0,1.0
350.0,0.0,0.0,310.0,28.0,126.0,0.0,288.0,2.0,422.0,0.0,310.0,0.0,0.0,0.0,0.0,287.0,0.0,1.0,0.0,176.0,0.0,2.0,89.0,832.1458618118128,0.0,0.0,350.0,0.0,310.0,1.0,0.0,1.0
1038.0,0.0,0.0,62.0,4.0,0.0,0.0,632.0,3.0,766.0,0.0,62.0,0.0,0.0,0.0,1.0,400.0,0.0,0.0,0.0,0.0,0.0,3.0,0.0,809.3693123451693,0.0,0.0,1038.0,0.0,62.0,0.0,0.0,1.0
0.0,0.0,0.0,149.0,79.0,0.0,499.0,15.0,1.0,149.0,0.0,648.0,0.0,0.0,0.0,0.0,15.0,0.0,0.0,1.0,15.0,0.0,1.0,149.0,879.8179403155548,0.0,499.0,0.0,0.0,648.0,0.0,0.0,1.0
0.0,0.0,0.0,0.0,0.0,0.0,0.0,232.0,5.0,394.0,0.0,0.0,0.0,0.0,0.0,0.0,0.0,0.0,0.0,0.0,0.0,0.0,5.0,0.0,770.6209913486892,0.0,0.0,0.0,0.0,0.0,0.0,0.0,1.0
534.0,1675.0,1.0,482.0,100.0,0.0,1193.0,8.0,4.0,482.0,343.0,1675.0,1675.0,335.0,0.0,0.0,9.0,335.0,0.0,0.0,8.0,0.0,4.0,147.0,848.3336748905301,0.0,1192.0,534.0,0.0,0.0,0.0,0.0,1.0
716.0,1038.0,1.0,478.0,94.0,0.0,560.0,0.0,2.0,478.0,207.0,1038.0,1038.0,208.0,0.0,0.0,0.0,207.0,0.0,0.0,0.0,1.0,2.0,134.0,860.0288543333631,0.0,559.0,716.0,0.0,0.0,0.0,0.0,1.0
0.0,0.0,0.0,431.0,74.0,0.0,172.0,297.0,1.0,431.0,0.0,603.0,0.0,0.0,0.0,1.0,297.0,0.0,0.0,0.0,297.0,0.0,1.0,201.0,864.3827123125537,0.0,171.0,0.0,0.0,603.0,0.0,0.0,1.0
1996.0,0.0,0.0,282.0,104.0,0.0,566.0,148.0,1.0,282.0,0.0,848.0,0.0,0.0,0.0,0.0,148.0,0.0,0.0,1.0,148.0,0.0,1.0,201.0,879.8179403155548,0.0,566.0,1996.0,0.0,848.0,0.0,0.0,1.0
0.0,0.0,0.0,331.0,74.0,0.0,272.0,197.0,1.0,331.0,0.0,603.0,0.0,0.0,0.0,1.0,198.0,0.0,0.0,0.0,197.0,0.0,1.0,201.0,869.3618181199733,603.0,272.0,0.0,0.0,603.0,1.0,0.0,1.0
0.0,386.0,1.0,216.0,49.0,0.0,594.0,0.0,4.0,216.0,77.0,810.0,0.0,77.0,0.0,0.0,0.0,77.0,0.0,0.0,0.0,0.0,4.0,139.0,818.4590400460119,0.0,594.0,0.0,0.0,424.0,0.0,0.0,1.0
0.0,0.0,0.0,134.0,28.0,310.0,176.0,0.0,2.0,134.0,0.0,310.0,0.0,0.0,0.0,0.0,0.0,0.0,1.0,0.0,0.0,2.0,2.0,134.0,840.9422820715876,0.0,176.0,0.0,0.0,310.0,1.0,0.0,1.0
0.0,0.0,0.0,134.0,111.0,0.0,1092.0,0.0,2.0,134.0,0.0,1226.0,0.0,0.0,0.0,1.0,0.0,0.0,0.0,1.0,0.0,0.0,2.0,134.0,877.6216948529127,670.0,1092.0,0.0,0.0,1226.0,1.0,0.0,1.0
0.0,808.0,1.0,348.0,32.0,0.0,460.0,1.0,7.0,348.0,162.0,808.0,750.0,162.0,0.0,0.0,2.0,161.0,0.0,0.0,1.0,0.0,7.0,187.0,755.7723782278238,0.0,459.0,0.0,0.0,0.0,0.0,0.0,1.0
0.0,50.0,1.0,50.0,4.0,0.0,0.0,232.0,3.0,376.0,0.0,50.0,0.0,10.0,0.0,0.0,232.0,10.0,0.0,0.0,0.0,0.0,3.0,0.0,809.3693123451693,0.0,0.0,0.0,0.0,0.0,0.0,0.0,1.0
0.0,1550.0,1.0,625.0,93.0,0.0,925.0,176.0,4.0,625.0,465.0,1550.0,1550.0,310.0,0.0,0.0,176.0,310.0,0.0,0.0,176.0,0.0,4.0,208.0,835.0560594040776,0.0,925.0,0.0,0.0,0.0,0.0,0.0,1.0
0.0,1238.0,1.0,409.0,74.0,0.0,1029.0,0.0,5.0,409.0,247.0,1438.0,1238.0,248.0,0.0,0.0,0.0,247.0,0.0,0.0,0.0,0.0,5.0,162.0,821.9057811651121,0.0,1029.0,0.0,0.0,200.0,0.0,0.0,1.0
0.0,0.0,0.0,154.0,19.0,318.0,164.0,15.0,4.0,154.0,0.0,318.0,0.0,0.0,0.0,0.0,16.0,0.0,1.0,0.0,15.0,0.0,4.0,154.0,797.0488850741071,0.0,164.0,0.0,0.0,318.0,1.0,0.0,1.0
78.0,890.0,1.0,674.0,64.0,0.0,216.0,84.0,3.0,674.0,262.0,890.0,890.0,178.0,0.0,0.0,84.0,178.0,0.0,0.0,84.0,0.0,3.0,201.0,820.157374927912,0.0,216.0,78.0,0.0,0.0,0.0,0.0,1.0
281.0,0.0,0.0,134.0,84.0,0.0,790.0,0.0,2.0,134.0,0.0,924.0,0.0,0.0,0.0,0.0,0.0,0.0,0.0,2.0,0.0,0.0,2.0,134.0,871.4807976904284,543.0,790.0,281.0,0.0,924.0,1.0,0.0,1.0
0.0,323.0,1.0,792.0,127.0,0.0,2042.0,0.0,6.0,792.0,64.0,2834.0,323.0,65.0,0.0,0.0,0.0,64.0,0.0,0.0,0.0,0.0,6.0,186.0,849.750140740569,465.0,2041.0,0.0,0.0,2511.0,0.0,0.0,1.0
7.0,360.0,1.0,206.0,73.0,0.0,600.0,0.0,2.0,206.0,72.0,806.0,0.0,72.0,0.0,0.0,0.0,72.0,0.0,0.0,0.0,0.0,2.0,134.0,862.020496656331,0.0,600.0,7.0,0.0,446.0,0.0,0.0,1.0
1723.0,0.0,0.0,242.0,74.0,0.0,361.0,108.0,1.0,242.0,0.0,603.0,0.0,0.0,0.0,1.0,109.0,0.0,0.0,0.0,108.0,0.0,1.0,201.0,873.6770431530705,603.0,361.0,1723.0,0.0,603.0,1.0,0.0,1.0
0.0,0.0,0.0,134.0,28.0,310.0,176.0,0.0,2.0,134.0,0.0,310.0,0.0,0.0,0.0,0.0,0.0,0.0,1.0,0.0,0.0,0.0,2.0,134.0,840.9422820715876,0.0,176.0,0.0,0.0,310.0,1.0,0.0,1.0
0.0,0.0,0.0,579.0,32.0,0.0,47.0,417.0,5.0,579.0,0.0,626.0,0.0,0.0,0.0,0.0,417.0,0.0,0.0,0.0,417.0,0.0,5.0,162.0,772.9445740588184,0.0,47.0,0.0,0.0,626.0,0.0,0.0,1.0
0.0,0.0,0.0,134.0,76.0,0.0,489.0,0.0,1.0,134.0,0.0,623.0,0.0,0.0,0.0,1.0,0.0,0.0,0.0,0.0,0.0,0.0,1.0,134.0,879.8179403155548,397.0,489.0,0.0,0.0,623.0,1.0,0.0,1.0
0.0,1561.0,1.0,656.0,94.0,0.0,905.0,131.0,4.0,656.0,443.0,1561.0,1561.0,312.0,0.0,0.0,131.0,312.0,0.0,0.0,131.0,0.0,4.0,209.0,834.0602382425936,0.0,905.0,0.0,0.0,0.0,0.0,0.0,1.0
0.0,0.0,0.0,186.0,65.0,0.0,342.0,52.0,1.0,186.0,0.0,528.0,0.0,0.0,0.0,0.0,52.0,0.0,0.0,1.0,52.0,0.0,1.0,186.0,872.8471921851672,0.0,342.0,0.0,0.0,528.0,0.0,0.0,1.0
0.0,0.0,0.0,134.0,23.0,0.0,116.0,0.0,2.0,134.0,0.0,250.0,0.0,0.0,0.0,0.0,0.0,0.0,0.0,0.0,0.0,0.0,2.0,134.0,837.9548185871357,0.0,116.0,0.0,0.0,250.0,0.0,0.0,1.0
0.0,1548.0,1.0,747.0,112.0,0.0,801.0,304.0,3.0,747.0,463.0,1548.0,1548.0,310.0,0.0,0.0,305.0,309.0,0.0,0.0,304.0,0.0,3.0,201.0,849.2021588045269,0.0,800.0,0.0,0.0,0.0,0.0,0.0,1.0
0.0,0.0,0.0,231.0,28.0,0.0,0.0,403.0,1.0,537.0,0.0,231.0,0.0,0.0,231.0,0.0,404.0,0.0,0.0,0.0,97.0,0.0,1.0,0.0,855.7522622463596,0.0,0.0,0.0,0.0,231.0,1.0,0.0,1.0
0.0,1708.0,1.0,480.0,102.0,0.0,1228.0,0.0,4.0,480.0,341.0,1708.0,1708.0,342.0,0.0,0.0,0.0,341.0,0.0,0.0,0.0,0.0,4.0,139.0,849.9933768263367,0.0,1227.0,0.0,0.0,0.0,0.0,0.0,1.0
26.0,0.0,0.0,134.0,28.0,389.0,255.0,0.0,3.0,134.0,0.0,389.0,0.0,0.0,0.0,0.0,0.0,0.0,1.0,0.0,0.0,0.0,3.0,134.0,822.1490172508799,0.0,255.0,26.0,0.0,389.0,1.0,0.0,1.0
0.0,177.0,1.0,177.0,22.0,0.0,0.0,228.0,1.0,397.0,0.0,177.0,177.0,35.0,0.0,0.0,214.0,35.0,0.0,0.0,8.0,0.0,1.0,0.0,855.7522622463596,0.0,0.0,0.0,0.0,0.0,0.0,0.0,1.0
0.0,0.0,0.0,376.0,92.0,0.0,638.0,242.0,2.0,376.0,0.0,1014.0,0.0,0.0,0.0,1.0,242.0,0.0,0.0,0.0,242.0,0.0,2.0,201.0,863.8461687857182,603.0,638.0,0.0,0.0,1014.0,0.0,0.0,1.0
0.0,0.0,0.0,524.0,82.0,0.0,148.0,240.0,1.0,524.0,0.0,672.0,0.0,0.0,0.0,0.0,240.0,0.0,0.0,1.0,240.0,0.0,1.0,201.0,863.0549507639084,0.0,148.0,0.0,0.0,672.0,0.0,0.0,1.0
10.0,0.0,0.0,140.0,28.0,469.0,329.0,1.0,4.0,140.0,0.0,469.0,0.0,0.0,0.0,0.0,0.0,0.0,1.0,0.0,1.0,0.0,4.0,140.0,805.34739475314,0.0,330.0,10.0,0.0,469.0,1.0,0.0,1.0
1409.0,0.0,0.0,185.0,22.0,0.0,56.0,51.0,2.0,185.0,0.0,241.0,0.0,0.0,0.0,0.0,52.0,0.0,0.0,0.0,51.0,0.0,2.0,185.0,834.9673551026839,0.0,56.0,909.0,500.0,241.0,0.0,0.0,1.0
1074.0,487.0,1.0,487.0,60.0,0.0,0.0,304.0,1.0,535.0,98.0,487.0,487.0,97.0,0.0,0.0,304.0,97.0,0.0,0.0,256.0,0.0,1.0,153.0,855.7522622463596,0.0,0.0,1074.0,0.0,0.0,0.0,0.0,1.0
0.0,0.0,0.0,0.0,0.0,0.0,0.0,417.0,2.0,551.0,0.0,0.0,0.0,0.0,0.0,0.0,417.0,0.0,0.0,0.0,0.0,0.0,2.0,0.0,832.1458618118128,0.0,0.0,0.0,0.0,0.0,0.0,0.0,1.0
0.0,0.0,0.0,446.0,76.0,0.0,177.0,312.0,1.0,446.0,0.0,623.0,0.0,0.0,0.0,0.0,312.0,0.0,0.0,1.0,312.0,0.0,1.0,201.0,864.5486825061344,105.0,176.0,0.0,0.0,623.0,1.0,0.0,1.0
0.0,0.0,0.0,290.0,74.0,0.0,313.0,156.0,1.0,290.0,0.0,603.0,0.0,0.0,0.0,1.0,157.0,0.0,0.0,0.0,156.0,0.0,1.0,201.0,871.3534604429412,603.0,313.0,0.0,0.0,603.0,1.0,0.0,1.0
95.0,474.0,1.0,465.0,76.0,0.0,152.0,237.0,1.0,465.0,141.0,617.0,474.0,95.0,0.0,0.0,238.0,94.0,0.0,0.0,237.0,1.0,1.0,201.0,863.3868911510698,0.0,150.0,95.0,0.0,143.0,0.0,0.0,1.0
0.0,806.0,1.0,671.0,58.0,0.0,135.0,376.0,3.0,671.0,241.0,806.0,806.0,161.0,0.0,0.0,377.0,161.0,0.0,0.0,376.0,0.0,3.0,201.0,816.1740902819762,0.0,135.0,0.0,0.0,0.0,0.0,0.0,1.0
0.0,1660.0,1.0,586.0,100.0,0.0,1074.0,115.0,4.0,586.0,447.0,1660.0,1660.0,332.0,0.0,0.0,114.0,332.0,0.0,0.0,115.0,1.0,4.0,208.0,842.3587479216264,0.0,1074.0,0.0,0.0,0.0,0.0,0.0,1.0
0.0,1539.0,1.0,866.0,79.0,0.0,673.0,397.0,5.0,866.0,461.0,1539.0,1539.0,308.0,0.0,0.0,397.0,307.0,0.0,0.0,397.0,0.0,5.0,243.0,804.1469704519819,0.0,672.0,0.0,0.0,0.0,0.0,0.0,1.0
0.0,0.0,0.0,439.0,56.0,0.0,179.0,305.0,2.0,439.0,0.0,618.0,0.0,0.0,0.0,0.0,305.0,0.0,0.0,0.0,305.0,0.0,2.0,201.0,841.1082522651682,0.0,179.0,0.0,0.0,618.0,0.0,0.0,1.0
0.0,0.0,0.0,249.0,76.0,0.0,374.0,115.0,1.0,249.0,0.0,623.0,0.0,0.0,0.0,1.0,115.0,0.0,0.0,0.0,115.0,0.0,1.0,201.0,874.3409239273931,252.0,373.0,0.0,0.0,623.0,1.0,0.0,1.0
0.0,0.0,0.0,152.0,55.0,310.0,761.0,13.0,4.0,152.0,0.0,913.0,0.0,0.0,0.0,1.0,13.0,0.0,1.0,0.0,13.0,0.0,4.0,152.0,826.7575497250447,603.0,761.0,0.0,0.0,913.0,0.0,0.0,1.0
100.0,720.0,1.0,489.0,65.0,0.0,231.0,211.0,2.0,489.0,216.0,720.0,720.0,144.0,0.0,0.0,211.0,144.0,0.0,0.0,211.0,1.0,2.0,201.0,843.597805168878,0.0,231.0,100.0,0.0,0.0,0.0,0.0,1.0
0.0,0.0,0.0,0.0,0.0,0.0,0.0,417.0,3.0,551.0,0.0,0.0,0.0,0.0,0.0,0.0,417.0,0.0,0.0,0.0,0.0,0.0,3.0,0.0,809.3693123451693,0.0,0.0,0.0,0.0,0.0,0.0,0.0,1.0
0.0,1056.0,1.0,350.0,100.0,0.0,1309.0,0.0,4.0,350.0,211.0,1659.0,1056.0,211.0,0.0,1.0,0.0,211.0,0.0,0.0,0.0,0.0,4.0,139.0,854.1426316658531,603.0,1309.0,0.0,0.0,603.0,0.0,0.0,1.0
0.0,376.0,1.0,376.0,46.0,0.0,0.0,298.0,1.0,507.0,0.0,376.0,0.0,75.0,0.0,0.0,298.0,75.0,0.0,0.0,167.0,0.0,1.0,70.0,855.7522622463596,0.0,0.0,0.0,0.0,0.0,0.0,0.0,1.0
0.0,0.0,0.0,198.0,25.0,626.0,428.0,12.0,7.0,198.0,0.0,626.0,0.0,0.0,0.0,0.0,12.0,0.0,1.0,0.0,12.0,1.0,7.0,198.0,754.1126762920172,0.0,428.0,0.0,0.0,626.0,1.0,0.0,1.0
0.0,420.0,1.0,420.0,38.0,0.0,0.0,381.0,2.0,599.0,0.0,420.0,420.0,84.0,0.0,0.0,381.0,84.0,0.0,0.0,202.0,0.0,2.0,22.0,832.1458618118128,0.0,0.0,0.0,0.0,0.0,0.0,0.0,1.0
0.0,1724.0,1.0,483.0,103.0,0.0,1241.0,0.0,4.0,483.0,344.0,1724.0,1724.0,345.0,0.0,0.0,0.0,344.0,0.0,0.0,0.0,0.0,4.0,139.0,850.6572576006592,0.0,1240.0,0.0,0.0,0.0,0.0,0.0,1.0
1107.0,0.0,0.0,134.0,107.0,0.0,744.0,0.0,1.0,134.0,0.0,878.0,0.0,0.0,0.0,0.0,0.0,0.0,0.0,1.0,0.0,0.0,1.0,134.0,879.8179403155548,0.0,744.0,1107.0,0.0,878.0,0.0,0.0,1.0
0.0,0.0,0.0,125.0,9.0,0.0,0.0,0.0,3.0,134.0,0.0,125.0,0.0,0.0,0.0,0.0,0.0,0.0,0.0,0.0,0.0,0.0,3.0,125.0,809.3693123451693,0.0,0.0,0.0,0.0,125.0,0.0,0.0,1.0
0.0,0.0,0.0,238.0,94.0,0.0,531.0,104.0,1.0,238.0,0.0,769.0,0.0,0.0,0.0,0.0,105.0,0.0,0.0,1.0,104.0,0.0,1.0,201.0,879.8179403155548,0.0,531.0,0.0,0.0,769.0,0.0,0.0,1.0
0.0,1552.0,1.0,557.0,93.0,0.0,995.0,0.0,4.0,557.0,310.0,1552.0,1552.0,310.0,0.0,0.0,0.0,310.0,0.0,0.0,0.0,0.0,4.0,139.0,838.5414334692713,0.0,995.0,0.0,0.0,0.0,0.0,0.0,1.0
0.0,0.0,0.0,125.0,9.0,75.0,0.0,417.0,3.0,551.0,0.0,125.0,0.0,0.0,0.0,0.0,417.0,0.0,1.0,0.0,0.0,0.0,3.0,0.0,809.3693123451693,0.0,0.0,0.0,0.0,125.0,1.0,0.0,1.0
0.0,262.0,1.0,186.0,108.0,0.0,699.0,0.0,1.0,186.0,52.0,885.0,262.0,52.0,0.0,0.0,0.0,52.0,0.0,1.0,0.0,0.0,1.0,134.0,879.8179403155548,116.0,699.0,0.0,0.0,623.0,1.0,0.0,1.0
0.0,2150.0,1.0,592.0,110.0,0.0,1558.0,0.0,5.0,592.0,430.0,2150.0,2150.0,430.0,0.0,0.0,0.0,430.0,0.0,0.0,0.0,0.0,5.0,162.0,848.1290717508559,0.0,1558.0,0.0,0.0,0.0,0.0,0.0,1.0
0.0,559.0,1.0,419.0,40.0,0.0,140.0,174.0,3.0,419.0,167.0,559.0,0.0,112.0,0.0,0.0,174.0,111.0,0.0,0.0,174.0,0.0,3.0,201.0,816.3400604755568,0.0,139.0,0.0,0.0,0.0,0.0,0.0,1.0
0.0,0.0,0.0,286.0,28.0,310.0,24.0,152.0,2.0,286.0,0.0,310.0,0.0,0.0,0.0,0.0,152.0,0.0,1.0,0.0,152.0,0.0,2.0,201.0,833.3076531668773,0.0,24.0,0.0,0.0,310.0,1.0,0.0,1.0
665.0,0.0,0.0,405.0,76.0,0.0,218.0,271.0,1.0,405.0,0.0,623.0,0.0,0.0,0.0,0.0,272.0,0.0,0.0,1.0,271.0,0.0,1.0,201.0,866.5403248291022,32.0,217.0,665.0,0.0,623.0,1.0,0.0,1.0
452.0,667.0,1.0,371.0,82.0,0.0,296.0,104.0,1.0,371.0,200.0,667.0,667.0,133.0,0.0,0.0,105.0,133.0,0.0,0.0,104.0,0.0,1.0,201.0,870.523609475038,0.0,294.0,452.0,0.0,0.0,0.0,0.0,1.0
0.0,0.0,0.0,134.0,94.0,0.0,634.0,0.0,1.0,134.0,0.0,768.0,0.0,0.0,0.0,1.0,0.0,0.0,0.0,0.0,0.0,0.0,1.0,134.0,879.8179403155548,0.0,634.0,0.0,0.0,768.0,0.0,0.0,1.0
0.0,0.0,0.0,134.0,28.0,389.0,255.0,0.0,3.0,134.0,0.0,389.0,0.0,0.0,0.0,0.0,0.0,0.0,1.0,0.0,0.0,0.0,3.0,134.0,822.1490172508799,0.0,255.0,0.0,0.0,389.0,1.0,0.0,1.0
0.0,0.0,0.0,381.0,44.0,0.0,222.0,247.0,3.0,381.0,0.0,603.0,0.0,0.0,0.0,0.0,248.0,0.0,0.0,1.0,247.0,0.0,3.0,201.0,820.4893153150733,603.0,222.0,0.0,0.0,603.0,0.0,0.0,1.0
0.0,0.0,0.0,310.0,28.0,310.0,0.0,212.0,2.0,346.0,0.0,310.0,0.0,0.0,0.0,0.0,212.0,0.0,1.0,0.0,176.0,0.0,2.0,165.0,832.1458618118128,0.0,0.0,0.0,0.0,310.0,1.0,0.0,1.0
0.0,0.0,0.0,139.0,60.0,389.0,853.0,0.0,4.0,139.0,0.0,992.0,0.0,0.0,0.0,1.0,0.0,0.0,1.0,0.0,0.0,0.0,4.0,139.0,831.404715145303,603.0,353.0,0.0,0.0,992.0,1.0,0.0,1.0
5.0,0.0,0.0,134.0,102.0,0.0,696.0,0.0,1.0,134.0,0.0,830.0,0.0,0.0,0.0,1.0,0.0,0.0,0.0,0.0,0.0,0.0,1.0,134.0,879.8179403155548,0.0,696.0,5.0,0.0,830.0,0.0,0.0,1.0
0.0,129.0,1.0,164.0,50.0,0.0,666.0,0.0,4.0,164.0,25.0,830.0,0.0,26.0,0.0,0.0,0.0,25.0,0.0,0.0,0.0,0.0,4.0,139.0,822.1103843047863,0.0,665.0,0.0,0.0,701.0,0.0,0.0,1.0
0.0,403.0,1.0,636.0,108.0,0.0,1169.0,417.0,4.0,636.0,80.0,1805.0,0.0,81.0,0.0,0.0,417.0,80.0,0.0,0.0,417.0,0.0,4.0,139.0,847.1718835354654,0.0,1168.0,0.0,0.0,1402.0,0.0,0.0,1.0
41.0,204.0,1.0,235.0,17.0,31.0,0.0,417.0,3.0,591.0,0.0,235.0,204.0,41.0,0.0,0.0,417.0,40.0,1.0,0.0,61.0,1.0,3.0,0.0,809.3693123451693,0.0,0.0,41.0,0.0,31.0,1.0,0.0,1.0
0.0,425.0,1.0,425.0,39.0,0.0,0.0,417.0,2.0,636.0,0.0,425.0,0.0,85.0,0.0,0.0,417.0,85.0,0.0,0.0,206.0,0.0,2.0,0.0,832.1458618118128,0.0,0.0,0.0,0.0,0.0,0.0,0.0,1.0
25.0,1359.0,1.0,405.0,98.0,0.0,954.0,0.0,3.0,405.0,271.0,1359.0,1359.0,272.0,0.0,0.0,0.0,271.0,0.0,0.0,0.0,0.0,3.0,134.0,856.8367877092371,0.0,953.0,25.0,0.0,0.0,0.0,0.0,1.0
0.0,0.0,0.0,134.0,28.0,310.0,176.0,0.0,2.0,134.0,0.0,310.0,0.0,0.0,0.0,0.0,0.0,0.0,1.0,0.0,0.0,0.0,2.0,134.0,840.9422820715876,0.0,176.0,0.0,0.0,310.0,1.0,0.0,1.0
0.0,0.0,0.0,0.0,0.0,0.0,0.0,489.0,1.0,623.0,0.0,0.0,0.0,0.0,0.0,0.0,489.0,0.0,0.0,1.0,0.0,0.0,1.0,0.0,855.7522622463596,0.0,0.0,0.0,0.0,0.0,0.0,0.0,1.0
0.0,0.0,0.0,139.0,41.0,0.0,545.0,0.0,4.0,139.0,0.0,684.0,0.0,0.0,0.0,0.0,0.0,0.0,0.0,0.0,0.0,0.0,4.0,139.0,816.1354573358827,0.0,545.0,0.0,0.0,684.0,0.0,0.0,1.0
0.0,2023.0,1.0,914.0,121.0,0.0,1109.0,204.0,4.0,914.0,606.0,2023.0,2023.0,405.0,0.0,0.0,205.0,404.0,0.0,0.0,204.0,0.0,4.0,208.0,844.1844200510137,0.0,1108.0,0.0,0.0,0.0,0.0,0.0,1.0
0.0,172.0,1.0,168.0,21.0,0.0,4.0,0.0,1.0,168.0,34.0,172.0,0.0,34.0,0.0,0.0,0.0,34.0,0.0,0.0,0.0,0.0,1.0,134.0,855.9182324399402,0.0,4.0,0.0,0.0,0.0,0.0,0.0,1.0
0.0,410.0,1.0,244.0,21.0,0.0,166.0,0.0,5.0,244.0,82.0,410.0,0.0,82.0,0.0,0.0,0.0,82.0,0.0,0.0,0.0,0.0,5.0,162.0,778.919501027722,0.0,166.0,0.0,0.0,0.0,0.0,0.0,1.0
0.0,439.0,1.0,255.0,40.0,0.0,184.0,28.0,2.0,255.0,115.0,439.0,439.0,88.0,0.0,0.0,29.0,87.0,0.0,0.0,28.0,0.0,2.0,162.0,841.2742224587489,0.0,182.0,0.0,0.0,0.0,0.0,0.0,1.0
0.0,0.0,0.0,231.0,21.0,231.0,0.0,417.0,2.0,551.0,0.0,231.0,0.0,0.0,0.0,0.0,417.0,0.0,1.0,0.0,97.0,0.0,2.0,0.0,832.1458618118128,0.0,0.0,0.0,0.0,231.0,1.0,0.0,1.0
0.0,0.0,0.0,381.0,74.0,0.0,222.0,247.0,1.0,381.0,0.0,603.0,0.0,0.0,0.0,1.0,247.0,0.0,0.0,0.0,247.0,0.0,1.0,201.0,866.8722652162636,603.0,221.0,0.0,0.0,603.0,1.0,0.0,1.0
0.0,830.0,1.0,579.0,75.0,0.0,251.0,279.0,2.0,579.0,249.0,830.0,830.0,166.0,0.0,0.0,261.0,166.0,0.0,0.0,279.0,0.0,2.0,201.0,844.593626330362,0.0,283.0,0.0,0.0,0.0,0.0,0.0,1.0
0.0,0.0,0.0,134.0,28.0,389.0,255.0,0.0,3.0,134.0,0.0,389.0,0.0,0.0,0.0,0.0,0.0,0.0,1.0,0.0,0.0,0.0,3.0,134.0,822.1490172508799,0.0,255.0,0.0,0.0,389.0,1.0,0.0,1.0
0.0,199.0,1.0,199.0,24.0,0.0,0.0,219.0,1.0,392.0,0.0,199.0,0.0,40.0,0.0,0.0,0.0,39.0,0.0,0.0,26.0,0.0,1.0,8.0,855.7522622463596,0.0,0.0,0.0,0.0,0.0,0.0,0.0,1.0
0.0,215.0,1.0,215.0,20.0,0.0,0.0,410.0,2.0,587.0,0.0,215.0,0.0,43.0,0.0,0.0,410.0,43.0,0.0,0.0,38.0,0.0,2.0,0.0,832.1458618118128,0.0,0.0,0.0,0.0,0.0,0.0,0.0,1.0
0.0,0.0,0.0,0.0,0.0,0.0,0.0,0.0,1.0,134.0,0.0,0.0,0.0,0.0,0.0,0.0,0.0,0.0,0.0,0.0,0.0,0.0,1.0,0.0,855.7522622463596,0.0,0.0,0.0,0.0,0.0,0.0,0.0,1.0
0.0,1066.0,1.0,394.0,97.0,0.0,672.0,47.0,2.0,394.0,260.0,1066.0,1066.0,213.0,0.0,0.0,48.0,213.0,0.0,0.0,47.0,1.0,2.0,181.0,865.6718409151055,0.0,671.0,0.0,0.0,0.0,0.0,0.0,1.0
37.0,0.0,0.0,269.0,73.0,0.0,1151.0,107.0,5.0,269.0,0.0,1420.0,0.0,0.0,0.0,0.0,107.0,0.0,0.0,0.0,107.0,0.0,5.0,243.0,827.8807081340158,0.0,1151.0,37.0,0.0,1420.0,0.0,0.0,1.0
0.0,0.0,0.0,295.0,76.0,0.0,328.0,161.0,1.0,295.0,0.0,623.0,0.0,0.0,0.0,1.0,161.0,0.0,0.0,0.0,161.0,0.0,1.0,201.0,872.017341217264,56.0,327.0,0.0,0.0,623.0,1.0,0.0,1.0
0.0,1774.0,1.0,493.0,112.0,0.0,1368.0,0.0,4.0,493.0,354.0,1861.0,1774.0,355.0,0.0,0.0,0.0,354.0,0.0,0.0,0.0,0.0,4.0,139.0,856.9641249567243,0.0,1367.0,0.0,0.0,87.0,0.0,0.0,1.0
0.0,0.0,0.0,443.0,101.0,0.0,385.0,260.0,1.0,443.0,0.0,828.0,0.0,0.0,0.0,0.0,261.0,0.0,0.0,1.0,260.0,0.0,1.0,201.0,781.7562393965273,0.0,384.0,0.0,0.0,828.0,0.0,0.0,1.0
27.0,0.0,0.0,134.0,88.0,0.0,581.0,0.0,1.0,134.0,0.0,715.0,0.0,0.0,0.0,0.0,0.0,0.0,0.0,1.0,0.0,1.0,1.0,134.0,783.1193438480117,0.0,581.0,27.0,0.0,715.0,0.0,0.0,1.0
0.0,1434.0,1.0,750.0,116.0,0.0,1184.0,248.0,4.0,750.0,429.0,1934.0,1434.0,287.0,0.0,0.0,248.0,286.0,0.0,0.0,248.0,0.0,4.0,209.0,875.2692973726869,0.0,1183.0,0.0,0.0,500.0,0.0,0.0,1.0
0.0,1125.0,1.0,440.0,81.0,0.0,685.0,81.0,3.0,440.0,306.0,1125.0,1125.0,225.0,0.0,0.0,81.0,225.0,0.0,0.0,81.0,0.0,3.0,201.0,840.3223220380163,0.0,685.0,0.0,0.0,0.0,0.0,0.0,1.0
0.0,0.0,0.0,0.0,0.0,0.0,0.0,25.0,2.0,159.0,0.0,0.0,0.0,0.0,0.0,0.0,25.0,0.0,0.0,0.0,0.0,0.0,2.0,0.0,803.3541918270068,0.0,0.0,0.0,0.0,0.0,0.0,0.0,1.0
0.0,555.0,1.0,245.0,68.0,0.0,310.0,0.0,1.0,245.0,111.0,555.0,555.0,111.0,0.0,0.0,0.0,111.0,0.0,0.0,0.0,0.0,1.0,134.0,780.6751565556949,0.0,310.0,0.0,0.0,0.0,0.0,0.0,1.0
0.0,0.0,0.0,242.0,56.0,0.0,377.0,108.0,2.0,242.0,0.0,619.0,0.0,0.0,0.0,1.0,108.0,0.0,0.0,0.0,108.0,0.0,2.0,201.0,808.665598827618,0.0,376.0,0.0,0.0,619.0,1.0,0.0,1.0
1067.0,1165.0,1.0,615.0,84.0,0.0,550.0,248.0,3.0,615.0,350.0,1165.0,1165.0,233.0,0.0,0.0,248.0,233.0,0.0,2.0,248.0,3.0,3.0,201.0,838.3951743652281,0.0,550.0,1067.0,0.0,0.0,0.0,0.0,1.0
0.0,808.0,1.0,347.0,29.0,0.0,461.0,0.0,8.0,347.0,161.0,808.0,808.0,162.0,0.0,0.0,0.0,161.0,0.0,0.0,0.0,0.0,8.0,186.0,978.0653641141918,0.0,461.0,0.0,0.0,0.0,0.0,0.0,1.0
0.0,0.0,0.0,398.0,88.0,0.0,572.0,264.0,2.0,398.0,0.0,970.0,0.0,0.0,0.0,0.0,264.0,0.0,0.0,2.0,264.0,2.0,2.0,201.0,811.438811332362,0.0,572.0,0.0,0.0,970.0,0.0,0.0,1.0
724.0,0.0,0.0,134.0,97.0,231.0,1211.0,0.0,3.0,134.0,0.0,1345.0,0.0,0.0,0.0,0.0,0.0,0.0,1.0,0.0,0.0,1.0,3.0,134.0,847.7018875167416,0.0,1211.0,724.0,0.0,1345.0,1.0,0.0,1.0
0.0,695.0,1.0,690.0,63.0,0.0,5.0,417.0,2.0,690.0,139.0,695.0,0.0,139.0,0.0,0.0,417.0,139.0,0.0,0.0,417.0,0.0,2.0,134.0,803.4481990305575,0.0,6.0,0.0,0.0,0.0,0.0,0.0,1.0
0.0,0.0,0.0,0.0,0.0,0.0,0.0,417.0,1.0,551.0,0.0,0.0,0.0,0.0,0.0,0.0,417.0,0.0,0.0,0.0,0.0,0.0,1.0,0.0,776.3038215905901,0.0,0.0,0.0,0.0,0.0,0.0,0.0,1.0
0.0,0.0,0.0,231.0,28.0,0.0,0.0,417.0,1.0,551.0,0.0,231.0,0.0,0.0,231.0,0.0,417.0,0.0,0.0,0.0,97.0,0.0,1.0,0.0,776.3038215905901,0.0,0.0,0.0,0.0,231.0,1.0,0.0,1.0
0.0,174.0,1.0,268.0,33.0,94.0,0.0,417.0,1.0,585.0,0.0,268.0,0.0,35.0,0.0,0.0,417.0,34.0,1.0,0.0,100.0,0.0,1.0,0.0,776.3038215905901,0.0,0.0,0.0,0.0,94.0,1.0,0.0,1.0
0.0,0.0,0.0,476.0,34.0,0.0,0.0,417.0,3.0,551.0,0.0,476.0,0.0,0.0,0.0,0.0,417.0,0.0,0.0,0.0,342.0,0.0,3.0,59.0,830.6395800723001,0.0,0.0,0.0,0.0,476.0,0.0,0.0,1.0
0.0,0.0,0.0,310.0,28.0,310.0,0.0,417.0,2.0,551.0,0.0,310.0,0.0,0.0,0.0,0.0,417.0,0.0,1.0,0.0,176.0,0.0,2.0,0.0,803.3541918270068,0.0,0.0,0.0,0.0,310.0,1.0,0.0,1.0
0.0,0.0,0.0,134.0,57.0,0.0,489.0,0.0,2.0,134.0,0.0,623.0,0.0,0.0,0.0,0.0,0.0,0.0,0.0,2.0,0.0,0.0,2.0,134.0,810.263721287979,623.0,489.0,0.0,0.0,623.0,0.0,0.0,1.0
0.0,1101.0,1.0,771.0,80.0,0.0,330.0,417.0,3.0,771.0,220.0,1101.0,1101.0,220.0,0.0,0.0,417.0,220.0,0.0,0.0,417.0,0.0,3.0,134.0,835.2929366480569,0.0,330.0,0.0,0.0,0.0,0.0,0.0,1.0
0.0,0.0,0.0,438.0,26.0,438.0,0.0,417.0,4.0,556.0,0.0,438.0,0.0,0.0,0.0,0.0,417.0,0.0,1.0,0.0,299.0,0.0,4.0,21.0,858.583018742448,0.0,0.0,0.0,0.0,438.0,1.0,0.0,1.0
0.0,0.0,0.0,134.0,76.0,0.0,489.0,0.0,1.0,134.0,0.0,623.0,0.0,0.0,0.0,1.0,0.0,0.0,0.0,0.0,0.0,0.0,1.0,134.0,783.1193438480117,623.0,489.0,0.0,0.0,623.0,1.0,0.0,1.0
0.0,0.0,0.0,0.0,0.0,0.0,0.0,232.0,2.0,366.0,0.0,0.0,0.0,0.0,0.0,0.0,232.0,0.0,0.0,0.0,0.0,0.0,2.0,0.0,803.3541918270068,0.0,0.0,0.0,0.0,0.0,0.0,0.0,1.0
0.0,1036.0,1.0,837.0,75.0,0.0,199.0,388.0,3.0,837.0,310.0,1036.0,1036.0,207.0,0.0,0.0,388.0,207.0,0.0,0.0,388.0,0.0,3.0,201.0,833.4597961788194,0.0,199.0,0.0,0.0,0.0,0.0,0.0,1.0
0.0,0.0,0.0,0.0,0.0,0.0,0.0,417.0,4.0,556.0,0.0,0.0,0.0,0.0,0.0,0.0,400.0,0.0,0.0,0.0,0.0,0.0,4.0,0.0,858.5830187424478,0.0,0.0,0.0,0.0,0.0,0.0,0.0,1.0
0.0,0.0,0.0,134.0,28.0,389.0,255.0,0.0,3.0,134.0,0.0,389.0,0.0,0.0,0.0,0.0,0.0,0.0,1.0,0.0,0.0,0.0,3.0,134.0,834.2588574089998,0.0,255.0,0.0,0.0,389.0,1.0,0.0,1.0
0.0,742.0,1.0,688.0,51.0,107.0,161.0,401.0,4.0,688.0,222.0,849.0,742.0,148.0,0.0,0.0,401.0,148.0,1.0,0.0,401.0,0.0,4.0,209.0,860.8391916276634,0.0,160.0,0.0,0.0,107.0,0.0,0.0,1.0
0.0,123.0,1.0,123.0,15.0,0.0,0.0,0.0,1.0,158.0,0.0,123.0,0.0,25.0,0.0,0.0,0.0,24.0,0.0,1.0,0.0,0.0,1.0,99.0,776.3038215905901,0.0,0.0,0.0,0.0,0.0,0.0,0.0,1.0
0.0,0.0,0.0,239.0,76.0,0.0,384.0,105.0,1.0,239.0,0.0,623.0,0.0,0.0,0.0,1.0,106.0,0.0,0.0,0.0,105.0,0.0,1.0,201.0,781.7092357947521,623.0,384.0,0.0,0.0,623.0,1.0,0.0,1.0
0.0,1460.0,1.0,426.0,105.0,0.0,1034.0,0.0,3.0,426.0,292.0,1460.0,1460.0,292.0,0.0,0.0,0.0,292.0,0.0,0.0,0.0,0.0,3.0,134.0,845.2106966226496,0.0,1033.0,0.0,0.0,0.0,0.0,0.0,1.0
2085.0,0.0,0.0,198.0,108.0,310.0,1598.0,0.0,4.0,198.0,0.0,1796.0,0.0,0.0,0.0,0.0,0.0,0.0,1.0,2.0,0.0,0.0,4.0,139.0,881.0977439928266,0.0,1598.0,2085.0,0.0,1796.0,1.0,0.0,1.0
0.0,0.0,0.0,469.0,28.0,469.0,0.0,417.0,4.0,556.0,0.0,469.0,0.0,0.0,0.0,0.0,417.0,0.0,1.0,0.0,330.0,0.0,4.0,52.0,858.583018742448,0.0,0.0,0.0,0.0,469.0,1.0,0.0,1.0
0.0,0.0,0.0,0.0,0.0,0.0,0.0,0.0,2.0,134.0,0.0,0.0,0.0,0.0,0.0,0.0,0.0,0.0,0.0,0.0,0.0,0.0,2.0,0.0,803.3541918270068,0.0,0.0,0.0,0.0,0.0,0.0,0.0,1.0
0.0,0.0,0.0,151.0,79.0,0.0,492.0,17.0,1.0,151.0,0.0,643.0,0.0,0.0,0.0,0.0,18.0,0.0,0.0,1.0,17.0,0.0,1.0,151.0,783.1193438480117,19.0,491.0,0.0,0.0,643.0,1.0,0.0,1.0
0.0,0.0,0.0,211.0,79.0,0.0,432.0,77.0,1.0,211.0,0.0,643.0,0.0,0.0,0.0,0.0,78.0,0.0,0.0,1.0,77.0,0.0,1.0,201.0,782.4142898213819,329.0,432.0,0.0,0.0,643.0,1.0,0.0,1.0
0.0,1016.0,1.0,337.0,113.0,0.0,904.0,0.0,2.0,337.0,203.0,1241.0,1016.0,203.0,0.0,0.0,0.0,203.0,0.0,0.0,0.0,0.0,2.0,134.0,816.0921679081188,0.0,904.0,0.0,0.0,225.0,0.0,0.0,1.0
0.0,387.0,1.0,387.0,47.0,0.0,0.0,394.0,1.0,605.0,0.0,387.0,387.0,77.0,0.0,0.0,394.0,77.0,0.0,0.0,176.0,0.0,1.0,0.0,776.3038215905901,0.0,0.0,0.0,0.0,0.0,0.0,0.0,1.0
0.0,0.0,0.0,279.0,27.0,0.0,173.0,140.0,4.0,279.0,0.0,452.0,0.0,0.0,0.0,0.0,141.0,0.0,0.0,0.0,140.0,0.0,4.0,208.0,861.0272060347646,0.0,173.0,0.0,0.0,452.0,0.0,0.0,1.0
0.0,1032.0,1.0,629.0,39.0,0.0,453.0,237.0,8.0,629.0,309.0,1082.0,1032.0,206.0,0.0,0.0,237.0,206.0,0.0,0.0,237.0,0.0,8.0,279.0,977.971356910641,0.0,452.0,0.0,0.0,50.0,0.0,0.0,1.0
10.0,0.0,0.0,316.0,79.0,0.0,331.0,182.0,1.0,316.0,0.0,647.0,0.0,0.0,0.0,0.0,182.0,0.0,0.0,1.0,182.0,0.0,1.0,201.0,780.9571781663469,0.0,331.0,10.0,0.0,647.0,1.0,0.0,1.0
0.0,0.0,0.0,225.0,76.0,0.0,398.0,91.0,1.0,225.0,0.0,623.0,0.0,0.0,0.0,1.0,92.0,0.0,0.0,0.0,91.0,0.0,1.0,201.0,781.8972502018534,623.0,398.0,0.0,0.0,623.0,1.0,0.0,1.0
27.0,849.0,1.0,355.0,68.0,0.0,781.0,6.0,4.0,355.0,175.0,1136.0,849.0,170.0,0.0,0.0,7.0,169.0,0.0,0.0,6.0,0.0,4.0,145.0,869.581861557873,0.0,779.0,27.0,0.0,287.0,0.0,0.0,1.0
10.0,0.0,0.0,249.0,82.0,0.0,418.0,115.0,1.0,249.0,0.0,667.0,0.0,0.0,0.0,1.0,116.0,0.0,0.0,0.0,115.0,0.0,1.0,201.0,782.1792718125052,0.0,418.0,7.0,3.0,667.0,0.0,0.0,1.0
0.0,0.0,0.0,134.0,74.0,0.0,678.0,0.0,2.0,134.0,0.0,812.0,0.0,0.0,0.0,0.0,0.0,0.0,0.0,1.0,0.0,0.0,2.0,134.0,812.895922987397,0.0,678.0,0.0,0.0,812.0,0.0,0.0,1.0
0.0,0.0,0.0,134.0,106.0,0.0,1030.0,0.0,2.0,134.0,0.0,1164.0,0.0,0.0,0.0,1.0,0.0,0.0,0.0,0.0,0.0,0.0,2.0,134.0,816.2331787134448,623.0,1030.0,0.0,0.0,1164.0,0.0,0.0,1.0
0.0,728.0,1.0,611.0,66.0,0.0,117.0,332.0,2.0,611.0,217.0,728.0,728.0,146.0,0.0,0.0,333.0,145.0,0.0,0.0,332.0,0.0,2.0,201.0,804.9993178891431,0.0,116.0,0.0,0.0,0.0,0.0,0.0,1.0
0.0,166.0,1.0,166.0,20.0,0.0,0.0,94.0,1.0,261.0,0.0,166.0,0.0,33.0,0.0,0.0,0.0,33.0,0.0,0.0,0.0,0.0,1.0,106.0,776.3038215905901,0.0,0.0,0.0,0.0,0.0,0.0,0.0,1.0
0.0,0.0,0.0,0.0,0.0,0.0,0.0,0.0,1.0,134.0,0.0,0.0,0.0,0.0,0.0,0.0,0.0,0.0,0.0,0.0,0.0,0.0,1.0,0.0,776.3038215905901,0.0,0.0,0.0,0.0,0.0,0.0,0.0,1.0
0.0,1208.0,1.0,435.0,87.0,0.0,773.0,0.0,3.0,435.0,241.0,1208.0,1208.0,242.0,0.0,0.0,0.0,241.0,0.0,0.0,0.0,0.0,3.0,134.0,841.5444156841746,0.0,773.0,0.0,0.0,0.0,0.0,0.0,1.0
0.0,0.0,0.0,159.0,115.0,0.0,783.0,0.0,1.0,159.0,0.0,942.0,0.0,0.0,0.0,0.0,0.0,0.0,0.0,1.0,0.0,0.0,1.0,134.0,783.1193438480117,0.0,783.0,0.0,0.0,942.0,0.0,0.0,1.0
0.0,0.0,0.0,0.0,0.0,0.0,0.0,0.0,1.0,134.0,0.0,0.0,0.0,0.0,0.0,0.0,0.0,0.0,0.0,0.0,0.0,0.0,1.0,0.0,776.3038215905901,0.0,0.0,0.0,0.0,0.0,0.0,0.0,1.0
0.0,0.0,0.0,253.0,107.0,0.0,1530.0,60.0,4.0,253.0,0.0,1783.0,0.0,0.0,0.0,1.0,60.0,0.0,0.0,0.0,60.0,0.0,4.0,199.0,880.1576719573203,0.0,1529.0,0.0,0.0,1783.0,0.0,0.0,1.0
0.0,1062.0,1.0,763.0,77.0,0.0,299.0,417.0,3.0,763.0,286.0,1062.0,1062.0,212.0,0.0,0.0,417.0,212.0,0.0,0.0,417.0,0.0,3.0,169.0,834.869904232079,0.0,299.0,0.0,0.0,0.0,0.0,0.0,1.0
0.0,585.0,1.0,256.0,35.0,0.0,329.0,0.0,4.0,256.0,117.0,585.0,585.0,117.0,0.0,0.0,0.0,117.0,0.0,0.0,0.0,0.0,4.0,139.0,863.2363753182046,0.0,329.0,0.0,0.0,0.0,0.0,0.0,1.0
0.0,0.0,0.0,134.0,102.0,0.0,700.0,0.0,1.0,134.0,0.0,834.0,0.0,0.0,0.0,0.0,0.0,0.0,0.0,1.0,0.0,0.0,1.0,134.0,783.1193438480117,0.0,700.0,0.0,0.0,834.0,0.0,0.0,1.0
0.0,0.0,0.0,231.0,28.0,0.0,0.0,183.0,1.0,317.0,0.0,231.0,0.0,0.0,231.0,0.0,0.0,0.0,0.0,0.0,97.0,0.0,1.0,115.0,776.3038215905901,0.0,0.0,0.0,0.0,231.0,1.0,0.0,1.0
387.0,0.0,0.0,0.0,0.0,0.0,0.0,417.0,3.0,551.0,0.0,0.0,0.0,0.0,0.0,0.0,417.0,0.0,0.0,0.0,0.0,0.0,3.0,0.0,830.6395800723001,0.0,0.0,387.0,0.0,0.0,0.0,0.0,1.0
0.0,0.0,0.0,0.0,0.0,0.0,0.0,0.0,2.0,134.0,0.0,0.0,0.0,0.0,0.0,0.0,0.0,0.0,0.0,0.0,0.0,0.0,2.0,0.0,803.3541918270068,0.0,0.0,0.0,0.0,0.0,0.0,0.0,1.0
0.0,0.0,0.0,134.0,61.0,0.0,705.0,0.0,3.0,134.0,0.0,839.0,0.0,0.0,0.0,1.0,0.0,0.0,0.0,0.0,0.0,0.0,3.0,134.0,840.6043436486682,43.0,705.0,0.0,0.0,839.0,0.0,0.0,1.0
0.0,1092.0,1.0,380.0,56.0,0.0,712.0,0.0,5.0,380.0,218.0,1092.0,1092.0,218.0,0.0,0.0,0.0,218.0,0.0,0.0,0.0,0.0,5.0,162.0,897.1962750155935,0.0,712.0,0.0,0.0,0.0,0.0,0.0,1.0
0.0,0.0,0.0,193.0,76.0,0.0,430.0,59.0,1.0,193.0,0.0,623.0,0.0,0.0,0.0,1.0,59.0,0.0,0.0,0.0,59.0,0.0,1.0,193.0,782.3672862196065,623.0,430.0,0.0,0.0,623.0,1.0,0.0,1.0
169.0,1335.0,1.0,429.0,86.0,0.0,1254.0,0.0,5.0,429.0,267.0,1683.0,1335.0,267.0,0.0,1.0,0.0,267.0,0.0,0.0,0.0,0.0,5.0,162.0,904.8108585031956,0.0,1254.0,169.0,0.0,348.0,0.0,0.0,1.0
230.0,0.0,0.0,188.0,87.0,0.0,765.0,54.0,2.0,188.0,0.0,953.0,0.0,0.0,0.0,0.0,54.0,0.0,0.0,2.0,54.0,2.0,2.0,188.0,814.1650202353306,668.0,765.0,230.0,0.0,953.0,1.0,0.0,1.0
0.0,664.0,1.0,266.0,89.0,310.0,708.0,0.0,2.0,266.0,132.0,974.0,664.0,133.0,0.0,0.0,0.0,132.0,1.0,0.0,0.0,0.0,2.0,134.0,813.3189554033748,0.0,707.0,0.0,0.0,310.0,1.0,0.0,1.0
0.0,0.0,0.0,0.0,0.0,0.0,0.0,100.0,3.0,234.0,0.0,0.0,0.0,0.0,0.0,0.0,100.0,0.0,0.0,0.0,0.0,0.0,3.0,0.0,830.6395800723001,0.0,0.0,0.0,0.0,0.0,0.0,0.0,1.0
583.0,962.0,1.0,664.0,49.0,0.0,298.0,310.0,5.0,664.0,288.0,962.0,162.0,192.0,0.0,0.0,310.0,192.0,0.0,0.0,310.0,0.0,5.0,243.0,891.3208247936785,0.0,297.0,583.0,0.0,0.0,0.0,0.0,1.0
0.0,0.0,0.0,134.0,51.0,0.0,281.0,0.0,1.0,134.0,0.0,415.0,0.0,0.0,0.0,1.0,0.0,0.0,0.0,0.0,0.0,0.0,1.0,134.0,780.2521241397171,415.0,281.0,0.0,0.0,415.0,1.0,0.0,1.0
26.0,867.0,1.0,330.0,63.0,0.0,537.0,0.0,3.0,330.0,173.0,867.0,0.0,173.0,0.0,0.0,0.0,173.0,0.0,0.0,0.0,0.0,3.0,134.0,838.2071599581268,0.0,536.0,26.0,0.0,0.0,0.0,0.0,1.0
0.0,1720.0,1.0,478.0,124.0,0.0,1242.0,0.0,3.0,478.0,344.0,1720.0,1720.0,344.0,0.0,0.0,0.0,344.0,0.0,0.0,0.0,0.0,3.0,134.0,848.1719235344949,0.0,1242.0,0.0,0.0,0.0,0.0,0.0,1.0
0.0,0.0,0.0,389.0,28.0,389.0,0.0,417.0,3.0,551.0,0.0,389.0,0.0,0.0,0.0,0.0,417.0,0.0,1.0,0.0,255.0,0.0,3.0,0.0,830.6395800723001,0.0,0.0,0.0,0.0,389.0,1.0,0.0,1.0
0.0,0.0,0.0,237.0,76.0,0.0,386.0,103.0,1.0,237.0,0.0,623.0,0.0,0.0,0.0,1.0,104.0,0.0,0.0,0.0,103.0,0.0,1.0,201.0,781.7562393965273,623.0,386.0,0.0,0.0,623.0,1.0,0.0,1.0
0.0,1487.0,1.0,459.0,113.0,0.0,1742.0,0.0,5.0,459.0,297.0,2201.0,1487.0,297.0,0.0,0.0,0.0,297.0,0.0,0.0,0.0,0.0,5.0,162.0,911.7203879641678,0.0,1742.0,0.0,0.0,714.0,0.0,0.0,1.0
785.0,0.0,0.0,481.0,81.0,0.0,182.0,347.0,1.0,481.0,0.0,663.0,0.0,0.0,0.0,1.0,348.0,0.0,0.0,0.0,347.0,0.0,1.0,201.0,778.8890196882328,0.0,182.0,785.0,0.0,663.0,1.0,0.0,1.0
0.0,0.0,0.0,134.0,76.0,0.0,489.0,0.0,1.0,134.0,0.0,623.0,0.0,0.0,0.0,1.0,0.0,0.0,0.0,0.0,0.0,0.0,1.0,134.0,783.1193438480117,623.0,489.0,0.0,0.0,623.0,1.0,0.0,1.0
0.0,0.0,0.0,0.0,0.0,0.0,0.0,417.0,1.0,551.0,0.0,0.0,0.0,0.0,0.0,0.0,417.0,0.0,0.0,0.0,0.0,0.0,1.0,0.0,776.3038215905901,0.0,0.0,0.0,0.0,0.0,0.0,0.0,1.0
14.0,0.0,0.0,129.0,12.0,89.0,0.0,232.0,2.0,366.0,0.0,129.0,0.0,0.0,0.0,0.0,232.0,0.0,1.0,0.0,0.0,0.0,2.0,0.0,803.3541918270068,0.0,0.0,14.0,0.0,129.0,1.0,0.0,1.0
0.0,144.0,1.0,144.0,9.0,0.0,0.0,417.0,4.0,584.0,0.0,144.0,144.0,29.0,0.0,0.0,417.0,28.0,0.0,0.0,0.0,4.0,4.0,0.0,858.583018742448,0.0,0.0,0.0,0.0,0.0,0.0,0.0,1.0
0.0,0.0,0.0,221.0,89.0,0.0,1268.0,82.0,4.0,221.0,0.0,1489.0,0.0,0.0,0.0,1.0,82.0,0.0,0.0,0.0,82.0,0.0,4.0,209.0,876.44438741707,361.0,1268.0,0.0,0.0,1489.0,0.0,0.0,1.0
0.0,817.0,1.0,731.0,59.0,0.0,86.0,259.0,3.0,731.0,244.0,817.0,817.0,163.0,0.0,0.0,260.0,163.0,0.0,0.0,259.0,1.0,3.0,201.0,831.8616737184585,0.0,0.0,0.0,0.0,0.0,0.0,0.0,1.0
114.0,1800.0,1.0,857.0,108.0,0.0,943.0,292.0,4.0,857.0,540.0,1800.0,1800.0,360.0,0.0,0.0,292.0,360.0,0.0,0.0,292.0,0.0,4.0,208.0,871.8850380448638,0.0,943.0,114.0,0.0,0.0,0.0,0.0,1.0
882.0,0.0,0.0,0.0,0.0,0.0,0.0,417.0,1.0,551.0,0.0,0.0,0.0,0.0,0.0,0.0,417.0,0.0,0.0,0.0,0.0,0.0,1.0,0.0,776.3038215905901,0.0,0.0,882.0,0.0,0.0,0.0,0.0,1.0
0.0,0.0,0.0,556.0,48.0,577.0,644.0,370.0,7.0,556.0,0.0,1200.0,0.0,0.0,0.0,1.0,370.0,0.0,1.0,0.0,370.0,0.0,7.0,279.0,952.9891451523386,623.0,644.0,0.0,0.0,1200.0,1.0,0.0,1.0
0.0,0.0,0.0,561.0,79.0,0.0,82.0,427.0,1.0,561.0,0.0,643.0,0.0,0.0,0.0,1.0,428.0,0.0,0.0,0.0,427.0,0.0,1.0,201.0,777.4789116349732,333.0,82.0,0.0,0.0,643.0,1.0,0.0,1.0
0.0,910.0,1.0,358.0,55.0,0.0,552.0,37.0,4.0,358.0,219.0,910.0,910.0,182.0,0.0,0.0,38.0,182.0,0.0,0.0,37.0,0.0,4.0,176.0,866.3856166371512,0.0,552.0,0.0,0.0,0.0,0.0,0.0,1.0
0.0,0.0,0.0,441.0,79.0,0.0,202.0,307.0,1.0,441.0,0.0,643.0,0.0,0.0,0.0,1.0,308.0,0.0,0.0,0.0,307.0,0.0,1.0,201.0,779.1710412988847,189.0,202.0,0.0,0.0,643.0,1.0,0.0,1.0
0.0,20.0,1.0,20.0,2.0,0.0,0.0,232.0,1.0,370.0,0.0,20.0,20.0,4.0,0.0,0.0,232.0,4.0,0.0,0.0,0.0,0.0,1.0,0.0,776.3038215905901,0.0,0.0,0.0,0.0,0.0,0.0,0.0,1.0
0.0,0.0,0.0,482.0,43.0,0.0,120.0,348.0,3.0,482.0,0.0,602.0,0.0,0.0,0.0,0.0,348.0,0.0,0.0,0.0,348.0,0.0,3.0,201.0,832.3317097362117,0.0,120.0,0.0,0.0,602.0,0.0,0.0,1.0
0.0,1704.0,1.0,1243.0,68.0,0.0,461.0,417.0,7.0,1243.0,340.0,1704.0,1704.0,341.0,0.0,0.0,417.0,340.0,0.0,0.0,417.0,0.0,7.0,186.0,950.403947054696,0.0,460.0,0.0,0.0,0.0,0.0,0.0,1.0
0.0,0.0,0.0,274.0,76.0,0.0,349.0,140.0,1.0,274.0,0.0,623.0,0.0,0.0,0.0,1.0,141.0,0.0,0.0,0.0,140.0,0.0,1.0,201.0,781.2391997769988,623.0,349.0,0.0,0.0,623.0,1.0,0.0,1.0
0.0,0.0,0.0,100.0,12.0,0.0,0.0,0.0,1.0,134.0,0.0,100.0,0.0,0.0,0.0,0.0,0.0,0.0,0.0,0.0,0.0,0.0,1.0,100.0,776.3038215905901,0.0,0.0,0.0,0.0,100.0,0.0,0.0,1.0
0.0,0.0,0.0,134.0,21.0,290.0,156.0,0.0,3.0,134.0,0.0,290.0,0.0,0.0,0.0,0.0,0.0,0.0,1.0,0.0,0.0,0.0,3.0,134.0,832.8487493557402,0.0,156.0,0.0,0.0,290.0,1.0,0.0,1.0
0.0,784.0,1.0,290.0,57.0,0.0,494.0,0.0,3.0,290.0,156.0,784.0,0.0,157.0,0.0,0.0,0.0,156.0,0.0,0.0,0.0,0.0,3.0,134.0,837.5961131350476,0.0,493.0,0.0,0.0,0.0,0.0,0.0,1.0
0.0,0.0,0.0,0.0,0.0,0.0,0.0,31.0,2.0,165.0,0.0,0.0,0.0,0.0,0.0,0.0,31.0,0.0,0.0,0.0,0.0,0.0,2.0,0.0,803.3541918270068,0.0,0.0,0.0,0.0,0.0,0.0,0.0,1.0
0.0,0.0,0.0,551.0,57.0,231.0,80.0,417.0,2.0,551.0,0.0,631.0,0.0,0.0,0.0,0.0,417.0,0.0,1.0,0.0,417.0,0.0,2.0,134.0,804.4822782696145,0.0,80.0,0.0,0.0,631.0,1.0,0.0,1.0
0.0,1520.0,1.0,848.0,78.0,0.0,672.0,382.0,5.0,848.0,456.0,1520.0,1520.0,304.0,0.0,0.0,321.0,304.0,0.0,0.0,382.0,0.0,5.0,243.0,896.6322317942897,0.0,682.0,0.0,0.0,0.0,1.0,0.0,1.0
128.0,1737.0,1.0,486.0,104.0,0.0,1251.0,0.0,4.0,486.0,347.0,1737.0,1737.0,347.0,0.0,0.0,0.0,347.0,0.0,0.0,0.0,0.0,4.0,139.0,876.2093694081933,0.0,1251.0,128.0,0.0,0.0,0.0,0.0,1.0
0.0,0.0,0.0,223.0,76.0,0.0,400.0,89.0,1.0,223.0,0.0,623.0,0.0,0.0,0.0,0.0,90.0,0.0,0.0,1.0,89.0,0.0,1.0,201.0,781.9442538036286,623.0,400.0,0.0,0.0,623.0,1.0,0.0,1.0
0.0,0.0,0.0,134.0,76.0,0.0,489.0,0.0,1.0,134.0,0.0,623.0,0.0,0.0,0.0,1.0,0.0,0.0,0.0,0.0,0.0,0.0,1.0,134.0,783.1193438480117,623.0,489.0,0.0,0.0,623.0,1.0,0.0,1.0
520.0,0.0,0.0,134.0,85.0,0.0,802.0,0.0,2.0,134.0,0.0,936.0,0.0,0.0,0.0,1.0,0.0,0.0,0.0,1.0,0.0,2.0,2.0,134.0,814.6820598548592,544.0,802.0,520.0,0.0,936.0,0.0,0.0,1.0
0.0,0.0,0.0,321.0,76.0,0.0,302.0,187.0,1.0,321.0,0.0,623.0,0.0,0.0,0.0,1.0,188.0,0.0,0.0,0.0,187.0,0.0,1.0,201.0,780.5811493521444,623.0,302.0,0.0,0.0,623.0,1.0,0.0,1.0
0.0,0.0,0.0,303.0,28.0,310.0,7.0,169.0,2.0,303.0,0.0,310.0,0.0,0.0,0.0,0.0,169.0,0.0,1.0,0.0,169.0,0.0,2.0,201.0,803.4481990305575,0.0,7.0,0.0,0.0,310.0,1.0,0.0,1.0
0.0,1056.0,1.0,350.0,87.0,389.0,1095.0,0.0,4.0,350.0,211.0,1445.0,1056.0,211.0,0.0,0.0,0.0,211.0,1.0,0.0,0.0,0.0,4.0,139.0,874.0472037265286,0.0,1095.0,0.0,0.0,389.0,1.0,0.0,1.0
0.0,0.0,0.0,310.0,28.0,310.0,0.0,319.0,2.0,453.0,0.0,310.0,0.0,0.0,0.0,0.0,319.0,0.0,1.0,0.0,176.0,0.0,2.0,58.0,803.3541918270068,0.0,0.0,0.0,0.0,310.0,1.0,0.0,1.0
0.0,380.0,1.0,380.0,35.0,0.0,0.0,417.0,2.0,627.0,0.0,380.0,380.0,76.0,0.0,0.0,417.0,76.0,0.0,0.0,170.0,0.0,2.0,0.0,803.3541918270068,0.0,0.0,0.0,0.0,0.0,0.0,0.0,1.0
0.0,361.0,1.0,322.0,48.0,299.0,338.0,87.0,3.0,322.0,108.0,660.0,361.0,72.0,0.0,0.0,88.0,72.0,1.0,0.0,87.0,0.0,3.0,201.0,835.3869438516076,0.0,337.0,0.0,0.0,299.0,1.0,0.0,1.0
0.0,0.0,0.0,0.0,0.0,0.0,0.0,0.0,1.0,134.0,0.0,0.0,0.0,0.0,0.0,0.0,0.0,0.0,0.0,1.0,0.0,1.0,1.0,0.0,776.3038215905901,0.0,0.0,0.0,0.0,0.0,0.0,0.0,1.0
0.0,521.0,1.0,396.0,47.0,0.0,125.0,158.0,2.0,396.0,156.0,521.0,0.0,104.0,0.0,0.0,158.0,104.0,0.0,0.0,158.0,0.0,2.0,201.0,805.1403286944691,0.0,125.0,0.0,0.0,0.0,0.0,0.0,1.0
0.0,0.0,0.0,0.0,0.0,0.0,0.0,0.0,1.0,134.0,0.0,0.0,0.0,0.0,0.0,0.0,0.0,0.0,0.0,0.0,0.0,0.0,1.0,0.0,776.3038215905901,0.0,0.0,0.0,0.0,0.0,0.0,0.0,1.0
0.0,0.0,0.0,139.0,93.0,310.0,1417.0,0.0,4.0,139.0,0.0,1556.0,0.0,0.0,0.0,1.0,0.0,0.0,1.0,0.0,0.0,0.0,4.0,139.0,833.6494576045587,1246.0,1417.0,0.0,0.0,1556.0,1.0,0.0,1.0
566.0,1490.0,1.0,514.0,114.0,0.0,1700.0,0.0,5.0,514.0,298.0,2214.0,1490.0,298.0,0.0,1.0,0.0,298.0,0.0,0.0,0.0,0.0,5.0,162.0,827.1610589219761,0.0,1700.0,566.0,0.0,724.0,0.0,0.0,1.0
0.0,559.0,1.0,690.0,70.0,0.0,667.0,417.0,5.0,690.0,111.0,1357.0,559.0,112.0,0.0,0.0,417.0,111.0,0.0,0.0,417.0,0.0,5.0,187.0,727.8583475132532,0.0,666.0,0.0,0.0,798.0,0.0,0.0,1.0
0.0,0.0,0.0,0.0,0.0,0.0,0.0,291.0,3.0,425.0,0.0,0.0,0.0,0.0,0.0,0.0,291.0,0.0,0.0,0.0,0.0,0.0,3.0,0.0,735.3895123172952,0.0,0.0,0.0,0.0,0.0,0.0,0.0,1.0
0.0,0.0,0.0,456.0,78.0,231.0,398.0,322.0,2.0,456.0,0.0,854.0,0.0,0.0,0.0,1.0,322.0,0.0,1.0,0.0,322.0,0.0,2.0,201.0,815.8744475657326,623.0,398.0,0.0,0.0,854.0,1.0,0.0,1.0
0.0,864.0,1.0,306.0,62.0,0.0,558.0,0.0,3.0,306.0,172.0,864.0,864.0,173.0,0.0,0.0,0.0,172.0,0.0,0.0,0.0,1.0,3.0,134.0,788.8848439471554,0.0,557.0,0.0,0.0,0.0,0.0,0.0,1.0
0.0,0.0,0.0,491.0,114.0,0.0,760.0,357.0,2.0,491.0,0.0,1251.0,0.0,0.0,0.0,0.0,357.0,0.0,0.0,2.0,357.0,0.0,2.0,201.0,850.790562222348,0.0,760.0,0.0,0.0,1251.0,0.0,0.0,1.0
0.0,0.0,0.0,381.0,76.0,0.0,242.0,247.0,1.0,381.0,0.0,623.0,0.0,0.0,0.0,0.0,247.0,0.0,0.0,1.0,247.0,0.0,1.0,201.0,845.106370474184,13.0,242.0,0.0,0.0,623.0,1.0,0.0,1.0
0.0,0.0,0.0,0.0,0.0,0.0,0.0,417.0,1.0,551.0,0.0,0.0,0.0,0.0,0.0,0.0,417.0,0.0,0.0,0.0,0.0,0.0,1.0,0.0,821.7221835940654,0.0,0.0,0.0,0.0,0.0,0.0,0.0,1.0
0.0,0.0,0.0,173.0,21.0,0.0,227.0,11.0,5.0,173.0,0.0,400.0,0.0,0.0,0.0,0.0,11.0,0.0,0.0,0.0,11.0,0.0,5.0,173.0,685.5746123327648,0.0,227.0,0.0,0.0,400.0,0.0,0.0,1.0
0.0,0.0,0.0,134.0,28.0,310.0,176.0,0.0,2.0,134.0,0.0,310.0,0.0,0.0,0.0,0.0,0.0,0.0,1.0,0.0,0.0,0.0,2.0,134.0,794.7325799754883,0.0,176.0,0.0,0.0,310.0,1.0,0.0,1.0
100.0,0.0,0.0,134.0,74.0,0.0,474.0,0.0,1.0,134.0,0.0,608.0,0.0,0.0,0.0,0.0,0.0,0.0,0.0,1.0,0.0,0.0,1.0,134.0,867.209232045803,0.0,474.0,100.0,0.0,608.0,1.0,0.0,1.0
5.0,0.0,0.0,0.0,0.0,0.0,0.0,0.0,1.0,134.0,0.0,0.0,0.0,0.0,0.0,0.0,0.0,0.0,0.0,0.0,0.0,0.0,1.0,0.0,821.7221835940654,0.0,0.0,5.0,0.0,0.0,0.0,0.0,1.0
0.0,0.0,0.0,139.0,62.0,389.0,893.0,0.0,4.0,139.0,0.0,1032.0,0.0,0.0,0.0,1.0,0.0,0.0,1.0,0.0,0.0,0.0,4.0,139.0,783.3574392459475,296.0,893.0,0.0,0.0,1032.0,1.0,0.0,1.0
0.0,54.0,1.0,54.0,7.0,0.0,0.0,232.0,1.0,376.0,0.0,54.0,0.0,11.0,0.0,0.0,232.0,10.0,0.0,0.0,0.0,0.0,1.0,0.0,821.7221835940654,0.0,0.0,0.0,0.0,0.0,0.0,0.0,1.0
70.0,0.0,0.0,448.0,23.0,398.0,0.0,345.0,5.0,507.0,0.0,448.0,0.0,0.0,0.0,0.0,345.0,0.0,1.0,0.0,286.0,0.0,5.0,184.0,663.7920820882707,0.0,0.0,70.0,0.0,448.0,1.0,0.0,1.0
0.0,0.0,0.0,256.0,28.0,389.0,133.0,122.0,3.0,256.0,0.0,389.0,0.0,0.0,0.0,0.0,123.0,0.0,1.0,0.0,122.0,0.0,3.0,201.0,748.2027654022916,0.0,133.0,0.0,0.0,389.0,1.0,0.0,1.0
0.0,17.0,1.0,17.0,2.0,0.0,0.0,0.0,1.0,137.0,0.0,17.0,0.0,3.0,0.0,0.0,0.0,3.0,0.0,0.0,0.0,0.0,1.0,14.0,821.7221835940654,0.0,0.0,0.0,0.0,0.0,0.0,0.0,1.0
0.0,0.0,0.0,360.0,33.0,310.0,0.0,417.0,2.0,551.0,0.0,360.0,0.0,0.0,0.0,0.0,417.0,0.0,1.0,0.0,226.0,0.0,2.0,0.0,777.755019637868,0.0,0.0,0.0,0.0,360.0,1.0,0.0,1.0
0.0,0.0,0.0,20.0,2.0,0.0,0.0,0.0,2.0,134.0,0.0,20.0,0.0,0.0,0.0,0.0,0.0,0.0,0.0,0.0,0.0,0.0,2.0,20.0,777.755019637868,0.0,0.0,0.0,0.0,20.0,0.0,0.0,1.0
134.0,0.0,0.0,186.0,40.0,0.0,487.0,47.0,4.0,186.0,0.0,673.0,0.0,0.0,0.0,1.0,47.0,0.0,0.0,0.0,47.0,0.0,4.0,186.0,744.2770173367082,623.0,487.0,134.0,0.0,673.0,0.0,0.0,1.0
0.0,1101.0,1.0,470.0,66.0,0.0,631.0,111.0,4.0,470.0,330.0,1101.0,1101.0,220.0,0.0,0.0,111.0,220.0,0.0,0.0,111.0,0.0,4.0,209.0,758.0512644030795,0.0,630.0,0.0,0.0,0.0,0.0,0.0,1.0
0.0,0.0,0.0,150.0,18.0,0.0,0.0,224.0,1.0,358.0,0.0,150.0,0.0,0.0,0.0,0.0,224.0,0.0,0.0,0.0,16.0,0.0,1.0,0.0,821.7221835940654,0.0,0.0,0.0,0.0,150.0,0.0,0.0,1.0
0.0,0.0,0.0,134.0,79.0,231.0,740.0,0.0,2.0,134.0,0.0,874.0,0.0,0.0,0.0,1.0,0.0,0.0,1.0,0.0,0.0,0.0,2.0,134.0,848.8685742595985,276.0,740.0,0.0,0.0,874.0,1.0,0.0,1.0
0.0,0.0,0.0,0.0,0.0,0.0,0.0,0.0,1.0,134.0,0.0,0.0,0.0,0.0,0.0,0.0,0.0,0.0,0.0,0.0,0.0,0.0,1.0,0.0,821.7221835940654,0.0,0.0,0.0,0.0,0.0,0.0,0.0,1.0
0.0,65.0,1.0,65.0,5.0,0.0,0.0,232.0,3.0,379.0,0.0,65.0,0.0,13.0,0.0,0.0,232.0,13.0,0.0,0.0,0.0,0.0,3.0,0.0,735.3895123172952,0.0,0.0,0.0,0.0,0.0,0.0,0.0,1.0
0.0,0.0,0.0,0.0,0.0,0.0,0.0,0.0,1.0,134.0,0.0,0.0,0.0,0.0,0.0,0.0,0.0,0.0,0.0,0.0,0.0,0.0,1.0,0.0,821.7221835940654,0.0,0.0,0.0,0.0,0.0,0.0,0.0,1.0
0.0,0.0,0.0,521.0,76.0,0.0,102.0,387.0,1.0,521.0,0.0,623.0,0.0,0.0,0.0,1.0,388.0,0.0,0.0,0.0,387.0,0.0,1.0,201.0,831.6524547349377,623.0,102.0,0.0,0.0,623.0,1.0,0.0,1.0
0.0,570.0,1.0,643.0,70.0,0.0,127.0,379.0,2.0,643.0,171.0,770.0,570.0,114.0,0.0,0.0,379.0,114.0,0.0,0.0,379.0,0.0,2.0,201.0,789.9276100686146,0.0,127.0,0.0,0.0,200.0,0.0,0.0,1.0
0.0,0.0,0.0,310.0,28.0,310.0,0.0,417.0,2.0,551.0,0.0,310.0,0.0,0.0,0.0,0.0,417.0,0.0,1.0,0.0,176.0,0.0,2.0,0.0,777.755019637868,0.0,0.0,0.0,0.0,310.0,1.0,0.0,1.0
0.0,0.0,0.0,231.0,28.0,231.0,0.0,383.0,1.0,517.0,0.0,231.0,0.0,0.0,0.0,0.0,383.0,0.0,1.0,0.0,97.0,0.0,1.0,0.0,821.7221835940654,0.0,0.0,0.0,0.0,231.0,1.0,0.0,1.0
0.0,0.0,0.0,0.0,0.0,0.0,0.0,0.0,4.0,139.0,0.0,0.0,0.0,0.0,0.0,0.0,0.0,0.0,0.0,0.0,0.0,0.0,4.0,0.0,697.508643576471,0.0,0.0,0.0,0.0,0.0,0.0,0.0,1.0
0.0,0.0,0.0,0.0,0.0,0.0,0.0,0.0,1.0,134.0,0.0,0.0,0.0,0.0,0.0,0.0,0.0,0.0,0.0,0.0,0.0,0.0,1.0,0.0,821.7221835940654,0.0,0.0,0.0,0.0,0.0,0.0,0.0,1.0
0.0,0.0,0.0,139.0,28.0,469.0,330.0,0.0,4.0,139.0,0.0,469.0,0.0,0.0,0.0,0.0,0.0,0.0,1.0,0.0,0.0,0.0,4.0,139.0,729.2214449618373,0.0,330.0,0.0,0.0,469.0,1.0,0.0,1.0
0.0,645.0,1.0,645.0,79.0,0.0,0.0,417.0,1.0,680.0,110.0,645.0,0.0,129.0,0.0,0.0,417.0,129.0,0.0,0.0,382.0,0.0,1.0,117.0,821.7221835940654,0.0,0.0,0.0,0.0,0.0,0.0,0.0,1.0
0.0,0.0,0.0,566.0,83.0,0.0,110.0,432.0,1.0,566.0,0.0,676.0,0.0,0.0,0.0,1.0,431.0,0.0,0.0,0.0,432.0,0.0,1.0,201.0,832.2931173891875,0.0,110.0,0.0,0.0,676.0,0.0,0.0,1.0
0.0,0.0,0.0,134.0,28.0,310.0,176.0,0.0,2.0,134.0,0.0,310.0,0.0,0.0,0.0,0.0,0.0,0.0,1.0,0.0,0.0,0.0,2.0,134.0,794.7325799754883,0.0,176.0,0.0,0.0,310.0,1.0,0.0,1.0
0.0,0.0,0.0,0.0,0.0,0.0,0.0,0.0,3.0,134.0,0.0,0.0,0.0,0.0,0.0,0.0,0.0,0.0,0.0,0.0,0.0,0.0,3.0,0.0,735.389512317295,0.0,0.0,0.0,0.0,0.0,0.0,0.0,1.0
0.0,0.0,0.0,0.0,0.0,0.0,0.0,0.0,1.0,134.0,0.0,0.0,0.0,0.0,0.0,0.0,0.0,0.0,0.0,0.0,0.0,0.0,1.0,0.0,821.7221835940654,0.0,0.0,0.0,0.0,0.0,0.0,0.0,1.0
0.0,0.0,0.0,238.0,76.0,0.0,385.0,104.0,1.0,238.0,0.0,623.0,0.0,0.0,0.0,0.0,105.0,0.0,0.0,1.0,104.0,0.0,1.0,201.0,858.8806175405552,623.0,385.0,0.0,0.0,623.0,1.0,0.0,1.0
0.0,546.0,1.0,243.0,59.0,99.0,402.0,0.0,2.0,243.0,109.0,645.0,546.0,109.0,0.0,0.0,0.0,109.0,1.0,0.0,0.0,0.0,2.0,134.0,816.5151102199824,0.0,402.0,0.0,0.0,99.0,1.0,0.0,1.0
0.0,1351.0,1.0,620.0,81.0,0.0,731.0,211.0,4.0,620.0,405.0,1351.0,0.0,270.0,0.0,0.0,211.0,270.0,0.0,0.0,211.0,0.0,4.0,209.0,767.6612042168268,0.0,731.0,0.0,0.0,0.0,0.0,0.0,1.0
361.0,1441.0,1.0,427.0,86.0,0.0,1014.0,0.0,4.0,427.0,288.0,1441.0,1441.0,288.0,0.0,0.0,0.0,288.0,0.0,0.0,0.0,0.0,4.0,139.0,794.8893670224444,0.0,1013.0,361.0,0.0,0.0,0.0,0.0,1.0
0.0,0.0,0.0,679.0,106.0,0.0,491.0,545.0,2.0,679.0,0.0,1170.0,0.0,0.0,0.0,0.0,545.0,0.0,0.0,2.0,545.0,0.0,2.0,201.0,824.8437247252301,0.0,491.0,0.0,0.0,1170.0,0.0,0.0,1.0
0.0,0.0,0.0,190.0,14.0,0.0,0.0,417.0,3.0,551.0,0.0,190.0,0.0,0.0,0.0,0.0,417.0,0.0,0.0,0.0,56.0,0.0,3.0,0.0,735.389512317295,0.0,0.0,0.0,0.0,190.0,0.0,0.0,1.0
0.0,0.0,0.0,134.0,79.0,0.0,509.0,0.0,1.0,134.0,0.0,643.0,0.0,0.0,0.0,0.0,0.0,0.0,0.0,1.0,0.0,0.0,1.0,134.0,868.1702260271777,179.0,509.0,0.0,0.0,643.0,1.0,0.0,1.0
0.0,0.0,0.0,134.0,79.0,0.0,509.0,0.0,1.0,134.0,0.0,643.0,0.0,0.0,0.0,1.0,0.0,0.0,0.0,0.0,0.0,0.0,1.0,134.0,868.1702260271777,143.0,509.0,0.0,0.0,643.0,1.0,0.0,1.0
0.0,0.0,0.0,262.0,76.0,0.0,361.0,128.0,1.0,262.0,0.0,623.0,0.0,0.0,0.0,1.0,128.0,0.0,0.0,0.0,128.0,0.0,1.0,201.0,856.317966923556,623.0,361.0,0.0,0.0,623.0,1.0,0.0,1.0
0.0,1552.0,1.0,496.0,62.0,0.0,1056.0,0.0,7.0,496.0,310.0,1552.0,1552.0,310.0,0.0,0.0,0.0,310.0,0.0,0.0,0.0,2.0,7.0,186.0,695.661670520593,0.0,1056.0,0.0,0.0,0.0,0.0,0.0,1.0
0.0,0.0,0.0,0.0,0.0,0.0,0.0,0.0,1.0,134.0,0.0,0.0,0.0,0.0,0.0,0.0,0.0,0.0,0.0,0.0,0.0,0.0,1.0,0.0,821.7221835940654,0.0,0.0,0.0,0.0,0.0,0.0,0.0,1.0
0.0,1023.0,1.0,783.0,85.0,0.0,883.0,417.0,5.0,783.0,204.0,1666.0,1023.0,205.0,0.0,0.0,569.0,204.0,0.0,0.0,417.0,0.0,5.0,162.0,748.6798837763725,113.0,731.0,0.0,0.0,643.0,0.0,0.0,1.0
0.0,0.0,0.0,0.0,0.0,0.0,0.0,417.0,3.0,551.0,0.0,0.0,0.0,0.0,0.0,0.0,417.0,0.0,0.0,0.0,0.0,0.0,3.0,0.0,735.3895123172952,0.0,0.0,0.0,0.0,0.0,0.0,0.0,1.0
0.0,0.0,0.0,134.0,85.0,0.0,800.0,0.0,2.0,134.0,0.0,934.0,0.0,0.0,0.0,0.0,0.0,0.0,0.0,2.0,0.0,2.0,2.0,134.0,854.634538147847,934.0,800.0,0.0,0.0,934.0,1.0,0.0,1.0
0.0,0.0,0.0,397.0,49.0,0.0,275.0,263.0,3.0,397.0,0.0,672.0,0.0,0.0,0.0,1.0,263.0,0.0,0.0,0.0,263.0,0.0,3.0,201.0,761.9770124686628,92.0,275.0,0.0,0.0,672.0,0.0,0.0,1.0
1381.0,0.0,0.0,357.0,86.0,0.0,346.0,223.0,1.0,357.0,0.0,703.0,0.0,0.0,0.0,0.0,425.0,0.0,0.0,1.0,223.0,0.0,1.0,201.0,855.0366416150563,0.0,144.0,1381.0,0.0,703.0,0.0,0.0,1.0
0.0,86.0,1.0,234.0,29.0,148.0,0.0,417.0,1.0,568.0,0.0,234.0,0.0,17.0,0.0,0.0,417.0,17.0,1.0,0.0,83.0,0.0,1.0,0.0,821.7221835940654,0.0,0.0,0.0,0.0,148.0,1.0,0.0,1.0
0.0,1200.0,1.0,783.0,109.0,0.0,417.0,409.0,2.0,783.0,360.0,1200.0,1200.0,240.0,0.0,0.0,408.0,240.0,0.0,0.0,409.0,0.0,2.0,201.0,817.7964355284821,0.0,419.0,0.0,0.0,0.0,0.0,0.0,1.0
0.0,873.0,1.0,336.0,45.0,0.0,537.0,0.0,5.0,336.0,174.0,873.0,873.0,175.0,0.0,0.0,0.0,174.0,0.0,0.0,0.0,0.0,5.0,162.0,715.3654257553816,0.0,536.0,0.0,0.0,0.0,0.0,0.0,1.0
0.0,555.0,1.0,245.0,68.0,0.0,310.0,0.0,1.0,245.0,111.0,555.0,555.0,111.0,0.0,0.0,0.0,111.0,0.0,0.0,0.0,0.0,1.0,134.0,851.5129970166823,0.0,310.0,0.0,0.0,0.0,0.0,0.0,1.0
1.0,2092.0,1.0,671.0,125.0,0.0,1421.0,114.0,4.0,671.0,532.0,2092.0,2092.0,418.0,0.0,0.0,115.0,418.0,0.0,0.0,114.0,0.0,4.0,208.0,833.9697889316836,0.0,1420.0,1.0,0.0,0.0,0.0,0.0,1.0
0.0,0.0,0.0,134.0,87.0,0.0,820.0,0.0,2.0,134.0,0.0,954.0,0.0,0.0,0.0,0.0,0.0,0.0,0.0,2.0,0.0,0.0,2.0,134.0,856.5565261105965,677.0,820.0,0.0,0.0,954.0,1.0,0.0,1.0
0.0,0.0,0.0,310.0,28.0,310.0,0.0,157.0,2.0,318.0,0.0,310.0,0.0,0.0,0.0,0.0,158.0,0.0,1.0,0.0,149.0,0.0,2.0,193.0,777.755019637868,0.0,0.0,0.0,0.0,310.0,1.0,0.0,1.0
1879.0,2092.0,1.0,604.0,94.0,0.0,1488.0,0.0,6.0,604.0,418.0,2092.0,2092.0,418.0,0.0,0.0,0.0,418.0,0.0,0.0,0.0,0.0,6.0,186.0,764.6146779925338,0.0,1488.0,1879.0,0.0,0.0,0.0,0.0,1.0
0.0,0.0,0.0,0.0,0.0,0.0,0.0,232.0,1.0,366.0,0.0,0.0,0.0,0.0,0.0,0.0,0.0,0.0,0.0,0.0,0.0,0.0,1.0,0.0,821.7221835940654,0.0,0.0,0.0,0.0,0.0,0.0,0.0,1.0
0.0,400.0,1.0,400.0,24.0,0.0,0.0,417.0,4.0,636.0,0.0,400.0,0.0,80.0,0.0,0.0,417.0,80.0,0.0,0.0,181.0,0.0,4.0,0.0,697.508643576471,0.0,0.0,0.0,0.0,0.0,0.0,0.0,1.0
0.0,871.0,1.0,360.0,35.0,0.0,511.0,0.0,7.0,360.0,174.0,871.0,0.0,174.0,0.0,0.0,0.0,174.0,0.0,0.0,0.0,0.0,7.0,186.0,643.1273328721074,0.0,511.0,0.0,0.0,0.0,0.0,0.0,1.0
0.0,0.0,0.0,0.0,0.0,0.0,0.0,417.0,1.0,551.0,0.0,0.0,0.0,0.0,0.0,0.0,417.0,0.0,0.0,0.0,0.0,0.0,1.0,0.0,821.7221835940654,0.0,0.0,0.0,0.0,0.0,0.0,0.0,1.0
31.0,0.0,0.0,452.0,75.0,0.0,370.0,318.0,2.0,452.0,0.0,822.0,0.0,0.0,0.0,1.0,318.0,0.0,0.0,0.0,318.0,0.0,2.0,201.0,813.3117969487332,0.0,348.0,31.0,0.0,822.0,0.0,0.0,1.0
0.0,1042.0,1.0,631.0,63.0,0.0,411.0,284.0,4.0,631.0,312.0,1042.0,1042.0,208.0,0.0,0.0,285.0,208.0,0.0,0.0,284.0,0.0,4.0,208.0,736.9093968128352,0.0,410.0,0.0,0.0,0.0,0.0,0.0,1.0
292.0,1404.0,1.0,816.0,72.0,0.0,588.0,325.0,5.0,816.0,420.0,1404.0,1069.0,281.0,0.0,0.0,326.0,280.0,0.0,0.0,325.0,0.0,5.0,243.0,720.1703956622553,0.0,586.0,292.0,0.0,0.0,0.0,0.0,1.0
0.0,0.0,0.0,310.0,28.0,310.0,0.0,262.0,2.0,396.0,0.0,310.0,0.0,0.0,0.0,0.0,262.0,0.0,1.0,0.0,176.0,0.0,2.0,115.0,777.755019637868,0.0,0.0,0.0,0.0,310.0,1.0,0.0,1.0
173.0,0.0,0.0,276.0,58.0,0.0,367.0,142.0,2.0,276.0,0.0,643.0,0.0,0.0,0.0,1.0,143.0,0.0,0.0,0.0,142.0,0.0,2.0,201.0,812.9914656216083,204.0,367.0,173.0,0.0,643.0,0.0,0.0,1.0
0.0,0.0,0.0,0.0,0.0,0.0,0.0,232.0,4.0,371.0,0.0,0.0,0.0,0.0,0.0,0.0,232.0,0.0,0.0,0.0,0.0,0.0,4.0,0.0,697.508643576471,0.0,0.0,0.0,0.0,0.0,0.0,0.0,1.0
0.0,1045.0,1.0,462.0,59.0,0.0,1183.0,0.0,8.0,462.0,209.0,1645.0,1045.0,210.0,0.0,0.0,0.0,209.0,0.0,0.0,0.0,0.0,8.0,186.0,668.0314042477662,0.0,1183.0,0.0,0.0,600.0,0.0,0.0,1.0
0.0,288.0,1.0,288.0,26.0,0.0,0.0,417.0,2.0,708.0,0.0,288.0,288.0,58.0,0.0,0.0,417.0,57.0,0.0,0.0,0.0,0.0,2.0,0.0,777.755019637868,0.0,0.0,0.0,0.0,0.0,0.0,0.0,1.0
142.0,1354.0,1.0,404.0,123.0,0.0,950.0,0.0,2.0,404.0,270.0,1354.0,1354.0,271.0,0.0,0.0,0.0,270.0,0.0,0.0,0.0,0.0,2.0,134.0,865.525803270094,0.0,1083.0,142.0,0.0,0.0,0.0,0.0,1.0
0.0,600.0,1.0,260.0,64.0,0.0,619.0,6.0,3.0,260.0,126.0,879.0,600.0,120.0,0.0,0.0,7.0,120.0,0.0,0.0,6.0,0.0,3.0,140.0,794.9711391625289,0.0,617.0,0.0,0.0,279.0,0.0,0.0,1.0
237.0,1892.0,1.0,750.0,97.0,0.0,1142.0,210.0,5.0,750.0,567.0,1892.0,1892.0,378.0,0.0,0.0,210.0,378.0,0.0,0.0,210.0,1.0,5.0,243.0,773.6657272921157,0.0,1141.0,237.0,0.0,0.0,0.0,0.0,1.0
0.0,0.0,0.0,139.0,28.0,469.0,330.0,0.0,4.0,139.0,0.0,469.0,0.0,0.0,0.0,0.0,0.0,0.0,1.0,0.0,0.0,0.0,4.0,139.0,729.2214449618373,0.0,330.0,0.0,0.0,469.0,1.0,0.0,1.0
0.0,2275.0,1.0,641.0,90.0,0.0,1634.0,0.0,7.0,641.0,455.0,2275.0,2275.0,455.0,0.0,0.0,0.0,455.0,0.0,0.0,0.0,0.0,7.0,186.0,751.078990113203,0.0,1634.0,0.0,0.0,0.0,0.0,0.0,1.0
0.0,0.0,0.0,156.0,87.0,0.0,798.0,22.0,2.0,156.0,0.0,954.0,0.0,0.0,0.0,1.0,22.0,0.0,0.0,0.0,22.0,0.0,2.0,156.0,854.3142068207221,550.0,798.0,0.0,0.0,954.0,1.0,0.0,1.0
595.0,1864.0,1.0,851.0,96.0,0.0,1013.0,317.0,5.0,851.0,558.0,1864.0,1864.0,373.0,0.0,0.0,317.0,372.0,0.0,0.0,317.0,0.0,5.0,243.0,761.172805534244,0.0,1011.0,595.0,0.0,0.0,0.0,0.0,1.0
0.0,443.0,1.0,443.0,32.0,0.0,0.0,417.0,3.0,639.0,0.0,443.0,443.0,89.0,0.0,0.0,417.0,88.0,0.0,0.0,221.0,0.0,3.0,1.0,735.389512317295,0.0,0.0,0.0,0.0,0.0,0.0,0.0,1.0
0.0,0.0,0.0,551.0,43.0,0.0,42.0,417.0,3.0,551.0,0.0,593.0,0.0,0.0,0.0,0.0,417.0,0.0,0.0,0.0,417.0,0.0,3.0,134.0,739.5538195699189,0.0,42.0,0.0,0.0,593.0,0.0,0.0,1.0
0.0,0.0,0.0,179.0,79.0,0.0,464.0,45.0,1.0,179.0,0.0,643.0,0.0,0.0,0.0,1.0,45.0,0.0,0.0,0.0,45.0,0.0,1.0,179.0,866.2482380644283,170.0,464.0,0.0,0.0,643.0,1.0,0.0,1.0
0.0,0.0,0.0,310.0,28.0,310.0,0.0,184.0,2.0,318.0,0.0,310.0,0.0,0.0,0.0,0.0,184.0,0.0,1.0,0.0,176.0,0.0,2.0,193.0,777.755019637868,0.0,0.0,0.0,0.0,310.0,1.0,0.0,1.0
0.0,0.0,0.0,156.0,45.0,0.0,467.0,22.0,3.0,156.0,0.0,623.0,0.0,0.0,0.0,1.0,22.0,0.0,0.0,0.0,22.0,0.0,3.0,156.0,780.2358981147828,623.0,466.0,0.0,0.0,623.0,0.0,0.0,1.0
0.0,0.0,0.0,614.0,37.0,0.0,9.0,475.0,4.0,614.0,0.0,623.0,0.0,0.0,0.0,1.0,475.0,0.0,0.0,0.0,475.0,0.0,4.0,209.0,698.4696375578457,623.0,9.0,0.0,0.0,623.0,0.0,0.0,1.0
0.0,469.0,1.0,596.0,50.0,217.0,90.0,369.0,3.0,596.0,139.0,686.0,469.0,94.0,0.0,0.0,370.0,93.0,1.0,0.0,369.0,0.0,3.0,201.0,744.0384581496677,0.0,88.0,0.0,0.0,217.0,1.0,0.0,1.0
0.0,0.0,0.0,246.0,76.0,0.0,377.0,112.0,1.0,246.0,0.0,623.0,0.0,0.0,0.0,1.0,113.0,0.0,0.0,0.0,112.0,0.0,1.0,201.0,857.9196235591805,623.0,377.0,0.0,0.0,623.0,1.0,0.0,1.0
0.0,0.0,0.0,134.0,106.0,0.0,732.0,0.0,1.0,134.0,0.0,866.0,0.0,0.0,0.0,1.0,0.0,0.0,0.0,0.0,0.0,0.0,1.0,134.0,868.1702260271777,0.0,732.0,0.0,0.0,866.0,0.0,0.0,1.0
0.0,0.0,0.0,218.0,28.0,469.0,251.0,79.0,4.0,218.0,0.0,469.0,0.0,0.0,0.0,0.0,79.0,0.0,1.0,0.0,79.0,0.0,4.0,209.0,721.5334931108395,0.0,251.0,0.0,0.0,469.0,1.0,0.0,1.0
0.0,0.0,0.0,281.0,130.0,0.0,785.0,88.0,1.0,281.0,0.0,1066.0,0.0,0.0,0.0,0.0,88.0,0.0,0.0,1.0,88.0,0.0,1.0,201.0,868.1702260271777,0.0,786.0,0.0,0.0,1066.0,0.0,0.0,1.0
0.0,0.0,0.0,225.0,76.0,0.0,398.0,91.0,1.0,225.0,0.0,623.0,0.0,0.0,0.0,1.0,92.0,0.0,0.0,0.0,91.0,0.0,1.0,201.0,859.84161152193,623.0,398.0,0.0,0.0,623.0,1.0,0.0,1.0
0.0,0.0,0.0,0.0,0.0,0.0,0.0,0.0,1.0,134.0,0.0,0.0,0.0,0.0,0.0,0.0,0.0,0.0,0.0,0.0,0.0,0.0,1.0,0.0,821.7221835940654,0.0,0.0,0.0,0.0,0.0,0.0,0.0,1.0
0.0,0.0,0.0,139.0,62.0,389.0,893.0,0.0,4.0,139.0,0.0,1032.0,0.0,0.0,0.0,1.0,0.0,0.0,1.0,0.0,0.0,0.0,4.0,139.0,783.3574392459475,387.0,893.0,0.0,0.0,1032.0,1.0,0.0,1.0
0.0,0.0,0.0,183.0,13.0,0.0,0.0,782.0,3.0,916.0,0.0,183.0,0.0,0.0,0.0,1.0,417.0,0.0,0.0,0.0,49.0,0.0,3.0,0.0,735.3895123172952,0.0,0.0,0.0,0.0,183.0,0.0,0.0,1.0
0.0,0.0,0.0,271.0,28.0,310.0,39.0,137.0,2.0,271.0,0.0,310.0,0.0,0.0,0.0,0.0,137.0,0.0,1.0,0.0,137.0,0.0,2.0,201.0,781.5989955633669,0.0,39.0,0.0,0.0,310.0,1.0,0.0,1.0
0.0,871.0,1.0,691.0,103.0,0.0,731.0,383.0,3.0,691.0,261.0,1422.0,871.0,174.0,0.0,0.0,389.0,174.0,0.0,0.0,383.0,0.0,3.0,201.0,805.5420729576509,0.0,725.0,0.0,0.0,551.0,0.0,0.0,1.0
0.0,0.0,0.0,0.0,0.0,0.0,0.0,417.0,3.0,551.0,0.0,0.0,0.0,0.0,0.0,0.0,417.0,0.0,0.0,0.0,0.0,1.0,3.0,0.0,735.389512317295,0.0,0.0,0.0,0.0,0.0,0.0,0.0,1.0
0.0,0.0,0.0,373.0,79.0,0.0,270.0,239.0,1.0,373.0,0.0,643.0,0.0,0.0,0.0,0.0,239.0,0.0,0.0,1.0,239.0,0.0,1.0,201.0,847.6690210911834,132.0,270.0,0.0,0.0,643.0,1.0,0.0,1.0
0.0,0.0,0.0,200.0,79.0,0.0,443.0,66.0,1.0,200.0,0.0,643.0,0.0,0.0,0.0,0.0,67.0,0.0,0.0,1.0,66.0,0.0,1.0,200.0,864.3262501016789,316.0,443.0,0.0,0.0,643.0,1.0,0.0,1.0
0.0,0.0,0.0,0.0,0.0,0.0,0.0,0.0,1.0,134.0,0.0,0.0,0.0,0.0,0.0,0.0,0.0,0.0,0.0,0.0,0.0,0.0,1.0,0.0,821.7221835940654,0.0,0.0,0.0,0.0,0.0,0.0,0.0,1.0
25.0,0.0,0.0,134.0,82.0,0.0,539.0,0.0,1.0,134.0,0.0,673.0,0.0,0.0,0.0,0.0,0.0,0.0,0.0,1.0,0.0,0.0,1.0,134.0,868.1702260271777,0.0,539.0,25.0,0.0,673.0,0.0,0.0,1.0
0.0,2315.0,1.0,625.0,119.0,0.0,1690.0,0.0,5.0,625.0,463.0,2315.0,2315.0,463.0,0.0,0.0,0.0,463.0,0.0,0.0,0.0,0.0,5.0,162.0,826.2000649406014,0.0,1690.0,0.0,0.0,0.0,0.0,0.0,1.0
0.0,0.0,0.0,118.0,14.0,0.0,0.0,221.0,1.0,355.0,0.0,118.0,0.0,0.0,0.0,0.0,221.0,0.0,0.0,0.0,0.0,0.0,1.0,0.0,821.7221835940654,0.0,0.0,0.0,0.0,118.0,0.0,0.0,1.0
0.0,0.0,0.0,728.0,113.0,0.0,192.0,354.0,1.0,728.0,0.0,920.0,0.0,0.0,0.0,1.0,354.0,0.0,0.0,0.0,354.0,0.0,1.0,201.0,840.3014005673103,0.0,192.0,0.0,0.0,920.0,0.0,0.0,1.0
1300.0,1855.0,1.0,571.0,123.0,0.0,1480.0,61.0,4.0,571.0,432.0,2051.0,1855.0,371.0,0.0,0.0,62.0,371.0,0.0,0.0,61.0,0.0,4.0,200.0,839.7357528199321,0.0,1479.0,1300.0,0.0,196.0,0.0,0.0,1.0
0.0,0.0,0.0,346.0,76.0,0.0,277.0,212.0,1.0,346.0,0.0,623.0,0.0,0.0,0.0,1.0,233.0,0.0,0.0,0.0,212.0,0.0,1.0,201.0,848.3096837454332,623.0,256.0,0.0,0.0,623.0,1.0,0.0,1.0
0.0,1402.0,1.0,466.0,80.0,0.0,1559.0,0.0,7.0,466.0,280.0,2025.0,1402.0,280.0,0.0,1.0,0.0,280.0,0.0,0.0,0.0,0.0,7.0,186.0,744.0317009164548,623.0,1558.0,0.0,0.0,623.0,0.0,0.0,1.0
0.0,0.0,0.0,273.0,79.0,0.0,370.0,139.0,1.0,273.0,0.0,643.0,0.0,0.0,0.0,0.0,140.0,0.0,0.0,1.0,139.0,0.0,1.0,201.0,857.2789609049307,74.0,370.0,0.0,0.0,643.0,1.0,0.0,1.0
10.0,1106.0,1.0,405.0,80.0,0.0,701.0,50.0,3.0,405.0,271.0,1106.0,1106.0,221.0,0.0,0.0,51.0,221.0,0.0,0.0,50.0,0.0,3.0,184.0,802.6590910135267,0.0,700.0,10.0,0.0,0.0,0.0,0.0,1.0
0.0,0.0,0.0,0.0,0.0,0.0,0.0,0.0,1.0,134.0,0.0,0.0,0.0,0.0,0.0,0.0,0.0,0.0,0.0,0.0,0.0,0.0,1.0,0.0,821.7221835940654,0.0,0.0,0.0,0.0,0.0,0.0,0.0,1.0
0.0,1462.0,1.0,478.0,65.0,0.0,984.0,0.0,6.0,478.0,292.0,1462.0,1462.0,292.0,0.0,0.0,0.0,292.0,0.0,0.0,0.0,0.0,6.0,186.0,853.7038155564337,0.0,983.0,0.0,0.0,0.0,0.0,0.0,1.0
921.0,159.0,1.0,159.0,19.0,0.0,0.0,50.0,1.0,215.0,0.0,159.0,159.0,32.0,0.0,0.0,50.0,31.0,0.0,0.0,0.0,0.0,1.0,128.0,795.5243385250207,0.0,0.0,921.0,0.0,0.0,0.0,0.0,1.0
0.0,0.0,0.0,231.0,28.0,0.0,0.0,59.0,1.0,293.0,0.0,231.0,0.0,0.0,231.0,0.0,59.0,0.0,0.0,0.0,0.0,0.0,1.0,131.0,795.5243385250207,0.0,0.0,0.0,0.0,231.0,1.0,0.0,1.0
218.0,0.0,0.0,134.0,99.0,0.0,951.0,0.0,2.0,134.0,0.0,1085.0,0.0,0.0,0.0,1.0,0.0,0.0,0.0,0.0,0.0,0.0,2.0,134.0,897.4223728137507,0.0,951.0,218.0,0.0,1085.0,0.0,0.0,1.0
628.0,0.0,0.0,284.0,76.0,0.0,339.0,150.0,1.0,284.0,0.0,623.0,0.0,0.0,0.0,1.0,151.0,0.0,0.0,0.0,150.0,0.0,1.0,201.0,840.9672712299054,623.0,339.0,628.0,0.0,623.0,1.0,0.0,1.0
0.0,0.0,0.0,0.0,0.0,0.0,0.0,0.0,1.0,134.0,0.0,0.0,0.0,0.0,0.0,0.0,0.0,0.0,0.0,0.0,0.0,0.0,1.0,0.0,795.5243385250207,0.0,0.0,0.0,0.0,0.0,0.0,0.0,1.0
0.0,0.0,0.0,134.0,28.0,0.0,97.0,0.0,1.0,134.0,0.0,231.0,0.0,0.0,231.0,0.0,0.0,0.0,0.0,0.0,0.0,0.0,1.0,134.0,808.4443880195468,0.0,97.0,0.0,0.0,231.0,1.0,0.0,1.0
0.0,631.0,1.0,682.0,61.0,389.0,338.0,417.0,4.0,682.0,157.0,1020.0,631.0,126.0,0.0,0.0,417.0,126.0,1.0,0.0,417.0,0.0,4.0,176.0,790.6917345744987,0.0,338.0,0.0,0.0,389.0,0.0,0.0,1.0
0.0,0.0,0.0,0.0,0.0,0.0,0.0,417.0,8.0,603.0,0.0,0.0,0.0,0.0,0.0,0.0,417.0,0.0,0.0,0.0,0.0,1.0,8.0,0.0,710.4406235740391,0.0,0.0,0.0,0.0,0.0,0.0,0.0,1.0
0.0,0.0,0.0,269.0,42.0,0.0,195.0,135.0,2.0,269.0,0.0,464.0,0.0,0.0,0.0,0.0,135.0,0.0,0.0,0.0,135.0,0.0,2.0,201.0,801.6357989750231,0.0,196.0,0.0,0.0,464.0,0.0,0.0,1.0
0.0,1273.0,1.0,416.0,100.0,0.0,1532.0,0.0,5.0,416.0,254.0,1948.0,1273.0,255.0,0.0,1.0,0.0,254.0,0.0,0.0,0.0,0.0,5.0,162.0,944.7154857894202,0.0,1531.0,0.0,0.0,675.0,0.0,0.0,1.0
0.0,0.0,0.0,310.0,28.0,310.0,0.0,417.0,2.0,551.0,0.0,310.0,0.0,0.0,0.0,0.0,417.0,0.0,1.0,0.0,176.0,0.0,2.0,0.0,775.350181037884,0.0,0.0,0.0,0.0,310.0,1.0,0.0,1.0
0.0,0.0,0.0,134.0,79.0,0.0,509.0,0.0,1.0,134.0,0.0,643.0,0.0,0.0,0.0,0.0,0.0,0.0,0.0,1.0,0.0,0.0,1.0,134.0,860.1245859976509,99.0,509.0,0.0,0.0,643.0,1.0,0.0,1.0
0.0,985.0,1.0,806.0,79.0,109.0,288.0,325.0,3.0,806.0,295.0,1094.0,985.0,197.0,0.0,0.0,326.0,197.0,1.0,0.0,325.0,0.0,3.0,201.0,795.7182478266739,0.0,287.0,0.0,0.0,109.0,1.0,0.0,1.0
0.0,0.0,0.0,171.0,13.0,0.0,87.0,9.0,5.0,171.0,0.0,258.0,0.0,0.0,0.0,0.0,9.0,0.0,0.0,0.0,9.0,0.0,5.0,171.0,751.3602623196166,0.0,87.0,0.0,0.0,258.0,0.0,0.0,1.0
0.0,0.0,0.0,0.0,0.0,0.0,0.0,0.0,4.0,139.0,0.0,0.0,0.0,0.0,0.0,0.0,0.0,0.0,0.0,0.0,0.0,0.0,4.0,0.0,745.6943208177012,0.0,0.0,0.0,0.0,0.0,0.0,0.0,1.0
0.0,0.0,0.0,134.0,79.0,0.0,508.0,0.0,1.0,134.0,0.0,642.0,0.0,0.0,0.0,0.0,0.0,0.0,0.0,1.0,0.0,0.0,1.0,134.0,860.1245859976509,277.0,508.0,0.0,0.0,642.0,1.0,0.0,1.0
0.0,0.0,0.0,729.0,123.0,0.0,279.0,595.0,1.0,729.0,0.0,1008.0,0.0,0.0,0.0,1.0,595.0,0.0,0.0,0.0,595.0,0.0,1.0,201.0,832.9479301643374,0.0,279.0,0.0,0.0,1008.0,0.0,0.0,1.0
0.0,834.0,1.0,917.0,70.0,0.0,55.0,417.0,3.0,917.0,190.0,972.0,834.0,167.0,0.0,0.0,417.0,166.0,0.0,0.0,417.0,0.0,3.0,142.0,764.9774404086636,0.0,54.0,0.0,0.0,138.0,0.0,0.0,1.0
8.0,0.0,0.0,0.0,0.0,0.0,0.0,0.0,1.0,134.0,0.0,0.0,0.0,0.0,0.0,0.0,0.0,0.0,0.0,0.0,0.0,0.0,1.0,0.0,795.5243385250207,0.0,0.0,8.0,0.0,0.0,0.0,0.0,1.0
0.0,0.0,0.0,273.0,34.0,370.0,97.0,139.0,2.0,273.0,0.0,370.0,0.0,0.0,0.0,0.0,139.0,0.0,1.0,0.0,139.0,0.0,2.0,201.0,788.2702305324101,0.0,97.0,0.0,0.0,370.0,1.0,0.0,1.0
0.0,0.0,0.0,134.0,51.0,389.0,578.0,0.0,3.0,134.0,0.0,712.0,0.0,0.0,0.0,0.0,0.0,0.0,1.0,0.0,0.0,0.0,3.0,134.0,834.478396310252,0.0,578.0,0.0,0.0,712.0,1.0,0.0,1.0
0.0,0.0,0.0,94.0,12.0,0.0,0.0,232.0,1.0,366.0,0.0,94.0,0.0,0.0,0.0,0.0,232.0,0.0,0.0,0.0,0.0,0.0,1.0,0.0,795.5243385250207,0.0,0.0,0.0,0.0,94.0,0.0,0.0,1.0
0.0,0.0,0.0,139.0,37.0,0.0,484.0,0.0,4.0,139.0,0.0,623.0,0.0,0.0,0.0,1.0,0.0,0.0,0.0,0.0,0.0,0.0,4.0,139.0,810.2945682903314,623.0,484.0,0.0,0.0,623.0,0.0,0.0,1.0
0.0,0.0,0.0,139.0,73.0,0.0,1076.0,0.0,4.0,139.0,0.0,1215.0,0.0,0.0,0.0,0.0,0.0,0.0,0.0,0.0,0.0,4.0,4.0,139.0,889.5969410498361,0.0,1076.0,0.0,0.0,1215.0,0.0,0.0,1.0
0.0,0.0,0.0,0.0,0.0,0.0,0.0,0.0,1.0,134.0,0.0,0.0,0.0,0.0,0.0,0.0,0.0,0.0,0.0,0.0,0.0,0.0,1.0,0.0,795.5243385250207,0.0,0.0,0.0,0.0,0.0,0.0,0.0,1.0
0.0,881.0,1.0,727.0,97.0,0.0,343.0,417.0,2.0,727.0,176.0,1070.0,881.0,176.0,0.0,0.0,417.0,176.0,0.0,0.0,417.0,0.0,2.0,134.0,821.2386326908558,0.0,343.0,0.0,0.0,189.0,0.0,0.0,1.0
0.0,716.0,1.0,557.0,44.0,0.0,307.0,252.0,5.0,557.0,214.0,864.0,716.0,143.0,0.0,0.0,253.0,143.0,0.0,0.0,252.0,0.0,5.0,243.0,780.7645128933655,0.0,306.0,0.0,0.0,148.0,0.0,0.0,1.0
200.0,0.0,0.0,300.0,15.0,0.0,0.0,417.0,5.0,579.0,0.0,300.0,0.0,0.0,0.0,0.0,417.0,0.0,0.0,0.0,138.0,0.0,5.0,0.0,739.7767696693518,0.0,0.0,200.0,0.0,300.0,0.0,0.0,1.0
0.0,0.0,0.0,154.0,111.0,0.0,756.0,0.0,1.0,154.0,0.0,910.0,0.0,0.0,0.0,1.0,0.0,0.0,0.0,0.0,0.0,0.0,1.0,134.0,860.1245859976509,0.0,756.0,0.0,0.0,910.0,0.0,0.0,1.0
0.0,0.0,0.0,0.0,0.0,0.0,0.0,0.0,1.0,134.0,0.0,0.0,0.0,0.0,0.0,0.0,0.0,0.0,0.0,0.0,0.0,0.0,1.0,0.0,795.5243385250207,0.0,0.0,0.0,0.0,0.0,0.0,0.0,1.0
0.0,1367.0,1.0,589.0,92.0,0.0,1201.0,154.0,5.0,589.0,409.0,1790.0,1367.0,273.0,0.0,0.0,155.0,273.0,0.0,0.0,154.0,0.0,5.0,243.0,900.1635909807097,0.0,1200.0,0.0,0.0,423.0,0.0,0.0,1.0
0.0,0.0,0.0,310.0,28.0,310.0,0.0,344.0,2.0,478.0,0.0,310.0,0.0,0.0,0.0,0.0,344.0,0.0,1.0,0.0,176.0,0.0,2.0,33.0,775.350181037884,0.0,0.0,0.0,0.0,310.0,1.0,0.0,1.0
0.0,1625.0,1.0,734.0,83.0,0.0,891.0,0.0,5.0,734.0,325.0,1625.0,1625.0,325.0,0.0,0.0,0.0,325.0,0.0,0.0,0.0,0.0,5.0,162.0,858.7303288086089,0.0,891.0,0.0,0.0,0.0,0.0,0.0,1.0
0.0,0.0,0.0,551.0,37.0,0.0,169.0,389.0,5.0,551.0,0.0,720.0,0.0,0.0,0.0,1.0,389.0,0.0,0.0,0.0,389.0,0.0,5.0,243.0,762.4982360217942,0.0,169.0,0.0,0.0,720.0,0.0,0.0,1.0
0.0,0.0,0.0,240.0,68.0,0.0,1080.0,78.0,5.0,240.0,0.0,1320.0,0.0,0.0,0.0,1.0,78.0,0.0,0.0,1.0,78.0,0.0,5.0,240.0,884.1249088495739,750.0,1080.0,0.0,0.0,1320.0,0.0,0.0,1.0
0.0,980.0,1.0,652.0,71.0,0.0,328.0,322.0,3.0,652.0,294.0,980.0,980.0,196.0,0.0,0.0,322.0,196.0,0.0,0.0,322.0,0.0,3.0,201.0,801.0644752037191,0.0,328.0,0.0,0.0,0.0,0.0,0.0,1.0
530.0,0.0,0.0,202.0,79.0,0.0,441.0,68.0,1.0,202.0,0.0,643.0,0.0,0.0,0.0,0.0,69.0,0.0,0.0,1.0,68.0,0.0,1.0,201.0,854.3328396725185,84.0,440.0,530.0,0.0,643.0,1.0,0.0,1.0
0.0,0.0,0.0,321.0,76.0,0.0,302.0,187.0,1.0,321.0,0.0,623.0,0.0,0.0,0.0,1.0,188.0,0.0,0.0,0.0,187.0,0.0,1.0,201.0,836.0665628009472,623.0,302.0,0.0,0.0,623.0,1.0,0.0,1.0
1162.0,727.0,1.0,279.0,71.0,0.0,498.0,0.0,2.0,279.0,145.0,777.0,727.0,145.0,0.0,0.0,0.0,145.0,0.0,0.0,0.0,0.0,2.0,134.0,841.7325043028626,0.0,497.0,1162.0,0.0,50.0,0.0,0.0,1.0
0.0,0.0,0.0,0.0,0.0,0.0,0.0,0.0,1.0,134.0,0.0,0.0,0.0,0.0,0.0,0.0,0.0,0.0,0.0,0.0,0.0,0.0,1.0,0.0,795.5243385250207,0.0,0.0,0.0,0.0,0.0,0.0,0.0,1.0
1721.0,1549.0,1.0,1549.0,93.0,0.0,0.0,417.0,4.0,1655.0,239.0,1549.0,1549.0,310.0,0.0,0.0,417.0,309.0,0.0,0.0,311.0,0.0,4.0,33.0,745.6943208177012,0.0,0.0,1721.0,0.0,0.0,0.0,0.0,1.0
0.0,0.0,0.0,331.0,82.0,231.0,573.0,197.0,2.0,331.0,0.0,904.0,0.0,0.0,0.0,1.0,197.0,0.0,1.0,0.0,197.0,0.0,2.0,201.0,851.979440108866,623.0,573.0,0.0,0.0,904.0,1.0,0.0,1.0
0.0,0.0,0.0,206.0,28.0,469.0,263.0,67.0,4.0,206.0,0.0,469.0,0.0,0.0,0.0,0.0,67.0,0.0,1.0,0.0,67.0,1.0,4.0,206.0,780.8903177165824,0.0,263.0,0.0,0.0,469.0,1.0,0.0,1.0
0.0,0.0,0.0,167.0,15.0,0.0,0.0,215.0,2.0,349.0,0.0,167.0,0.0,0.0,0.0,0.0,216.0,0.0,0.0,0.0,33.0,0.0,2.0,19.0,775.350181037884,0.0,0.0,0.0,0.0,167.0,0.0,0.0,1.0
0.0,0.0,0.0,0.0,0.0,0.0,0.0,0.0,1.0,134.0,0.0,0.0,0.0,0.0,0.0,0.0,0.0,0.0,0.0,0.0,0.0,0.0,1.0,0.0,795.5243385250207,0.0,0.0,0.0,0.0,0.0,0.0,0.0,1.0
0.0,0.0,0.0,0.0,0.0,0.0,0.0,232.0,3.0,366.0,0.0,0.0,0.0,0.0,0.0,0.0,0.0,0.0,0.0,0.0,0.0,0.0,3.0,0.0,757.4036182911829,0.0,0.0,0.0,0.0,0.0,0.0,0.0,1.0
0.0,0.0,0.0,138.0,7.0,0.0,0.0,232.0,5.0,394.0,0.0,138.0,0.0,0.0,0.0,0.0,232.0,0.0,0.0,0.0,0.0,0.0,5.0,0.0,739.7767696693518,0.0,0.0,0.0,0.0,138.0,0.0,0.0,1.0
927.0,0.0,0.0,134.0,101.0,0.0,691.0,0.0,1.0,134.0,0.0,825.0,0.0,0.0,0.0,0.0,0.0,0.0,0.0,1.0,0.0,0.0,1.0,134.0,860.1245859976509,0.0,691.0,927.0,0.0,825.0,0.0,0.0,1.0
100.0,1174.0,1.0,644.0,85.0,0.0,530.0,104.0,3.0,644.0,338.0,1174.0,1174.0,235.0,0.0,0.0,55.0,234.0,0.0,0.0,104.0,1.0,3.0,201.0,828.2411310370326,0.0,676.0,100.0,0.0,0.0,0.0,0.0,1.0
0.0,960.0,1.0,1026.0,70.0,0.0,144.0,417.0,4.0,1026.0,254.0,1170.0,960.0,192.0,0.0,0.0,417.0,192.0,0.0,0.0,417.0,0.0,4.0,174.0,764.8516355854466,0.0,143.0,0.0,0.0,210.0,0.0,0.0,1.0
0.0,0.0,0.0,134.0,28.0,310.0,176.0,0.0,2.0,134.0,0.0,310.0,0.0,0.0,0.0,0.0,0.0,0.0,1.0,0.0,0.0,0.0,2.0,134.0,798.9626852865006,0.0,176.0,0.0,0.0,310.0,1.0,0.0,1.0
0.0,490.0,1.0,490.0,60.0,0.0,0.0,417.0,1.0,649.0,0.0,490.0,490.0,98.0,0.0,0.0,417.0,98.0,0.0,0.0,258.0,0.0,1.0,0.0,795.5243385250207,0.0,0.0,0.0,0.0,0.0,0.0,0.0,1.0
0.0,0.0,0.0,314.0,85.0,0.0,623.0,180.0,2.0,314.0,0.0,937.0,0.0,0.0,0.0,1.0,180.0,0.0,0.0,0.0,180.0,0.0,2.0,201.0,858.6622243301726,0.0,623.0,0.0,0.0,937.0,0.0,0.0,1.0
415.0,0.0,0.0,489.0,76.0,0.0,134.0,355.0,1.0,489.0,0.0,623.0,0.0,0.0,0.0,1.0,356.0,0.0,0.0,0.0,355.0,0.0,1.0,201.0,813.3450964485048,623.0,134.0,415.0,0.0,623.0,1.0,0.0,1.0
0.0,0.0,0.0,0.0,0.0,0.0,0.0,1.0,4.0,140.0,0.0,0.0,0.0,0.0,0.0,0.0,1.0,0.0,0.0,0.0,0.0,0.0,4.0,0.0,745.6943208177012,0.0,0.0,0.0,0.0,0.0,0.0,0.0,1.0
0.0,0.0,0.0,264.0,63.0,0.0,608.0,130.0,3.0,264.0,0.0,872.0,0.0,0.0,0.0,1.0,130.0,0.0,0.0,0.0,130.0,0.0,3.0,201.0,838.488066843036,623.0,608.0,0.0,0.0,872.0,0.0,0.0,1.0
0.0,0.0,0.0,134.0,45.0,0.0,489.0,0.0,3.0,134.0,0.0,623.0,0.0,0.0,0.0,1.0,0.0,0.0,0.0,0.0,0.0,0.0,3.0,134.0,822.8949036599872,623.0,489.0,0.0,0.0,623.0,0.0,0.0,1.0
0.0,0.0,0.0,213.0,32.0,389.0,226.0,79.0,3.0,213.0,0.0,439.0,0.0,0.0,0.0,0.0,80.0,0.0,1.0,0.0,79.0,0.0,3.0,201.0,787.698906761106,0.0,226.0,0.0,0.0,439.0,1.0,0.0,1.0
0.0,959.0,1.0,325.0,69.0,0.0,634.0,0.0,3.0,325.0,191.0,959.0,959.0,192.0,0.0,0.0,0.0,191.0,0.0,0.0,0.0,0.0,3.0,134.0,842.0522184277328,0.0,633.0,0.0,0.0,0.0,0.0,0.0,1.0
0.0,0.0,0.0,134.0,28.0,0.0,97.0,0.0,1.0,134.0,0.0,231.0,0.0,0.0,231.0,0.0,0.0,0.0,0.0,0.0,0.0,0.0,1.0,134.0,808.4443880195468,0.0,97.0,0.0,0.0,231.0,1.0,0.0,1.0
0.0,0.0,0.0,0.0,0.0,0.0,0.0,263.0,2.0,397.0,0.0,0.0,0.0,0.0,0.0,0.0,263.0,0.0,0.0,0.0,0.0,0.0,2.0,0.0,775.350181037884,0.0,0.0,0.0,0.0,0.0,0.0,0.0,1.0
5.0,0.0,0.0,134.0,82.0,0.0,536.0,0.0,1.0,134.0,0.0,670.0,0.0,0.0,0.0,1.0,0.0,0.0,0.0,0.0,0.0,0.0,1.0,134.0,860.1245859976509,0.0,536.0,5.0,0.0,670.0,0.0,0.0,1.0
0.0,54.0,1.0,54.0,4.0,0.0,0.0,0.0,3.0,144.0,0.0,54.0,54.0,11.0,0.0,0.0,0.0,10.0,0.0,0.0,0.0,0.0,3.0,44.0,757.4036182911829,0.0,0.0,0.0,0.0,0.0,0.0,0.0,1.0
0.0,0.0,0.0,134.0,28.0,310.0,176.0,0.0,2.0,134.0,0.0,310.0,0.0,0.0,0.0,0.0,0.0,0.0,1.0,0.0,0.0,0.0,2.0,134.0,798.9626852865006,0.0,176.0,0.0,0.0,310.0,1.0,0.0,1.0
0.0,0.0,0.0,238.0,28.0,389.0,151.0,104.0,3.0,238.0,0.0,389.0,0.0,0.0,0.0,0.0,105.0,0.0,1.0,0.0,104.0,0.0,3.0,201.0,777.4519709551025,0.0,151.0,0.0,0.0,389.0,0.0,0.0,1.0
0.0,26.0,1.0,252.0,31.0,226.0,0.0,417.0,1.0,556.0,0.0,252.0,0.0,5.0,0.0,0.0,417.0,5.0,1.0,0.0,113.0,0.0,1.0,0.0,795.5243385250207,0.0,0.0,0.0,0.0,226.0,1.0,0.0,1.0
0.0,0.0,0.0,134.0,75.0,0.0,903.0,0.0,3.0,134.0,0.0,1037.0,0.0,0.0,0.0,1.0,0.0,0.0,0.0,0.0,0.0,0.0,3.0,134.0,878.1392532227884,757.0,903.0,0.0,0.0,1037.0,0.0,0.0,1.0
1763.0,0.0,0.0,134.0,87.0,0.0,578.0,0.0,1.0,134.0,0.0,712.0,0.0,0.0,0.0,0.0,0.0,0.0,0.0,1.0,0.0,0.0,1.0,134.0,860.1245859976509,0.0,578.0,1763.0,0.0,712.0,1.0,0.0,1.0
0.0,830.0,1.0,300.0,60.0,0.0,530.0,0.0,3.0,300.0,166.0,830.0,830.0,166.0,0.0,0.0,0.0,166.0,0.0,0.0,0.0,0.0,3.0,134.0,828.2411310370326,0.0,530.0,0.0,0.0,0.0,0.0,0.0,1.0
0.0,0.0,0.0,134.0,87.0,0.0,820.0,0.0,2.0,134.0,0.0,954.0,0.0,0.0,0.0,0.0,0.0,0.0,0.0,2.0,0.0,0.0,2.0,134.0,884.9478422673119,192.0,820.0,0.0,0.0,954.0,1.0,0.0,1.0
0.0,0.0,0.0,0.0,0.0,0.0,0.0,0.0,1.0,134.0,0.0,0.0,0.0,0.0,0.0,0.0,0.0,0.0,0.0,0.0,0.0,0.0,1.0,0.0,795.5243385250207,0.0,0.0,0.0,0.0,0.0,0.0,0.0,1.0
135.0,1909.0,1.0,520.0,115.0,0.0,1389.0,0.0,4.0,520.0,381.0,1909.0,1909.0,382.0,0.0,0.0,0.0,381.0,0.0,0.0,0.0,0.0,4.0,139.0,931.475722170024,0.0,1388.0,135.0,0.0,0.0,0.0,0.0,1.0
238.0,0.0,0.0,186.0,93.0,706.0,2695.0,0.0,9.0,186.0,0.0,2881.0,0.0,0.0,0.0,0.0,0.0,0.0,1.0,1.0,0.0,0.0,9.0,186.0,1056.037522466416,0.0,2694.0,238.0,0.0,2881.0,1.0,0.0,1.0
0.0,0.0,0.0,181.0,104.0,0.0,665.0,47.0,1.0,181.0,0.0,846.0,0.0,0.0,0.0,0.0,47.0,0.0,0.0,1.0,47.0,0.0,1.0,181.0,860.1245859976509,0.0,665.0,0.0,0.0,846.0,0.0,0.0,1.0
0.0,0.0,0.0,139.0,28.0,419.0,330.0,0.0,4.0,139.0,0.0,469.0,0.0,0.0,0.0,0.0,0.0,0.0,1.0,0.0,0.0,0.0,4.0,139.0,789.8006966783246,0.0,330.0,0.0,0.0,469.0,1.0,0.0,1.0
0.0,0.0,0.0,178.0,37.0,0.0,331.0,44.0,3.0,178.0,0.0,509.0,0.0,0.0,0.0,1.0,45.0,0.0,0.0,0.0,44.0,0.0,3.0,178.0,801.5099941518063,509.0,330.0,0.0,0.0,509.0,0.0,0.0,1.0
0.0,0.0,0.0,817.0,100.0,0.0,0.0,684.0,1.0,818.0,0.0,817.0,0.0,0.0,0.0,0.0,685.0,0.0,0.0,1.0,683.0,0.0,1.0,200.0,795.5243385250207,0.0,0.0,0.0,0.0,817.0,0.0,0.0,1.0
0.0,0.0,0.0,623.0,57.0,0.0,0.0,787.0,2.0,921.0,0.0,623.0,0.0,0.0,0.0,1.0,787.0,0.0,0.0,0.0,489.0,0.0,2.0,0.0,775.350181037884,623.0,0.0,0.0,0.0,623.0,0.0,0.0,1.0
0.0,0.0,0.0,134.0,103.0,0.0,1290.0,0.0,3.0,134.0,0.0,1424.0,0.0,0.0,0.0,0.0,0.0,0.0,0.0,1.0,0.0,0.0,3.0,134.0,929.8194512008926,0.0,1290.0,0.0,0.0,1424.0,0.0,0.0,1.0
0.0,724.0,1.0,343.0,43.0,0.0,381.0,60.0,4.0,343.0,204.0,724.0,0.0,145.0,0.0,0.0,61.0,144.0,0.0,0.0,60.0,4.0,4.0,199.0,796.4834808996311,0.0,379.0,0.0,0.0,0.0,0.0,0.0,1.0
0.0,0.0,0.0,356.0,87.0,0.0,598.0,222.0,2.0,356.0,0.0,954.0,0.0,0.0,0.0,1.0,222.0,0.0,0.0,0.0,222.0,0.0,2.0,201.0,855.0980727454759,200.0,598.0,0.0,0.0,954.0,1.0,0.0,1.0
0.0,413.0,1.0,502.0,79.0,231.0,142.0,286.0,1.0,502.0,123.0,644.0,413.0,83.0,0.0,0.0,286.0,82.0,1.0,0.0,286.0,0.0,1.0,201.0,814.6816532927662,0.0,141.0,0.0,0.0,231.0,1.0,0.0,1.0
0.0,600.0,1.0,671.0,62.0,0.0,189.0,417.0,3.0,671.0,120.0,860.0,600.0,120.0,0.0,0.0,417.0,120.0,0.0,0.0,417.0,3.0,3.0,134.0,782.7981983321478,0.0,189.0,0.0,0.0,260.0,0.0,0.0,1.0
0.0,413.0,1.0,385.0,63.0,0.0,671.0,164.0,4.0,385.0,123.0,1056.0,0.0,83.0,0.0,1.0,165.0,82.0,0.0,1.0,164.0,0.0,4.0,208.0,835.2436293832093,225.0,669.0,0.0,0.0,643.0,0.0,0.0,1.0
104.0,0.0,0.0,276.0,79.0,0.0,367.0,142.0,1.0,276.0,0.0,643.0,0.0,0.0,0.0,0.0,143.0,0.0,0.0,1.0,142.0,0.0,1.0,201.0,844.5314228146023,214.0,367.0,104.0,0.0,643.0,1.0,0.0,1.0
1000.0,0.0,0.0,754.0,92.0,0.0,0.0,692.0,1.0,826.0,0.0,754.0,0.0,0.0,0.0,1.0,692.0,0.0,0.0,0.0,620.0,0.0,1.0,129.0,795.5243385250207,0.0,0.0,1000.0,0.0,754.0,0.0,0.0,1.0
0.0,0.0,0.0,212.0,82.0,0.0,457.0,78.0,1.0,212.0,0.0,669.0,0.0,0.0,0.0,0.0,78.0,0.0,0.0,0.0,78.0,1.0,1.0,201.0,856.5604344129541,0.0,456.0,0.0,0.0,669.0,0.0,0.0,1.0
422.0,0.0,0.0,545.0,102.0,0.0,286.0,411.0,1.0,545.0,0.0,831.0,0.0,0.0,0.0,0.0,412.0,0.0,0.0,1.0,411.0,0.0,1.0,201.0,833.8389680605117,0.0,286.0,422.0,0.0,831.0,0.0,0.0,1.0
0.0,0.0,0.0,125.0,7.0,0.0,0.0,417.0,4.0,556.0,0.0,125.0,0.0,0.0,0.0,0.0,417.0,0.0,0.0,0.0,0.0,0.0,4.0,0.0,745.6943208177012,0.0,0.0,0.0,0.0,125.0,0.0,0.0,1.0
0.0,0.0,0.0,215.0,16.0,0.0,0.0,381.0,3.0,515.0,0.0,215.0,0.0,0.0,0.0,0.0,382.0,0.0,0.0,0.0,81.0,0.0,3.0,0.0,757.4036182911827,0.0,0.0,0.0,0.0,215.0,0.0,0.0,1.0
0.0,0.0,0.0,228.0,56.0,0.0,226.0,94.0,1.0,228.0,0.0,454.0,0.0,0.0,0.0,0.0,94.0,0.0,0.0,0.0,94.0,0.0,1.0,201.0,825.8196269949439,0.0,226.0,0.0,0.0,454.0,0.0,0.0,1.0
0.0,0.0,0.0,0.0,0.0,0.0,0.0,0.0,4.0,139.0,0.0,0.0,0.0,0.0,0.0,0.0,0.0,0.0,0.0,0.0,0.0,0.0,4.0,0.0,745.694320817701,0.0,0.0,0.0,0.0,0.0,0.0,0.0,1.0
0.0,70.0,1.0,70.0,9.0,0.0,0.0,200.0,1.0,348.0,0.0,70.0,70.0,14.0,0.0,0.0,200.0,14.0,0.0,0.0,0.0,0.0,1.0,0.0,795.5243385250207,0.0,0.0,0.0,0.0,0.0,0.0,0.0,1.0
0.0,31.0,1.0,271.0,31.0,310.0,70.0,131.0,2.0,271.0,9.0,341.0,31.0,6.0,0.0,0.0,132.0,6.0,1.0,0.0,131.0,0.0,2.0,201.0,784.7060789477132,0.0,69.0,0.0,0.0,310.0,1.0,0.0,1.0
0.0,0.0,0.0,306.0,76.0,0.0,317.0,172.0,1.0,306.0,0.0,623.0,0.0,0.0,0.0,0.0,173.0,0.0,0.0,1.0,172.0,0.0,1.0,201.0,837.8486385932956,623.0,317.0,0.0,0.0,623.0,1.0,0.0,1.0
0.0,0.0,0.0,303.0,76.0,0.0,320.0,169.0,1.0,303.0,0.0,623.0,0.0,0.0,0.0,1.0,170.0,0.0,0.0,0.0,169.0,0.0,1.0,201.0,838.2941575413828,623.0,320.0,0.0,0.0,623.0,1.0,0.0,1.0
0.0,0.0,0.0,139.0,73.0,310.0,1078.0,0.0,4.0,139.0,0.0,1217.0,0.0,0.0,0.0,0.0,0.0,0.0,1.0,2.0,0.0,2.0,4.0,139.0,889.5969410498361,0.0,1078.0,0.0,0.0,1217.0,0.0,0.0,1.0
731.0,731.0,1.0,697.0,89.0,0.0,34.0,417.0,1.0,697.0,152.0,731.0,731.0,146.0,0.0,0.0,417.0,146.0,0.0,0.0,417.0,0.0,1.0,134.0,799.9795280058917,0.0,34.0,731.0,0.0,0.0,0.0,0.0,1.0
2020.0,1204.0,1.0,425.0,85.0,170.0,986.0,0.0,4.0,425.0,240.0,1411.0,1204.0,241.0,0.0,0.0,0.0,240.0,1.0,0.0,0.0,1.0,4.0,139.0,877.5679294514842,0.0,986.0,2020.0,0.0,207.0,1.0,0.0,1.0
0.0,0.0,0.0,321.0,45.0,0.0,302.0,187.0,3.0,321.0,0.0,623.0,0.0,0.0,0.0,1.0,188.0,0.0,0.0,0.0,187.0,0.0,3.0,201.0,797.9458425671094,623.0,302.0,0.0,0.0,623.0,0.0,0.0,1.0
0.0,0.0,0.0,0.0,0.0,0.0,0.0,0.0,5.0,162.0,0.0,0.0,0.0,0.0,0.0,0.0,0.0,0.0,0.0,0.0,0.0,0.0,5.0,0.0,739.7767696693517,0.0,0.0,0.0,0.0,0.0,0.0,0.0,1.0
0.0,0.0,0.0,357.0,110.0,0.0,544.0,223.0,1.0,357.0,0.0,901.0,0.0,0.0,0.0,0.0,224.0,0.0,0.0,1.0,223.0,0.0,1.0,201.0,860.1245859976509,0.0,544.0,0.0,0.0,901.0,0.0,0.0,1.0
1.0,0.0,0.0,134.0,57.0,0.0,489.0,0.0,2.0,134.0,0.0,623.0,0.0,0.0,0.0,0.0,0.0,0.0,0.0,1.0,0.0,0.0,2.0,134.0,840.8414664066884,623.0,489.0,1.0,0.0,623.0,0.0,0.0,1.0
386.0,0.0,0.0,306.0,69.0,0.0,448.0,172.0,2.0,306.0,0.0,754.0,0.0,0.0,0.0,0.0,172.0,0.0,0.0,2.0,172.0,2.0,2.0,201.0,835.0497200815561,754.0,448.0,386.0,0.0,754.0,1.0,0.0,1.0
0.0,0.0,0.0,0.0,0.0,0.0,0.0,232.0,1.0,366.0,0.0,0.0,0.0,0.0,0.0,0.0,0.0,0.0,0.0,0.0,0.0,0.0,1.0,0.0,795.5243385250207,0.0,0.0,0.0,0.0,0.0,0.0,0.0,1.0
0.0,0.0,0.0,239.0,76.0,0.0,384.0,105.0,1.0,239.0,0.0,623.0,0.0,0.0,0.0,0.0,105.0,0.0,0.0,1.0,105.0,1.0,1.0,201.0,846.7590175550378,623.0,383.0,0.0,0.0,623.0,1.0,0.0,1.0
184.0,0.0,0.0,206.0,28.0,431.0,263.0,67.0,4.0,206.0,0.0,469.0,0.0,0.0,0.0,0.0,67.0,0.0,1.0,0.0,67.0,0.0,4.0,206.0,780.8903177165824,0.0,262.0,184.0,0.0,469.0,1.0,0.0,1.0
0.0,576.0,1.0,254.0,35.0,0.0,322.0,0.0,4.0,254.0,115.0,576.0,576.0,115.0,0.0,0.0,0.0,115.0,0.0,0.0,0.0,0.0,4.0,139.0,728.4553239727708,0.0,322.0,0.0,0.0,0.0,0.0,0.0,1.0
0.0,0.0,0.0,169.0,76.0,0.0,454.0,35.0,1.0,169.0,0.0,623.0,0.0,0.0,0.0,0.0,36.0,0.0,0.0,1.0,35.0,0.0,1.0,169.0,862.5935801423796,623.0,453.0,0.0,0.0,623.0,1.0,0.0,1.0
0.0,0.0,0.0,162.0,82.0,0.0,1438.0,0.0,5.0,162.0,0.0,1600.0,0.0,0.0,0.0,0.0,0.0,0.0,0.0,0.0,0.0,0.0,5.0,162.0,845.1232695371987,0.0,1438.0,0.0,0.0,1600.0,0.0,0.0,1.0
0.0,1505.0,1.0,635.0,60.0,0.0,870.0,148.0,7.0,635.0,449.0,1505.0,1505.0,301.0,0.0,0.0,148.0,301.0,0.0,0.0,148.0,0.0,7.0,279.0,710.8939598851522,0.0,869.0,0.0,0.0,0.0,0.0,0.0,1.0
0.0,456.0,1.0,456.0,41.0,0.0,0.0,417.0,2.0,649.0,0.0,456.0,456.0,91.0,0.0,0.0,417.0,91.0,0.0,0.0,224.0,0.0,2.0,0.0,760.8973472547212,0.0,0.0,0.0,0.0,0.0,0.0,0.0,1.0
0.0,0.0,0.0,0.0,0.0,0.0,0.0,232.0,1.0,366.0,0.0,0.0,0.0,0.0,0.0,0.0,232.0,0.0,0.0,0.0,0.0,0.0,1.0,0.0,803.4351572948024,0.0,0.0,0.0,0.0,0.0,0.0,0.0,1.0
0.0,0.0,0.0,277.0,46.0,0.0,366.0,0.0,3.0,277.0,0.0,643.0,0.0,0.0,0.0,1.0,0.0,0.0,0.0,0.0,0.0,0.0,3.0,134.0,768.3832035931059,147.0,509.0,0.0,0.0,643.0,0.0,0.0,1.0
0.0,0.0,0.0,295.0,28.0,310.0,15.0,161.0,2.0,295.0,0.0,310.0,0.0,0.0,0.0,0.0,161.0,0.0,1.0,0.0,161.0,0.0,2.0,201.0,763.0722892711763,0.0,15.0,0.0,0.0,310.0,1.0,0.0,1.0
60.0,948.0,1.0,492.0,68.0,0.0,456.0,169.0,3.0,492.0,283.0,948.0,948.0,190.0,0.0,0.0,170.0,189.0,0.0,0.0,169.0,0.0,3.0,201.0,780.1278904819632,0.0,454.0,60.0,0.0,0.0,0.0,0.0,1.0
71.0,772.0,1.0,522.0,70.0,0.0,250.0,234.0,2.0,522.0,231.0,772.0,772.0,154.0,0.0,0.0,234.0,154.0,0.0,0.0,234.0,2.0,2.0,201.0,793.5214775015468,0.0,249.0,71.0,0.0,0.0,0.0,0.0,1.0
376.0,742.0,1.0,310.0,91.0,0.0,1470.0,0.0,5.0,310.0,148.0,1780.0,742.0,148.0,0.0,1.0,0.0,148.0,0.0,0.0,0.0,0.0,5.0,162.0,849.4731535701087,1038.0,1469.0,376.0,0.0,1038.0,0.0,0.0,1.0
96.0,248.0,1.0,183.0,78.0,0.0,675.0,0.0,2.0,183.0,49.0,858.0,248.0,50.0,0.0,0.0,0.0,49.0,0.0,0.0,0.0,0.0,2.0,134.0,849.199993122796,0.0,674.0,96.0,0.0,610.0,0.0,0.0,1.0
0.0,0.0,0.0,330.0,82.0,0.0,344.0,196.0,1.0,330.0,0.0,674.0,0.0,0.0,0.0,0.0,196.0,0.0,0.0,1.0,196.0,0.0,1.0,201.0,848.2389628337763,0.0,344.0,0.0,0.0,674.0,1.0,0.0,1.0
0.0,2025.0,1.0,818.0,104.0,0.0,1207.0,251.0,5.0,818.0,608.0,2025.0,2025.0,405.0,0.0,0.0,251.0,405.0,0.0,0.0,251.0,0.0,5.0,243.0,815.109069710119,0.0,1207.0,0.0,0.0,0.0,0.0,0.0,1.0
0.0,675.0,1.0,675.0,40.0,0.0,0.0,248.0,4.0,801.0,77.0,675.0,675.0,135.0,0.0,0.0,248.0,135.0,0.0,0.0,122.0,0.0,4.0,83.0,686.2614488535429,0.0,0.0,0.0,0.0,0.0,0.0,0.0,1.0
0.0,0.0,0.0,244.0,22.0,0.0,0.0,417.0,2.0,551.0,0.0,244.0,0.0,0.0,0.0,0.0,417.0,0.0,0.0,0.0,110.0,0.0,2.0,0.0,760.8973472547211,0.0,0.0,0.0,0.0,244.0,0.0,0.0,1.0
0.0,1092.0,1.0,422.0,59.0,64.0,734.0,42.0,5.0,422.0,260.0,1156.0,1092.0,218.0,0.0,0.0,42.0,218.0,1.0,0.0,42.0,0.0,5.0,204.0,753.3407164427958,0.0,733.0,0.0,0.0,64.0,1.0,0.0,1.0
0.0,0.0,0.0,0.0,0.0,0.0,0.0,10.0,5.0,172.0,0.0,0.0,0.0,0.0,0.0,0.0,10.0,0.0,0.0,0.0,0.0,0.0,5.0,0.0,657.6432677187739,0.0,0.0,0.0,0.0,0.0,0.0,0.0,1.0
0.0,0.0,0.0,278.0,22.0,310.0,32.0,144.0,3.0,278.0,0.0,310.0,0.0,0.0,0.0,0.0,144.0,0.0,1.0,0.0,144.0,0.0,3.0,201.0,724.8843632640051,0.0,0.0,0.0,0.0,310.0,1.0,0.0,1.0
0.0,640.0,1.0,508.0,117.0,0.0,775.0,246.0,2.0,508.0,192.0,1283.0,640.0,128.0,0.0,1.0,246.0,128.0,0.0,0.0,246.0,0.0,2.0,201.0,862.2496452215262,65.0,775.0,0.0,0.0,643.0,0.0,0.0,1.0
0.0,714.0,1.0,318.0,65.0,0.0,396.0,0.0,2.0,318.0,142.0,714.0,714.0,143.0,0.0,0.0,0.0,142.0,0.0,0.0,0.0,0.0,2.0,134.0,812.6609672463512,0.0,416.0,0.0,0.0,0.0,0.0,0.0,1.0
0.0,112.0,1.0,184.0,20.0,0.0,197.0,0.0,5.0,184.0,22.0,381.0,112.0,22.0,0.0,0.0,0.0,22.0,0.0,0.0,0.0,0.0,5.0,162.0,683.3075835129434,0.0,196.0,0.0,0.0,269.0,0.0,0.0,1.0
0.0,0.0,0.0,0.0,0.0,0.0,0.0,0.0,1.0,134.0,0.0,0.0,0.0,0.0,0.0,0.0,0.0,0.0,0.0,0.0,0.0,0.0,1.0,0.0,803.4351572948025,0.0,0.0,0.0,0.0,0.0,0.0,0.0,1.0
0.0,0.0,0.0,229.0,79.0,0.0,414.0,95.0,1.0,229.0,0.0,643.0,0.0,0.0,0.0,0.0,96.0,0.0,0.0,1.0,95.0,0.0,1.0,201.0,857.3737193028875,145.0,414.0,0.0,0.0,643.0,1.0,0.0,1.0
0.0,0.0,0.0,356.0,28.0,389.0,33.0,222.0,3.0,356.0,0.0,389.0,0.0,0.0,0.0,0.0,223.0,0.0,1.0,0.0,222.0,0.0,3.0,201.0,724.8843632640051,0.0,33.0,0.0,0.0,389.0,1.0,0.0,1.0
0.0,926.0,1.0,498.0,56.0,0.0,428.0,174.0,4.0,498.0,278.0,926.0,926.0,185.0,0.0,0.0,174.0,185.0,0.0,0.0,174.0,0.0,4.0,209.0,741.939964474792,0.0,428.0,0.0,0.0,0.0,0.0,0.0,1.0
0.0,0.0,0.0,618.0,89.0,0.0,607.0,402.0,3.0,618.0,0.0,1225.0,0.0,0.0,0.0,0.0,403.0,0.0,0.0,0.0,402.0,0.0,3.0,201.0,799.7023686300586,0.0,606.0,0.0,0.0,1225.0,0.0,0.0,1.0
0.0,810.0,1.0,439.0,59.0,0.0,371.0,143.0,3.0,439.0,243.0,810.0,810.0,162.0,0.0,0.0,143.0,162.0,0.0,0.0,143.0,0.0,3.0,201.0,768.8181919963969,0.0,371.0,0.0,0.0,0.0,0.0,0.0,1.0
0.0,0.0,0.0,0.0,0.0,0.0,0.0,332.0,2.0,466.0,0.0,0.0,0.0,0.0,0.0,0.0,332.0,0.0,0.0,0.0,0.0,0.0,2.0,0.0,760.8973472547212,0.0,0.0,0.0,0.0,0.0,0.0,0.0,1.0
0.0,0.0,0.0,526.0,78.0,0.0,334.0,392.0,2.0,526.0,0.0,860.0,0.0,0.0,0.0,0.0,391.0,0.0,0.0,2.0,392.0,0.0,2.0,201.0,804.3961875838221,250.0,335.0,0.0,0.0,860.0,1.0,0.0,1.0
0.0,525.0,1.0,661.0,79.0,0.0,664.0,417.0,4.0,661.0,105.0,1325.0,525.0,105.0,0.0,0.0,417.0,105.0,0.0,0.0,417.0,1.0,4.0,139.0,772.8241411084537,0.0,664.0,0.0,0.0,800.0,0.0,0.0,1.0
0.0,0.0,0.0,134.0,28.0,0.0,97.0,0.0,1.0,134.0,0.0,231.0,0.0,0.0,231.0,0.0,0.0,0.0,0.0,0.0,0.0,0.0,1.0,134.0,816.0498209902416,0.0,97.0,0.0,0.0,231.0,1.0,0.0,1.0
0.0,0.0,0.0,298.0,76.0,0.0,325.0,164.0,1.0,298.0,0.0,623.0,0.0,0.0,0.0,1.0,0.0,0.0,0.0,0.0,164.0,0.0,1.0,201.0,846.0640208173213,623.0,489.0,0.0,0.0,623.0,1.0,0.0,1.0
102.0,0.0,0.0,551.0,55.0,0.0,59.0,417.0,2.0,551.0,0.0,610.0,0.0,0.0,0.0,0.0,417.0,0.0,0.0,0.0,417.0,0.0,2.0,174.0,768.7271385139593,0.0,59.0,102.0,0.0,610.0,0.0,0.0,1.0
0.0,0.0,0.0,414.0,66.0,0.0,124.0,280.0,1.0,414.0,0.0,538.0,0.0,0.0,0.0,0.0,280.0,0.0,0.0,0.0,280.0,1.0,1.0,201.0,819.5297282165698,0.0,123.0,0.0,0.0,538.0,0.0,0.0,1.0
0.0,0.0,0.0,274.0,76.0,0.0,349.0,140.0,1.0,274.0,0.0,623.0,0.0,0.0,0.0,0.0,141.0,0.0,0.0,1.0,140.0,0.0,1.0,201.0,849.1089396403584,623.0,349.0,0.0,0.0,623.0,1.0,0.0,1.0
0.0,116.0,1.0,157.0,90.0,0.0,582.0,0.0,1.0,157.0,23.0,739.0,116.0,23.0,0.0,1.0,0.0,23.0,0.0,0.0,0.0,0.0,1.0,134.0,866.5084757719987,623.0,582.0,0.0,0.0,623.0,1.0,0.0,1.0
0.0,978.0,1.0,511.0,130.0,0.0,918.0,182.0,2.0,511.0,293.0,1429.0,978.0,197.0,0.0,1.0,182.0,195.0,0.0,0.0,182.0,0.0,2.0,201.0,880.0841697564575,0.0,917.0,0.0,0.0,451.0,0.0,0.0,1.0
346.0,1224.0,1.0,406.0,63.0,0.0,818.0,0.0,5.0,406.0,244.0,1224.0,1224.0,245.0,0.0,0.0,0.0,244.0,0.0,0.0,0.0,0.0,5.0,162.0,764.215426525071,0.0,817.0,346.0,0.0,0.0,0.0,0.0,1.0
0.0,0.0,0.0,134.0,64.0,0.0,751.0,0.0,3.0,134.0,0.0,885.0,0.0,0.0,0.0,1.0,0.0,0.0,0.0,0.0,0.0,0.0,3.0,134.0,818.406869971572,0.0,751.0,0.0,0.0,885.0,0.0,0.0,1.0
0.0,323.0,1.0,511.0,23.0,0.0,4.0,261.0,6.0,511.0,96.0,515.0,323.0,65.0,0.0,0.0,262.0,64.0,0.0,0.0,261.0,0.0,6.0,279.0,618.1503765017296,0.0,2.0,0.0,0.0,192.0,0.0,0.0,1.0
0.0,0.0,0.0,228.0,37.0,0.0,279.0,94.0,3.0,228.0,0.0,507.0,0.0,0.0,0.0,0.0,94.0,0.0,0.0,0.0,94.0,0.0,3.0,201.0,757.0735051075396,0.0,278.0,0.0,0.0,507.0,0.0,0.0,1.0
0.0,1063.0,1.0,346.0,125.0,310.0,1027.0,0.0,2.0,346.0,212.0,1373.0,1063.0,213.0,0.0,0.0,0.0,212.0,1.0,0.0,0.0,0.0,2.0,134.0,880.0841697564576,0.0,1026.0,0.0,0.0,310.0,1.0,0.0,1.0
0.0,0.0,0.0,389.0,28.0,389.0,0.0,404.0,3.0,538.0,0.0,389.0,0.0,0.0,0.0,0.0,405.0,0.0,1.0,0.0,255.0,0.0,3.0,52.0,720.5344792310949,0.0,0.0,0.0,0.0,389.0,1.0,0.0,1.0
0.0,2774.0,1.0,740.0,124.0,0.0,2034.0,0.0,6.0,740.0,554.0,2774.0,2774.0,555.0,0.0,0.0,0.0,554.0,0.0,0.0,0.0,0.0,6.0,186.0,883.0583141059541,0.0,2032.0,0.0,0.0,0.0,0.0,0.0,1.0
0.0,0.0,0.0,231.0,28.0,231.0,0.0,183.0,1.0,317.0,0.0,231.0,0.0,0.0,0.0,0.0,184.0,0.0,1.0,0.0,97.0,0.0,1.0,115.0,803.4351572948025,0.0,0.0,0.0,0.0,231.0,1.0,0.0,1.0
0.0,0.0,0.0,189.0,76.0,0.0,434.0,55.0,1.0,189.0,0.0,623.0,0.0,0.0,0.0,1.0,56.0,0.0,0.0,0.0,55.0,0.0,1.0,189.0,859.9836497226336,623.0,434.0,0.0,0.0,623.0,1.0,0.0,1.0
180.0,0.0,0.0,436.0,76.0,0.0,187.0,292.0,1.0,436.0,0.0,623.0,0.0,0.0,0.0,1.0,293.0,0.0,0.0,0.0,292.0,0.0,1.0,201.0,827.7945078790989,623.0,187.0,180.0,0.0,623.0,1.0,0.0,1.0
0.0,0.0,0.0,278.0,28.0,310.0,32.0,144.0,2.0,278.0,0.0,310.0,0.0,0.0,0.0,0.0,144.0,0.0,1.0,0.0,144.0,0.0,2.0,201.0,765.2472312876313,0.0,32.0,0.0,0.0,310.0,1.0,0.0,1.0
0.0,0.0,0.0,496.0,76.0,0.0,127.0,362.0,1.0,496.0,0.0,623.0,0.0,0.0,0.0,0.0,362.0,0.0,0.0,1.0,362.0,0.0,1.0,201.0,819.9647166198607,623.0,126.0,0.0,0.0,623.0,1.0,0.0,1.0
0.0,0.0,0.0,134.0,76.0,0.0,489.0,0.0,1.0,134.0,0.0,623.0,0.0,0.0,0.0,1.0,0.0,0.0,0.0,0.0,0.0,0.0,1.0,134.0,866.5084757719987,623.0,489.0,0.0,0.0,623.0,1.0,0.0,1.0
119.0,0.0,0.0,134.0,79.0,0.0,509.0,0.0,1.0,134.0,0.0,643.0,0.0,0.0,0.0,1.0,0.0,0.0,0.0,0.0,0.0,0.0,1.0,134.0,866.5084757719987,166.0,509.0,119.0,0.0,643.0,1.0,0.0,1.0
6.0,0.0,0.0,203.0,79.0,0.0,440.0,69.0,1.0,203.0,0.0,643.0,0.0,0.0,0.0,0.0,70.0,0.0,0.0,1.0,69.0,0.0,1.0,201.0,860.8536265292156,235.0,440.0,6.0,0.0,643.0,1.0,0.0,1.0
0.0,0.0,0.0,476.0,115.0,0.0,790.0,342.0,2.0,476.0,0.0,1266.0,0.0,0.0,0.0,1.0,342.0,0.0,0.0,1.0,342.0,0.0,2.0,201.0,863.9895988346902,774.0,790.0,0.0,0.0,1266.0,1.0,0.0,1.0
0.0,387.0,1.0,327.0,60.0,275.0,335.0,100.0,2.0,327.0,115.0,662.0,387.0,77.0,0.0,0.0,101.0,77.0,1.0,0.0,100.0,0.0,2.0,201.0,804.831175987113,0.0,334.0,0.0,0.0,275.0,1.0,0.0,1.0
10.0,0.0,0.0,394.0,114.0,0.0,534.0,260.0,1.0,394.0,0.0,928.0,0.0,0.0,0.0,1.0,260.0,0.0,0.0,0.0,260.0,0.0,1.0,201.0,866.5084757719987,0.0,534.0,10.0,0.0,928.0,0.0,0.0,1.0
0.0,0.0,0.0,310.0,28.0,310.0,0.0,294.0,2.0,428.0,0.0,310.0,0.0,0.0,0.0,0.0,294.0,0.0,1.0,0.0,176.0,0.0,2.0,83.0,760.8973472547211,0.0,0.0,0.0,0.0,310.0,1.0,0.0,1.0
0.0,0.0,0.0,0.0,0.0,0.0,0.0,417.0,5.0,579.0,0.0,0.0,0.0,0.0,0.0,0.0,417.0,0.0,0.0,0.0,0.0,0.0,5.0,0.0,657.6432677187739,0.0,0.0,0.0,0.0,0.0,0.0,0.0,1.0
0.0,0.0,0.0,0.0,0.0,0.0,0.0,0.0,2.0,134.0,0.0,0.0,0.0,0.0,0.0,0.0,0.0,0.0,0.0,0.0,0.0,0.0,2.0,0.0,760.8973472547211,0.0,0.0,0.0,0.0,0.0,0.0,0.0,1.0
0.0,0.0,0.0,134.0,28.0,389.0,255.0,0.0,3.0,134.0,0.0,389.0,0.0,0.0,0.0,0.0,0.0,0.0,1.0,0.0,0.0,0.0,3.0,134.0,754.0285862845026,0.0,255.0,0.0,0.0,389.0,1.0,0.0,1.0
0.0,0.0,0.0,162.0,49.0,0.0,788.0,0.0,5.0,162.0,0.0,950.0,0.0,0.0,0.0,0.0,0.0,0.0,0.0,0.0,0.0,0.0,5.0,162.0,760.300530895452,0.0,788.0,0.0,0.0,950.0,0.0,0.0,1.0
0.0,0.0,0.0,623.0,76.0,0.0,0.0,587.0,1.0,721.0,0.0,623.0,0.0,0.0,0.0,1.0,588.0,0.0,0.0,0.0,489.0,0.0,1.0,103.0,803.4351572948024,623.0,0.0,0.0,0.0,623.0,1.0,0.0,1.0
0.0,0.0,0.0,495.0,101.0,0.0,332.0,361.0,1.0,495.0,0.0,827.0,0.0,0.0,0.0,1.0,362.0,0.0,0.0,0.0,361.0,0.0,1.0,201.0,846.9339976239033,0.0,332.0,0.0,0.0,827.0,0.0,0.0,1.0
0.0,0.0,0.0,294.0,28.0,627.0,333.0,108.0,6.0,294.0,0.0,627.0,0.0,0.0,0.0,0.0,109.0,0.0,1.0,0.0,108.0,0.0,6.0,279.0,661.2142284275395,0.0,333.0,0.0,0.0,627.0,1.0,0.0,1.0
0.0,0.0,0.0,0.0,0.0,0.0,0.0,417.0,3.0,551.0,0.0,0.0,0.0,0.0,0.0,0.0,325.0,0.0,0.0,0.0,0.0,0.0,3.0,0.0,720.5344792310949,0.0,0.0,0.0,0.0,0.0,0.0,0.0,1.0
0.0,198.0,1.0,198.0,24.0,0.0,0.0,237.0,1.0,410.0,0.0,198.0,198.0,40.0,0.0,0.0,238.0,39.0,0.0,0.0,25.0,0.0,1.0,0.0,803.4351572948024,0.0,0.0,0.0,0.0,0.0,0.0,0.0,1.0
484.0,0.0,0.0,134.0,95.0,0.0,646.0,0.0,1.0,134.0,0.0,780.0,0.0,0.0,0.0,0.0,0.0,0.0,0.0,1.0,0.0,0.0,1.0,134.0,866.5084757719987,0.0,646.0,484.0,0.0,780.0,0.0,0.0,1.0
0.0,1032.0,1.0,576.0,94.0,0.0,456.0,236.0,2.0,576.0,309.0,1032.0,1032.0,206.0,0.0,0.0,236.0,206.0,0.0,0.0,236.0,0.0,2.0,201.0,820.4907585055894,0.0,456.0,0.0,0.0,0.0,0.0,0.0,1.0
0.0,150.0,1.0,150.0,11.0,0.0,0.0,232.0,3.0,396.0,0.0,150.0,0.0,30.0,0.0,0.0,232.0,30.0,0.0,0.0,0.0,0.0,3.0,0.0,720.5344792310949,0.0,0.0,0.0,0.0,0.0,0.0,0.0,1.0
302.0,1264.0,1.0,832.0,57.0,0.0,432.0,394.0,6.0,832.0,378.0,1264.0,1264.0,253.0,0.0,0.0,395.0,252.0,0.0,0.0,394.0,0.0,6.0,279.0,674.2638805262699,0.0,430.0,302.0,0.0,0.0,0.0,0.0,1.0
0.0,202.0,1.0,584.0,39.0,0.0,68.0,405.0,4.0,584.0,60.0,652.0,0.0,40.0,0.0,0.0,406.0,40.0,0.0,0.0,405.0,0.0,4.0,208.0,694.961216919363,0.0,67.0,0.0,0.0,450.0,0.0,0.0,1.0
0.0,0.0,0.0,339.0,57.0,0.0,284.0,205.0,2.0,339.0,0.0,623.0,0.0,0.0,0.0,1.0,206.0,0.0,0.0,0.0,205.0,0.0,2.0,201.0,797.8713615344569,623.0,284.0,0.0,0.0,623.0,0.0,0.0,1.0
0.0,2068.0,1.0,599.0,92.0,0.0,1727.0,0.0,7.0,599.0,413.0,2326.0,2068.0,414.0,0.0,0.0,0.0,413.0,0.0,0.0,0.0,0.0,7.0,186.0,822.6859795309415,0.0,1727.0,0.0,0.0,258.0,0.0,0.0,1.0
0.0,0.0,0.0,237.0,28.0,389.0,152.0,103.0,3.0,237.0,0.0,389.0,0.0,0.0,0.0,0.0,104.0,0.0,1.0,0.0,103.0,0.0,3.0,201.0,740.5439457824814,0.0,152.0,0.0,0.0,389.0,1.0,0.0,1.0
0.0,0.0,0.0,540.0,58.0,0.0,103.0,406.0,2.0,540.0,0.0,643.0,0.0,0.0,0.0,0.0,407.0,0.0,0.0,1.0,406.0,0.0,2.0,201.0,774.3819877567424,457.0,103.0,0.0,0.0,643.0,0.0,0.0,1.0
164.0,1825.0,1.0,551.0,99.0,389.0,1663.0,0.0,6.0,551.0,365.0,2214.0,1825.0,365.0,0.0,0.0,0.0,365.0,1.0,0.0,0.0,0.0,6.0,186.0,834.7746013406521,0.0,1663.0,159.0,5.0,389.0,1.0,0.0,1.0
0.0,0.0,0.0,0.0,0.0,0.0,0.0,232.0,3.0,366.0,0.0,0.0,0.0,0.0,0.0,0.0,0.0,0.0,0.0,0.0,0.0,0.0,3.0,0.0,720.5344792310949,0.0,0.0,0.0,0.0,0.0,0.0,0.0,1.0
0.0,0.0,0.0,278.0,22.0,310.0,32.0,144.0,3.0,278.0,0.0,310.0,0.0,0.0,0.0,0.0,144.0,0.0,1.0,0.0,144.0,0.0,3.0,201.0,724.884363264005,0.0,32.0,0.0,0.0,310.0,1.0,0.0,1.0
0.0,1017.0,1.0,529.0,92.0,0.0,488.0,192.0,2.0,529.0,305.0,1017.0,1017.0,203.0,0.0,0.0,192.0,203.0,0.0,0.0,192.0,0.0,2.0,201.0,824.4056541352085,0.0,487.0,0.0,0.0,0.0,0.0,0.0,1.0
0.0,0.0,0.0,598.0,86.0,0.0,102.0,464.0,1.0,598.0,0.0,700.0,0.0,0.0,0.0,1.0,464.0,0.0,0.0,0.0,464.0,0.0,1.0,201.0,816.9197977968237,623.0,101.0,0.0,0.0,700.0,1.0,0.0,1.0
0.0,0.0,0.0,0.0,0.0,0.0,0.0,0.0,1.0,134.0,0.0,0.0,0.0,0.0,0.0,0.0,0.0,0.0,0.0,0.0,0.0,0.0,1.0,0.0,803.4351572948024,0.0,0.0,0.0,0.0,0.0,0.0,0.0,1.0
0.0,0.0,0.0,221.0,76.0,0.0,402.0,87.0,1.0,221.0,0.0,623.0,0.0,0.0,0.0,1.0,88.0,0.0,0.0,0.0,87.0,0.0,1.0,201.0,856.0687540930145,623.0,402.0,0.0,0.0,623.0,1.0,0.0,1.0
0.0,963.0,1.0,584.0,37.0,0.0,465.0,206.0,8.0,584.0,288.0,1049.0,963.0,193.0,0.0,0.0,207.0,192.0,0.0,0.0,206.0,0.0,8.0,279.0,621.3774022896419,0.0,464.0,0.0,0.0,86.0,0.0,0.0,1.0
0.0,0.0,0.0,361.0,79.0,0.0,282.0,227.0,1.0,361.0,0.0,643.0,0.0,0.0,0.0,0.0,228.0,0.0,0.0,1.0,227.0,0.0,1.0,201.0,840.4091715745382,45.0,282.0,0.0,0.0,643.0,1.0,0.0,1.0
0.0,0.0,0.0,134.0,103.0,0.0,709.0,0.0,1.0,134.0,0.0,843.0,0.0,0.0,0.0,0.0,0.0,0.0,0.0,1.0,0.0,0.0,1.0,134.0,866.5084757719987,0.0,709.0,0.0,0.0,843.0,0.0,0.0,1.0
0.0,279.0,1.0,279.0,34.0,0.0,0.0,417.0,1.0,606.0,0.0,279.0,279.0,56.0,0.0,0.0,417.0,55.0,0.0,0.0,90.0,0.0,1.0,0.0,803.4351572948024,0.0,0.0,0.0,0.0,0.0,0.0,0.0,1.0
88.0,0.0,0.0,336.0,87.0,0.0,618.0,202.0,2.0,336.0,0.0,954.0,0.0,0.0,0.0,0.0,202.0,0.0,0.0,2.0,202.0,2.0,2.0,201.0,841.3702018635578,384.0,618.0,88.0,0.0,954.0,1.0,0.0,1.0
0.0,0.0,0.0,134.0,33.0,310.0,226.0,0.0,2.0,134.0,0.0,360.0,0.0,0.0,0.0,0.0,0.0,0.0,1.0,0.0,0.0,0.0,2.0,134.0,790.4765586785097,0.0,226.0,0.0,0.0,360.0,1.0,0.0,1.0
0.0,0.0,0.0,556.0,85.0,0.0,378.0,422.0,2.0,556.0,0.0,934.0,0.0,0.0,0.0,0.0,422.0,0.0,0.0,2.0,422.0,2.0,2.0,201.0,810.0510368266051,934.0,378.0,0.0,0.0,934.0,1.0,0.0,1.0
0.0,0.0,0.0,346.0,78.0,0.0,292.0,212.0,1.0,346.0,0.0,638.0,0.0,0.0,0.0,1.0,99.0,0.0,0.0,0.0,212.0,0.0,1.0,201.0,841.7141367844112,0.0,405.0,0.0,0.0,638.0,0.0,0.0,1.0
0.0,0.0,0.0,353.0,58.0,0.0,443.0,219.0,3.0,353.0,0.0,796.0,0.0,0.0,0.0,0.0,219.0,0.0,0.0,0.0,219.0,0.0,3.0,201.0,778.3879368687991,0.0,443.0,0.0,0.0,796.0,0.0,0.0,1.0
0.0,1281.0,1.0,618.0,66.0,0.0,663.0,200.0,5.0,618.0,384.0,1281.0,1281.0,256.0,0.0,0.0,200.0,256.0,0.0,0.0,200.0,0.0,5.0,243.0,744.2059599736846,0.0,663.0,0.0,0.0,0.0,0.0,0.0,1.0
0.0,1225.0,1.0,379.0,117.0,389.0,1235.0,0.0,3.0,379.0,245.0,1614.0,1225.0,245.0,0.0,0.0,0.0,245.0,1.0,0.0,0.0,0.0,3.0,134.0,881.9151768520592,0.0,1235.0,0.0,0.0,389.0,1.0,0.0,1.0
0.0,0.0,0.0,415.0,51.0,0.0,0.0,291.0,1.0,425.0,0.0,415.0,0.0,0.0,0.0,1.0,291.0,0.0,0.0,0.0,281.0,0.0,1.0,191.0,803.4351572948024,415.0,0.0,0.0,0.0,415.0,1.0,0.0,1.0
0.0,0.0,0.0,134.0,90.0,0.0,1112.0,0.0,3.0,134.0,0.0,1246.0,0.0,0.0,0.0,1.0,0.0,0.0,0.0,0.0,0.0,0.0,3.0,134.0,865.8206059302919,1246.0,1112.0,0.0,0.0,1246.0,0.0,0.0,1.0
0.0,568.0,1.0,247.0,41.0,0.0,321.0,0.0,3.0,247.0,113.0,568.0,568.0,114.0,0.0,0.0,0.0,113.0,0.0,0.0,0.0,0.0,3.0,134.0,762.2933659470317,0.0,320.0,0.0,0.0,0.0,0.0,0.0,1.0
0.0,600.0,1.0,600.0,43.0,0.0,0.0,417.0,3.0,671.0,49.0,600.0,600.0,120.0,0.0,0.0,417.0,120.0,0.0,0.0,346.0,0.0,3.0,63.0,720.5344792310949,0.0,0.0,0.0,0.0,0.0,0.0,0.0,1.0
0.0,0.0,0.0,160.0,76.0,0.0,463.0,26.0,1.0,160.0,0.0,623.0,0.0,0.0,0.0,1.0,27.0,0.0,0.0,0.0,26.0,0.0,1.0,160.0,863.8985453522527,623.0,463.0,0.0,0.0,623.0,1.0,0.0,1.0
0.0,0.0,0.0,389.0,28.0,389.0,0.0,417.0,3.0,551.0,0.0,389.0,0.0,0.0,0.0,0.0,417.0,0.0,1.0,0.0,255.0,0.0,3.0,0.0,720.5344792310949,0.0,0.0,0.0,0.0,389.0,1.0,0.0,1.0
0.0,0.0,0.0,383.0,76.0,0.0,240.0,249.0,1.0,383.0,0.0,623.0,0.0,0.0,0.0,0.0,250.0,0.0,0.0,1.0,249.0,0.0,1.0,201.0,834.754322331755,623.0,239.0,0.0,0.0,623.0,1.0,0.0,1.0
0.0,335.0,1.0,201.0,69.0,0.0,757.0,0.0,3.0,201.0,67.0,958.0,335.0,67.0,0.0,1.0,0.0,67.0,0.0,0.0,0.0,0.0,3.0,134.0,819.2768467781539,623.0,757.0,0.0,0.0,623.0,0.0,0.0,1.0
0.0,0.0,0.0,417.0,65.0,0.0,849.0,255.0,5.0,417.0,0.0,1266.0,0.0,0.0,0.0,1.0,255.0,0.0,0.0,0.0,255.0,0.0,5.0,243.0,768.5653105579811,909.0,849.0,0.0,0.0,1266.0,0.0,0.0,1.0
446.0,0.0,0.0,139.0,63.0,389.0,913.0,0.0,4.0,139.0,0.0,1052.0,0.0,0.0,0.0,1.0,0.0,0.0,1.0,0.0,0.0,0.0,4.0,139.0,805.4482713552792,613.0,913.0,446.0,0.0,1052.0,1.0,0.0,1.0
0.0,0.0,0.0,0.0,0.0,0.0,0.0,0.0,3.0,134.0,0.0,0.0,0.0,0.0,0.0,0.0,0.0,0.0,0.0,0.0,0.0,0.0,3.0,0.0,720.5344792310949,0.0,0.0,0.0,0.0,0.0,0.0,0.0,1.0
0.0,0.0,0.0,471.0,76.0,0.0,152.0,337.0,1.0,471.0,0.0,623.0,0.0,0.0,0.0,1.0,337.0,0.0,0.0,0.0,337.0,0.0,1.0,201.0,823.4446238461888,623.0,152.0,0.0,0.0,623.0,1.0,0.0,1.0
0.0,0.0,0.0,0.0,0.0,0.0,0.0,0.0,3.0,134.0,0.0,0.0,0.0,0.0,0.0,0.0,0.0,0.0,0.0,0.0,0.0,0.0,3.0,0.0,720.5344792310949,0.0,0.0,0.0,0.0,0.0,0.0,0.0,1.0
11.0,0.0,0.0,406.0,78.0,231.0,448.0,272.0,2.0,406.0,0.0,854.0,0.0,0.0,0.0,1.0,272.0,0.0,1.0,0.0,272.0,0.0,2.0,201.0,819.1857932957163,623.0,448.0,11.0,0.0,854.0,1.0,0.0,1.0
0.0,1526.0,1.0,516.0,110.0,0.0,1010.0,0.0,3.0,516.0,305.0,1526.0,1526.0,305.0,0.0,0.0,0.0,305.0,0.0,0.0,0.0,0.0,3.0,134.0,852.3359654282706,0.0,1010.0,0.0,0.0,0.0,0.0,0.0,1.0
0.0,0.0,0.0,134.0,28.0,310.0,176.0,0.0,2.0,134.0,0.0,310.0,0.0,0.0,0.0,0.0,0.0,0.0,1.0,0.0,0.0,0.0,2.0,134.0,783.9517326291445,0.0,176.0,0.0,0.0,310.0,1.0,0.0,1.0
0.0,0.0,0.0,134.0,35.0,389.0,255.0,0.0,2.0,134.0,0.0,389.0,0.0,0.0,0.0,0.0,0.0,0.0,1.0,0.0,0.0,1.0,2.0,134.0,794.3914543081288,0.0,255.0,0.0,0.0,389.0,1.0,0.0,1.0
0.0,0.0,0.0,321.0,76.0,0.0,302.0,187.0,1.0,321.0,0.0,623.0,0.0,0.0,0.0,1.0,188.0,0.0,0.0,0.0,187.0,0.0,1.0,201.0,843.0191019942843,623.0,302.0,0.0,0.0,623.0,1.0,0.0,1.0
400.0,0.0,0.0,788.0,117.0,0.0,168.0,544.0,1.0,788.0,0.0,956.0,0.0,0.0,0.0,0.0,544.0,0.0,0.0,1.0,544.0,0.0,1.0,201.0,825.1845774593528,0.0,168.0,400.0,0.0,956.0,0.0,0.0,1.0
37.0,448.0,1.0,448.0,41.0,0.0,0.0,402.0,2.0,625.0,0.0,448.0,0.0,90.0,0.0,0.0,403.0,89.0,0.0,0.0,225.0,0.0,2.0,24.0,760.8973472547211,0.0,0.0,37.0,0.0,0.0,0.0,0.0,1.0
868.0,767.0,1.0,712.0,64.0,0.0,168.0,417.0,3.0,712.0,187.0,880.0,767.0,154.0,0.0,0.0,417.0,153.0,0.0,0.0,417.0,0.0,3.0,159.0,755.3368501567356,0.0,168.0,868.0,0.0,113.0,0.0,0.0,1.0
0.0,1324.0,1.0,674.0,79.0,0.0,650.0,271.0,4.0,674.0,396.0,1324.0,1324.0,265.0,0.0,0.0,272.0,264.0,0.0,0.0,271.0,0.0,4.0,208.0,713.730080517196,0.0,648.0,0.0,0.0,0.0,0.0,0.0,1.0
0.0,998.0,1.0,389.0,60.0,0.0,609.0,51.0,4.0,389.0,250.0,998.0,998.0,200.0,0.0,0.0,51.0,199.0,0.0,0.0,51.0,0.0,4.0,190.0,709.9191845014066,0.0,608.0,0.0,0.0,0.0,0.0,0.0,1.0
0.0,0.0,0.0,0.0,0.0,0.0,0.0,0.0,3.0,134.0,0.0,0.0,0.0,0.0,0.0,0.0,0.0,0.0,0.0,0.0,0.0,0.0,3.0,0.0,739.4581199727803,0.0,0.0,0.0,0.0,0.0,0.0,0.0,1.0
0.0,0.0,0.0,0.0,0.0,0.0,0.0,234.0,3.0,368.0,0.0,0.0,0.0,0.0,0.0,0.0,234.0,0.0,0.0,0.0,0.0,0.0,3.0,0.0,739.4581199727804,0.0,0.0,0.0,0.0,0.0,0.0,0.0,1.0
0.0,0.0,0.0,134.0,28.0,310.0,176.0,0.0,2.0,134.0,0.0,310.0,0.0,0.0,0.0,0.0,0.0,0.0,1.0,0.0,0.0,1.0,2.0,134.0,848.3907040738527,0.0,176.0,0.0,0.0,310.0,1.0,0.0,1.0
25.0,0.0,0.0,134.0,45.0,0.0,489.0,0.0,3.0,134.0,0.0,623.0,0.0,0.0,0.0,1.0,0.0,0.0,0.0,0.0,0.0,0.0,3.0,134.0,786.1415852849397,623.0,489.0,25.0,0.0,623.0,0.0,0.0,1.0
0.0,0.0,0.0,0.0,0.0,0.0,0.0,0.0,1.0,134.0,0.0,0.0,0.0,0.0,0.0,0.0,0.0,0.0,0.0,0.0,0.0,0.0,1.0,0.0,925.2482546622226,0.0,0.0,0.0,0.0,0.0,0.0,0.0,1.0
0.0,0.0,0.0,196.0,28.0,310.0,114.0,62.0,2.0,196.0,0.0,310.0,0.0,0.0,0.0,0.0,62.0,0.0,1.0,0.0,62.0,0.0,2.0,196.0,842.3567869330999,0.0,114.0,0.0,0.0,310.0,1.0,0.0,1.0
0.0,0.0,0.0,0.0,0.0,0.0,0.0,400.0,1.0,534.0,0.0,0.0,0.0,0.0,0.0,0.0,400.0,0.0,0.0,0.0,0.0,0.0,1.0,0.0,925.2482546622224,0.0,0.0,0.0,0.0,0.0,0.0,0.0,1.0
0.0,0.0,0.0,361.0,79.0,0.0,282.0,227.0,1.0,361.0,0.0,643.0,0.0,0.0,0.0,0.0,228.0,0.0,0.0,1.0,227.0,0.0,1.0,201.0,952.2420948609335,45.0,282.0,0.0,0.0,643.0,1.0,0.0,1.0
0.0,0.0,0.0,0.0,0.0,0.0,0.0,0.0,1.0,134.0,0.0,0.0,0.0,0.0,0.0,0.0,0.0,0.0,0.0,0.0,0.0,0.0,1.0,0.0,925.2482546622226,0.0,0.0,0.0,0.0,0.0,0.0,0.0,1.0
0.0,732.0,1.0,424.0,69.0,0.0,532.0,144.0,3.0,424.0,219.0,956.0,732.0,146.0,0.0,0.0,144.0,146.0,0.0,0.0,144.0,0.0,3.0,201.0,790.270055328973,0.0,531.0,0.0,0.0,224.0,0.0,0.0,1.0
0.0,0.0,0.0,246.0,28.0,310.0,64.0,112.0,2.0,246.0,0.0,310.0,0.0,0.0,0.0,0.0,200.0,0.0,1.0,0.0,112.0,0.0,2.0,201.0,837.5931681792741,0.0,0.0,0.0,0.0,310.0,1.0,0.0,1.0
0.0,0.0,0.0,185.0,28.0,0.0,46.0,51.0,1.0,185.0,0.0,231.0,0.0,0.0,231.0,0.0,52.0,0.0,0.0,0.0,51.0,0.0,1.0,185.0,929.6942984255414,0.0,46.0,0.0,0.0,231.0,1.0,0.0,1.0
0.0,0.0,0.0,0.0,0.0,0.0,0.0,417.0,2.0,551.0,0.0,0.0,0.0,0.0,0.0,0.0,417.0,0.0,0.0,0.0,0.0,0.0,2.0,0.0,831.5592508181,0.0,0.0,0.0,0.0,0.0,0.0,0.0,1.0
0.0,0.0,0.0,134.0,106.0,0.0,733.0,0.0,1.0,134.0,0.0,867.0,0.0,0.0,0.0,0.0,0.0,0.0,0.0,1.0,0.0,0.0,1.0,134.0,971.296571062645,0.0,733.0,0.0,0.0,867.0,0.0,0.0,1.0
0.0,833.0,1.0,305.0,50.0,0.0,528.0,0.0,4.0,305.0,166.0,833.0,0.0,167.0,0.0,0.0,0.0,166.0,0.0,0.0,0.0,0.0,4.0,139.0,701.9798200769216,0.0,527.0,0.0,0.0,0.0,0.0,0.0,1.0
0.0,322.0,1.0,198.0,44.0,290.0,414.0,0.0,3.0,198.0,64.0,612.0,322.0,64.0,0.0,0.0,0.0,64.0,1.0,0.0,0.0,0.0,3.0,134.0,778.8373694739521,0.0,414.0,0.0,0.0,290.0,1.0,0.0,1.0
0.0,0.0,0.0,0.0,0.0,0.0,0.0,0.0,1.0,134.0,0.0,0.0,0.0,0.0,0.0,0.0,0.0,0.0,0.0,0.0,0.0,0.0,1.0,0.0,925.2482546622226,0.0,0.0,0.0,0.0,0.0,0.0,0.0,1.0
0.0,700.0,1.0,349.0,120.0,0.0,974.0,75.0,2.0,349.0,210.0,1323.0,700.0,140.0,0.0,1.0,76.0,140.0,0.0,0.0,75.0,0.0,2.0,201.0,918.5746899129769,623.0,938.0,0.0,0.0,623.0,0.0,0.0,1.0
0.0,0.0,0.0,134.0,28.0,310.0,176.0,0.0,2.0,134.0,0.0,310.0,0.0,0.0,0.0,0.0,0.0,0.0,1.0,0.0,0.0,0.0,2.0,134.0,848.3907040738527,0.0,176.0,0.0,0.0,310.0,1.0,0.0,1.0
25.0,0.0,0.0,169.0,15.0,169.0,0.0,417.0,2.0,551.0,0.0,169.0,0.0,0.0,0.0,0.0,417.0,0.0,1.0,0.0,35.0,0.0,2.0,0.0,831.5592508181,0.0,0.0,25.0,0.0,169.0,1.0,0.0,1.0
308.0,0.0,0.0,164.0,78.0,231.0,690.0,30.0,2.0,164.0,0.0,854.0,0.0,0.0,0.0,1.0,30.0,0.0,1.0,0.0,30.0,0.0,2.0,164.0,897.2971920850348,623.0,690.0,308.0,0.0,854.0,1.0,0.0,1.0
0.0,667.0,1.0,319.0,80.0,493.0,1464.0,0.0,6.0,319.0,133.0,1783.0,667.0,133.0,0.0,1.0,0.0,133.0,1.0,0.0,0.0,0.0,6.0,186.0,615.9081093824082,623.0,1463.0,0.0,0.0,1116.0,1.0,0.0,1.0
0.0,0.0,0.0,134.0,28.0,389.0,255.0,0.0,3.0,134.0,0.0,389.0,0.0,0.0,0.0,0.0,0.0,0.0,1.0,0.0,0.0,0.0,3.0,134.0,763.9113636187908,0.0,255.0,0.0,0.0,389.0,1.0,0.0,1.0
0.0,0.0,0.0,134.0,85.0,0.0,800.0,0.0,2.0,134.0,0.0,934.0,0.0,0.0,0.0,0.0,0.0,0.0,0.0,2.0,0.0,0.0,2.0,134.0,907.7771536066213,934.0,800.0,0.0,0.0,934.0,1.0,0.0,1.0
0.0,0.0,0.0,100.0,12.0,0.0,0.0,25.0,1.0,159.0,0.0,100.0,0.0,0.0,0.0,0.0,25.0,0.0,0.0,1.0,0.0,1.0,1.0,100.0,925.2482546622226,0.0,0.0,0.0,0.0,100.0,0.0,0.0,1.0
0.0,1170.0,1.0,785.0,85.0,0.0,385.0,417.0,3.0,785.0,307.0,1170.0,1170.0,234.0,0.0,0.0,417.0,234.0,0.0,0.0,417.0,0.0,3.0,157.0,776.2967731462957,0.0,385.0,0.0,0.0,0.0,0.0,0.0,1.0
0.0,1617.0,1.0,535.0,95.0,231.0,1313.0,50.0,5.0,535.0,373.0,1848.0,1617.0,323.0,0.0,0.0,51.0,323.0,1.0,0.0,50.0,0.0,5.0,212.0,693.4008080773282,0.0,1312.0,0.0,0.0,231.0,1.0,0.0,1.0
1671.0,1884.0,1.0,538.0,97.0,0.0,1346.0,0.0,5.0,538.0,376.0,1884.0,1884.0,377.0,0.0,0.0,0.0,376.0,0.0,0.0,0.0,4.0,5.0,162.0,696.5765540217153,0.0,1345.0,471.0,1200.0,0.0,0.0,0.0,1.0
0.0,1148.0,1.0,363.0,104.0,0.0,785.0,0.0,2.0,363.0,229.0,1148.0,1148.0,230.0,0.0,0.0,0.0,229.0,0.0,0.0,0.0,0.0,2.0,134.0,906.5068551403544,0.0,784.0,0.0,0.0,0.0,0.0,0.0,1.0
3.0,480.0,1.0,480.0,59.0,0.0,0.0,417.0,1.0,647.0,0.0,480.0,480.0,96.0,0.0,0.0,417.0,96.0,0.0,0.0,250.0,0.0,1.0,0.0,925.2482546622226,0.0,0.0,3.0,0.0,0.0,0.0,0.0,1.0
0.0,0.0,0.0,163.0,112.0,0.0,751.0,29.0,1.0,163.0,0.0,914.0,0.0,0.0,0.0,0.0,29.0,0.0,0.0,1.0,29.0,0.0,1.0,163.0,971.296571062645,0.0,751.0,0.0,0.0,914.0,0.0,0.0,1.0
0.0,0.0,0.0,134.0,118.0,0.0,1164.0,0.0,2.0,134.0,0.0,1298.0,0.0,0.0,0.0,1.0,0.0,0.0,0.0,0.0,0.0,0.0,2.0,134.0,918.5746899129769,385.0,1164.0,0.0,0.0,1298.0,1.0,0.0,1.0
0.0,0.0,0.0,134.0,28.0,310.0,176.0,0.0,2.0,134.0,0.0,310.0,0.0,0.0,0.0,0.0,0.0,0.0,1.0,0.0,0.0,0.0,2.0,134.0,848.3907040738527,0.0,176.0,0.0,0.0,310.0,1.0,0.0,1.0
0.0,1710.0,1.0,504.0,88.0,0.0,1206.0,0.0,5.0,504.0,342.0,1710.0,1710.0,342.0,0.0,0.0,0.0,342.0,0.0,0.0,0.0,0.0,5.0,162.0,683.238421356244,0.0,1206.0,0.0,0.0,0.0,0.0,0.0,1.0
0.0,0.0,0.0,437.0,42.0,0.0,30.0,303.0,2.0,437.0,0.0,467.0,0.0,0.0,0.0,0.0,303.0,0.0,0.0,0.0,303.0,0.0,2.0,201.0,834.4174220022973,0.0,30.0,0.0,0.0,467.0,0.0,0.0,1.0
0.0,0.0,0.0,0.0,0.0,0.0,0.0,0.0,1.0,134.0,0.0,0.0,0.0,0.0,0.0,0.0,0.0,0.0,0.0,0.0,0.0,0.0,1.0,0.0,925.2482546622226,0.0,0.0,0.0,0.0,0.0,0.0,0.0,1.0
0.0,1285.0,1.0,563.0,94.0,16.0,738.0,0.0,3.0,563.0,257.0,1301.0,1285.0,257.0,0.0,0.0,0.0,257.0,1.0,0.0,0.0,0.0,3.0,134.0,809.6421060635047,0.0,738.0,0.0,0.0,16.0,1.0,0.0,1.0
0.0,0.0,0.0,310.0,28.0,310.0,0.0,244.0,2.0,378.0,0.0,310.0,0.0,0.0,0.0,0.0,244.0,0.0,1.0,0.0,176.0,0.0,2.0,133.0,831.5592508181,0.0,0.0,0.0,0.0,310.0,1.0,0.0,1.0
599.0,1376.0,1.0,409.0,99.0,0.0,967.0,0.0,3.0,409.0,275.0,1376.0,1376.0,275.0,0.0,0.0,0.0,275.0,0.0,0.0,0.0,0.0,3.0,134.0,831.5547528927792,0.0,967.0,599.0,0.0,0.0,0.0,0.0,1.0
0.0,0.0,0.0,524.0,68.0,0.0,608.0,385.0,4.0,524.0,0.0,1132.0,0.0,0.0,0.0,0.0,386.0,0.0,0.0,0.0,385.0,0.0,4.0,208.0,709.6016106792199,0.0,608.0,0.0,0.0,1132.0,0.0,0.0,1.0
0.0,0.0,0.0,0.0,0.0,0.0,0.0,0.0,4.0,139.0,0.0,0.0,0.0,0.0,0.0,0.0,0.0,0.0,0.0,0.0,0.0,0.0,4.0,0.0,651.8030338289892,0.0,0.0,0.0,0.0,0.0,0.0,0.0,1.0
0.0,0.0,0.0,0.0,0.0,0.0,0.0,0.0,1.0,134.0,0.0,0.0,0.0,0.0,0.0,0.0,0.0,0.0,0.0,0.0,0.0,0.0,1.0,0.0,925.2482546622224,0.0,0.0,0.0,0.0,0.0,0.0,0.0,1.0
0.0,0.0,0.0,0.0,0.0,0.0,0.0,0.0,1.0,134.0,0.0,0.0,0.0,0.0,0.0,0.0,0.0,0.0,0.0,0.0,0.0,1.0,1.0,0.0,925.2482546622226,0.0,0.0,0.0,0.0,0.0,0.0,0.0,1.0
0.0,105.0,1.0,105.0,13.0,0.0,0.0,50.0,1.0,205.0,0.0,105.0,105.0,21.0,0.0,0.0,50.0,21.0,0.0,0.0,0.0,0.0,1.0,76.0,925.2482546622226,0.0,0.0,0.0,0.0,0.0,0.0,0.0,1.0
0.0,0.0,0.0,189.0,79.0,0.0,898.0,55.0,3.0,189.0,0.0,1087.0,0.0,0.0,0.0,0.0,55.0,0.0,0.0,0.0,55.0,0.0,3.0,189.0,824.88568631921,0.0,898.0,0.0,0.0,1087.0,0.0,0.0,1.0
0.0,0.0,0.0,0.0,0.0,0.0,0.0,417.0,2.0,551.0,0.0,0.0,0.0,0.0,0.0,0.0,417.0,0.0,0.0,0.0,0.0,0.0,2.0,0.0,831.5592508181,0.0,0.0,0.0,0.0,0.0,0.0,0.0,1.0
0.0,654.0,1.0,301.0,47.0,0.0,353.0,37.0,3.0,301.0,167.0,654.0,654.0,131.0,0.0,0.0,38.0,130.0,0.0,0.0,37.0,0.0,3.0,171.0,773.1210273905427,0.0,351.0,0.0,0.0,0.0,0.0,0.0,1.0
0.0,0.0,0.0,134.0,72.0,0.0,657.0,0.0,2.0,134.0,0.0,791.0,0.0,0.0,0.0,1.0,0.0,0.0,0.0,0.0,0.0,0.0,2.0,134.0,894.1214460724514,455.0,657.0,0.0,0.0,791.0,0.0,0.0,1.0
0.0,1110.0,1.0,361.0,67.0,0.0,749.0,0.0,4.0,361.0,222.0,1110.0,1110.0,221.0,0.0,0.0,0.0,222.0,0.0,0.0,0.0,0.0,4.0,139.0,723.2573173331243,0.0,747.0,0.0,0.0,0.0,0.0,0.0,1.0
123.0,568.0,1.0,713.0,40.0,0.0,70.0,417.0,5.0,713.0,148.0,783.0,568.0,114.0,0.0,0.0,417.0,113.0,0.0,0.0,417.0,1.0,5.0,222.0,574.9454836716928,0.0,69.0,123.0,0.0,215.0,0.0,0.0,1.0
0.0,0.0,0.0,461.0,79.0,0.0,182.0,327.0,1.0,461.0,0.0,643.0,0.0,0.0,0.0,1.0,328.0,0.0,0.0,0.0,327.0,0.0,1.0,201.0,942.7148571980548,70.0,182.0,0.0,0.0,643.0,1.0,0.0,1.0
494.0,0.0,0.0,236.0,118.0,0.0,731.0,0.0,1.0,236.0,0.0,967.0,0.0,0.0,0.0,0.0,0.0,0.0,0.0,1.0,0.0,0.0,1.0,134.0,971.2965710626448,0.0,730.0,494.0,0.0,967.0,0.0,0.0,1.0
1969.0,1847.0,1.0,531.0,95.0,0.0,1316.0,0.0,5.0,531.0,369.0,1847.0,1847.0,369.0,0.0,0.0,0.0,369.0,0.0,0.0,0.0,0.0,5.0,162.0,693.7183829261113,0.0,1315.0,1969.0,0.0,0.0,0.0,0.0,1.0
0.0,0.0,0.0,271.0,76.0,0.0,352.0,137.0,1.0,271.0,0.0,623.0,0.0,0.0,0.0,1.0,138.0,0.0,0.0,0.0,137.0,0.0,1.0,201.0,958.9111615864302,623.0,352.0,0.0,0.0,623.0,1.0,0.0,1.0
91.0,200.0,1.0,327.0,42.0,0.0,140.0,153.0,2.0,327.0,60.0,467.0,0.0,40.0,0.0,0.0,154.0,40.0,0.0,0.0,153.0,1.0,2.0,201.0,844.8973832536061,0.0,139.0,91.0,0.0,267.0,0.0,0.0,1.0
0.0,632.0,1.0,288.0,64.0,0.0,967.0,0.0,5.0,288.0,126.0,1255.0,632.0,126.0,0.0,1.0,0.0,126.0,0.0,0.0,0.0,0.0,5.0,162.0,660.3730498220758,623.0,967.0,0.0,0.0,623.0,0.0,0.0,1.0
0.0,1363.0,1.0,406.0,98.0,0.0,957.0,0.0,3.0,406.0,272.0,1363.0,1363.0,273.0,0.0,0.0,0.0,272.0,0.0,0.0,0.0,0.0,3.0,134.0,830.6020289982381,0.0,956.0,0.0,0.0,0.0,0.0,0.0,1.0
0.0,0.0,0.0,134.0,57.0,0.0,489.0,0.0,2.0,134.0,0.0,623.0,0.0,0.0,0.0,1.0,0.0,0.0,0.0,0.0,0.0,0.0,2.0,134.0,878.2427167403332,623.0,489.0,0.0,0.0,623.0,0.0,0.0,1.0
0.0,0.0,0.0,286.0,24.0,48.0,43.0,152.0,3.0,286.0,0.0,329.0,0.0,0.0,0.0,0.0,153.0,0.0,1.0,0.0,152.0,0.0,3.0,201.0,743.5865898043523,0.0,43.0,0.0,0.0,329.0,1.0,0.0,1.0
0.0,1389.0,1.0,779.0,100.0,0.0,610.0,279.0,3.0,779.0,415.0,1389.0,1389.0,278.0,0.0,0.0,280.0,277.0,0.0,0.0,279.0,0.0,3.0,201.0,797.574270871489,0.0,650.0,0.0,0.0,0.0,0.0,0.0,1.0
876.0,0.0,0.0,551.0,61.0,0.0,296.0,417.0,3.0,551.0,0.0,847.0,0.0,0.0,0.0,0.0,417.0,0.0,0.0,0.0,417.0,0.0,3.0,177.0,767.7222587102281,0.0,296.0,876.0,0.0,847.0,0.0,0.0,1.0
0.0,1327.0,1.0,816.0,96.0,0.0,511.0,417.0,3.0,816.0,365.0,1327.0,1327.0,265.0,0.0,0.0,417.0,265.0,0.0,0.0,417.0,0.0,3.0,168.0,788.0470328819657,0.0,510.0,0.0,0.0,0.0,0.0,0.0,1.0
0.0,0.0,0.0,303.0,23.0,313.0,10.0,169.0,3.0,303.0,0.0,313.0,0.0,0.0,0.0,0.0,170.0,0.0,1.0,0.0,169.0,0.0,3.0,201.0,740.4108441514344,0.0,10.0,0.0,0.0,313.0,1.0,0.0,1.0
0.0,215.0,1.0,377.0,31.0,0.0,138.0,195.0,4.0,377.0,64.0,515.0,215.0,43.0,0.0,0.0,196.0,43.0,0.0,0.0,195.0,1.0,4.0,208.0,664.8235918814349,0.0,138.0,0.0,0.0,300.0,0.0,0.0,1.0
0.0,1367.0,1.0,722.0,70.0,0.0,645.0,287.0,5.0,722.0,410.0,1367.0,1367.0,273.0,0.0,0.0,287.0,273.0,0.0,0.0,287.0,0.0,5.0,243.0,629.8858893695151,0.0,645.0,0.0,0.0,0.0,0.0,0.0,1.0
0.0,0.0,0.0,183.0,76.0,0.0,440.0,49.0,1.0,183.0,0.0,623.0,0.0,0.0,0.0,0.0,50.0,0.0,0.0,1.0,49.0,0.0,1.0,183.0,967.1681012395254,623.0,440.0,0.0,0.0,623.0,1.0,0.0,1.0
0.0,0.0,0.0,801.0,61.0,389.0,211.0,662.0,4.0,801.0,0.0,1012.0,0.0,0.0,0.0,1.0,662.0,0.0,1.0,0.0,662.0,0.0,4.0,208.0,671.8102332039416,623.0,211.0,0.0,0.0,1012.0,1.0,0.0,1.0
0.0,0.0,0.0,75.0,5.0,0.0,0.0,0.0,3.0,134.0,0.0,75.0,0.0,0.0,0.0,0.0,0.0,0.0,0.0,0.0,0.0,0.0,3.0,75.0,739.4581199727804,0.0,0.0,0.0,0.0,75.0,0.0,0.0,1.0
0.0,0.0,0.0,0.0,0.0,0.0,0.0,0.0,1.0,134.0,0.0,0.0,0.0,0.0,0.0,0.0,0.0,0.0,0.0,0.0,0.0,0.0,1.0,0.0,925.2482546622224,0.0,0.0,0.0,0.0,0.0,0.0,0.0,1.0
0.0,108.0,1.0,162.0,52.0,139.0,708.0,0.0,4.0,162.0,21.0,870.0,108.0,22.0,0.0,1.0,0.0,21.0,1.0,0.0,0.0,0.0,4.0,139.0,719.1288483665718,623.0,707.0,0.0,0.0,762.0,1.0,0.0,1.0
1.0,0.0,0.0,464.0,28.0,0.0,0.0,417.0,4.0,556.0,0.0,464.0,0.0,0.0,0.0,0.0,417.0,0.0,0.0,0.0,325.0,0.0,4.0,47.0,651.8030338289892,0.0,0.0,1.0,0.0,464.0,0.0,0.0,1.0
0.0,0.0,0.0,0.0,0.0,0.0,0.0,0.0,1.0,134.0,0.0,0.0,0.0,0.0,0.0,0.0,0.0,0.0,0.0,0.0,0.0,0.0,1.0,0.0,925.2482546622224,0.0,0.0,0.0,0.0,0.0,0.0,0.0,1.0
396.0,1263.0,1.0,414.0,97.0,0.0,1487.0,0.0,5.0,414.0,252.0,1901.0,1263.0,253.0,0.0,1.0,0.0,252.0,0.0,0.0,0.0,1.0,5.0,162.0,709.9146877170775,200.0,1487.0,396.0,0.0,638.0,0.0,0.0,1.0
0.0,400.0,1.0,400.0,36.0,0.0,0.0,417.0,2.0,631.0,0.0,400.0,400.0,80.0,0.0,0.0,417.0,80.0,0.0,0.0,186.0,0.0,2.0,0.0,831.5592508181,0.0,0.0,0.0,0.0,0.0,0.0,0.0,1.0
138.0,303.0,1.0,417.0,56.0,0.0,509.0,218.0,4.0,417.0,90.0,926.0,303.0,61.0,0.0,1.0,219.0,60.0,0.0,0.0,218.0,0.0,4.0,208.0,700.3919469487533,623.0,507.0,138.0,0.0,623.0,0.0,0.0,1.0
0.0,0.0,0.0,0.0,0.0,0.0,0.0,0.0,4.0,139.0,0.0,0.0,0.0,0.0,0.0,0.0,0.0,0.0,0.0,0.0,0.0,0.0,4.0,0.0,651.8030338289893,0.0,0.0,0.0,0.0,0.0,0.0,0.0,1.0
0.0,0.0,0.0,134.0,91.0,0.0,610.0,0.0,1.0,134.0,0.0,744.0,0.0,0.0,0.0,0.0,0.0,0.0,0.0,1.0,0.0,0.0,1.0,134.0,971.2965710626448,0.0,610.0,0.0,0.0,744.0,0.0,0.0,1.0
0.0,272.0,1.0,516.0,49.0,264.0,20.0,328.0,2.0,516.0,81.0,536.0,0.0,54.0,0.0,0.0,328.0,54.0,1.0,0.0,328.0,0.0,2.0,201.0,833.464697915552,0.0,20.0,0.0,0.0,264.0,1.0,0.0,1.0
0.0,650.0,1.0,292.0,56.0,0.0,805.0,0.0,5.0,292.0,130.0,1097.0,0.0,131.0,0.0,0.0,0.0,130.0,0.0,0.0,0.0,0.0,5.0,162.0,645.1294696553933,0.0,805.0,0.0,0.0,447.0,0.0,0.0,1.0
0.0,0.0,0.0,561.0,79.0,0.0,82.0,427.0,1.0,561.0,0.0,643.0,0.0,0.0,0.0,1.0,428.0,0.0,0.0,0.0,427.0,0.0,1.0,201.0,933.187619256948,289.0,82.0,0.0,0.0,643.0,1.0,0.0,1.0
0.0,0.0,0.0,501.0,28.0,548.0,47.0,339.0,5.0,501.0,0.0,548.0,0.0,0.0,0.0,0.0,339.0,0.0,1.0,0.0,339.0,0.0,5.0,243.0,572.7224609187464,0.0,47.0,0.0,0.0,548.0,1.0,0.0,1.0
0.0,1365.0,1.0,680.0,70.0,0.0,685.0,193.0,5.0,680.0,410.0,1365.0,1365.0,273.0,0.0,0.0,193.0,273.0,0.0,0.0,193.0,0.0,5.0,243.0,633.6967834083665,0.0,685.0,0.0,0.0,0.0,0.0,0.0,1.0
0.0,0.0,0.0,0.0,0.0,0.0,0.0,236.0,1.0,370.0,0.0,0.0,0.0,0.0,0.0,0.0,236.0,0.0,0.0,0.0,0.0,0.0,1.0,0.0,925.2482546622224,0.0,0.0,0.0,0.0,0.0,0.0,0.0,1.0
0.0,0.0,0.0,309.0,92.0,0.0,701.0,175.0,2.0,309.0,0.0,1010.0,0.0,0.0,0.0,0.0,175.0,0.0,0.0,2.0,175.0,0.0,2.0,201.0,898.2499157629641,212.0,701.0,0.0,0.0,1010.0,1.0,0.0,1.0
0.0,734.0,1.0,285.0,53.0,0.0,449.0,5.0,3.0,285.0,151.0,734.0,734.0,147.0,0.0,0.0,5.0,146.0,0.0,0.0,5.0,0.0,3.0,139.0,782.3306905083551,0.0,447.0,0.0,0.0,0.0,0.0,0.0,1.0
240.0,809.0,1.0,390.0,74.0,0.0,419.0,95.0,2.0,390.0,242.0,809.0,809.0,162.0,0.0,0.0,95.0,161.0,0.0,0.0,95.0,1.0,2.0,201.0,871.5736497281013,0.0,418.0,240.0,0.0,0.0,0.0,0.0,1.0
80.0,0.0,0.0,393.0,36.0,0.0,0.0,301.0,2.0,435.0,0.0,393.0,0.0,0.0,0.0,1.0,302.0,0.0,0.0,0.0,259.0,0.0,2.0,159.0,831.5592508181,0.0,0.0,80.0,0.0,393.0,0.0,0.0,1.0
0.0,503.0,1.0,234.0,36.0,0.0,269.0,0.0,3.0,234.0,100.0,503.0,503.0,101.0,0.0,0.0,0.0,100.0,0.0,0.0,0.0,0.0,3.0,134.0,765.1816625896394,0.0,268.0,0.0,0.0,0.0,0.0,0.0,1.0
115.0,1127.0,1.0,432.0,83.0,0.0,1195.0,0.0,5.0,432.0,225.0,1627.0,1127.0,225.0,0.0,0.0,0.0,225.0,0.0,0.0,0.0,0.0,5.0,162.0,682.2856973826558,0.0,1194.0,115.0,0.0,500.0,0.0,0.0,1.0
0.0,641.0,1.0,262.0,63.0,52.0,431.0,0.0,2.0,262.0,128.0,693.0,641.0,128.0,0.0,0.0,0.0,128.0,1.0,0.0,0.0,1.0,2.0,134.0,872.5263734937945,0.0,431.0,0.0,0.0,52.0,1.0,0.0,1.0
0.0,0.0,0.0,617.0,96.0,0.0,714.0,483.0,3.0,617.0,0.0,1331.0,0.0,0.0,0.0,1.0,484.0,0.0,0.0,0.0,483.0,0.0,3.0,201.0,807.419084116597,224.0,713.0,0.0,0.0,1331.0,0.0,0.0,1.0
0.0,0.0,0.0,263.0,79.0,0.0,380.0,129.0,1.0,263.0,0.0,643.0,0.0,0.0,0.0,0.0,130.0,0.0,0.0,1.0,129.0,0.0,1.0,201.0,961.4517580677378,411.0,380.0,0.0,0.0,643.0,1.0,0.0,1.0
0.0,0.0,0.0,0.0,0.0,0.0,0.0,0.0,1.0,134.0,0.0,0.0,0.0,0.0,0.0,0.0,0.0,0.0,0.0,0.0,0.0,0.0,1.0,0.0,925.2482546622226,0.0,0.0,0.0,0.0,0.0,0.0,0.0,1.0
0.0,1204.0,1.0,1016.0,62.0,0.0,188.0,327.0,5.0,1016.0,360.0,1204.0,1204.0,241.0,0.0,0.0,328.0,240.0,0.0,0.0,327.0,1.0,5.0,243.0,586.0605940622407,0.0,187.0,0.0,0.0,0.0,0.0,0.0,1.0
0.0,0.0,0.0,186.0,19.0,310.0,124.0,47.0,4.0,186.0,0.0,310.0,0.0,0.0,0.0,0.0,186.0,0.0,1.0,0.0,47.0,0.0,4.0,186.0,663.5532941504583,0.0,0.0,0.0,0.0,310.0,0.0,0.0,1.0
0.0,0.0,0.0,0.0,0.0,0.0,0.0,417.0,6.0,603.0,0.0,0.0,0.0,0.0,0.0,0.0,417.0,0.0,0.0,0.0,0.0,1.0,6.0,0.0,476.4928603419041,0.0,0.0,0.0,0.0,0.0,0.0,0.0,1.0
0.0,0.0,0.0,134.0,31.0,0.0,212.0,0.0,2.0,134.0,0.0,346.0,0.0,0.0,0.0,1.0,0.0,0.0,0.0,0.0,0.0,0.0,2.0,134.0,851.884024932169,0.0,212.0,0.0,0.0,346.0,0.0,0.0,1.0
0.0,0.0,0.0,134.0,76.0,0.0,489.0,0.0,1.0,134.0,0.0,623.0,0.0,0.0,0.0,1.0,0.0,0.0,0.0,0.0,0.0,0.0,1.0,134.0,971.296571062645,623.0,489.0,0.0,0.0,623.0,1.0,0.0,1.0
0.0,1379.0,1.0,1052.0,55.0,0.0,950.0,591.0,11.0,1052.0,412.0,2002.0,1379.0,276.0,0.0,1.0,592.0,275.0,0.0,0.0,591.0,0.0,11.0,279.0,130.3140638743154,623.0,948.0,0.0,0.0,623.0,0.0,0.0,1.0
254.0,890.0,1.0,669.0,64.0,0.0,221.0,316.0,3.0,669.0,267.0,890.0,890.0,178.0,0.0,0.0,317.0,178.0,0.0,0.0,316.0,0.0,3.0,201.0,760.4180428088115,0.0,220.0,254.0,0.0,0.0,0.0,0.0,1.0
0.0,903.0,1.0,314.0,114.0,0.0,1257.0,0.0,3.0,314.0,180.0,1571.0,903.0,181.0,0.0,1.0,0.0,180.0,0.0,0.0,0.0,1.0,3.0,134.0,859.1837434008429,618.0,1256.0,0.0,0.0,668.0,0.0,0.0,1.0
0.0,1548.0,1.0,901.0,112.0,0.0,647.0,417.0,3.0,901.0,451.0,1548.0,1548.0,310.0,0.0,0.0,417.0,309.0,0.0,0.0,417.0,0.0,3.0,188.0,801.0675921230113,0.0,646.0,0.0,0.0,0.0,0.0,0.0,1.0
0.0,1787.0,1.0,691.0,108.0,0.0,1719.0,148.0,6.0,691.0,505.0,2410.0,1787.0,357.0,0.0,1.0,149.0,357.0,0.0,0.0,148.0,0.0,6.0,279.0,640.3613531519143,623.0,1717.0,0.0,0.0,623.0,0.0,0.0,1.0
0.0,636.0,1.0,610.0,75.0,0.0,213.0,318.0,2.0,610.0,190.0,823.0,636.0,127.0,0.0,0.0,417.0,127.0,0.0,0.0,318.0,0.0,2.0,201.0,851.884024932169,0.0,114.0,0.0,0.0,187.0,0.0,0.0,1.0
2.0,0.0,0.0,0.0,0.0,0.0,0.0,0.0,3.0,134.0,0.0,0.0,0.0,0.0,0.0,0.0,0.0,0.0,0.0,0.0,0.0,0.0,3.0,0.0,739.4581199727804,0.0,0.0,2.0,0.0,0.0,0.0,0.0,1.0
0.0,903.0,1.0,676.0,111.0,0.0,227.0,362.0,1.0,676.0,270.0,903.0,903.0,181.0,0.0,0.0,363.0,180.0,0.0,0.0,362.0,0.0,1.0,201.0,946.8433267244995,0.0,226.0,0.0,0.0,0.0,0.0,0.0,1.0
0.0,257.0,1.0,516.0,108.0,0.0,671.0,331.0,2.0,516.0,77.0,1187.0,196.0,51.0,0.0,0.0,331.0,51.0,0.0,0.0,331.0,0.0,2.0,201.0,895.3917448212226,0.0,670.0,0.0,0.0,930.0,0.0,0.0,1.0
0.0,0.0,0.0,0.0,0.0,0.0,0.0,417.0,3.0,551.0,0.0,0.0,0.0,0.0,0.0,0.0,417.0,0.0,0.0,0.0,0.0,0.0,3.0,0.0,739.4581199727804,0.0,0.0,0.0,0.0,0.0,0.0,0.0,1.0
0.0,0.0,0.0,139.0,32.0,0.0,391.0,0.0,4.0,139.0,0.0,530.0,0.0,0.0,0.0,0.0,0.0,0.0,0.0,0.0,0.0,0.0,4.0,139.0,688.9592614395133,0.0,391.0,0.0,0.0,530.0,0.0,0.0,1.0
123.0,200.0,1.0,200.0,14.0,0.0,0.0,417.0,3.0,591.0,0.0,200.0,0.0,40.0,0.0,0.0,417.0,40.0,0.0,0.0,26.0,0.0,3.0,0.0,739.4581199727804,0.0,0.0,123.0,0.0,0.0,0.0,0.0,1.0
0.0,651.0,1.0,651.0,59.0,0.0,0.0,417.0,2.0,681.0,100.0,651.0,651.0,130.0,0.0,0.0,417.0,130.0,0.0,0.0,387.0,0.0,2.0,104.0,759.131446299674,0.0,0.0,0.0,0.0,0.0,0.0,0.0,1.0
0.0,2187.0,1.0,623.0,126.0,0.0,2187.0,0.0,6.0,623.0,437.0,2810.0,1954.0,437.0,0.0,0.0,0.0,437.0,0.0,1.0,0.0,0.0,6.0,186.0,748.9592969374669,623.0,2187.0,0.0,0.0,623.0,0.0,0.0,1.0
0.0,0.0,0.0,0.0,0.0,0.0,0.0,0.0,1.0,134.0,0.0,0.0,0.0,0.0,0.0,0.0,0.0,0.0,0.0,0.0,0.0,0.0,1.0,0.0,799.7583094903097,0.0,0.0,0.0,0.0,0.0,0.0,0.0,1.0
0.0,929.0,1.0,383.0,99.0,0.0,1555.0,0.0,5.0,383.0,185.0,1938.0,929.0,186.0,0.0,1.0,0.0,185.0,0.0,0.0,0.0,1.0,5.0,162.0,748.2137587788637,0.0,1554.0,0.0,0.0,1009.0,0.0,0.0,1.0
0.0,0.0,0.0,181.0,85.0,0.0,753.0,47.0,2.0,181.0,0.0,934.0,0.0,0.0,0.0,0.0,47.0,0.0,0.0,2.0,47.0,1.0,2.0,181.0,807.0809984450377,934.0,753.0,0.0,0.0,934.0,1.0,0.0,1.0
0.0,0.0,0.0,306.0,87.0,0.0,648.0,172.0,2.0,306.0,0.0,954.0,0.0,0.0,0.0,1.0,172.0,0.0,0.0,1.0,172.0,0.0,2.0,201.0,800.2916814545065,134.0,648.0,0.0,0.0,954.0,1.0,0.0,1.0
0.0,1294.0,1.0,673.0,118.0,0.0,621.0,281.0,2.0,673.0,387.0,1294.0,1294.0,259.0,0.0,0.0,281.0,258.0,0.0,0.0,281.0,0.0,2.0,201.0,798.5943520715814,0.0,620.0,0.0,0.0,0.0,0.0,0.0,1.0
0.0,1136.0,1.0,361.0,82.0,0.0,775.0,0.0,3.0,361.0,227.0,1136.0,1136.0,227.0,0.0,0.0,0.0,227.0,0.0,0.0,0.0,0.0,3.0,134.0,769.0001291415246,0.0,775.0,0.0,0.0,0.0,0.0,0.0,1.0
0.0,0.0,0.0,134.0,28.0,389.0,255.0,0.0,3.0,134.0,0.0,389.0,0.0,0.0,0.0,0.0,0.0,0.0,1.0,0.0,0.0,0.0,3.0,134.0,735.9022082906496,0.0,255.0,0.0,0.0,389.0,1.0,0.0,1.0
0.0,852.0,1.0,356.0,75.0,0.0,1742.0,0.0,8.0,356.0,170.0,2098.0,0.0,170.0,0.0,1.0,0.0,170.0,0.0,0.0,0.0,0.0,8.0,186.0,653.0661052879769,1246.0,1742.0,0.0,0.0,1246.0,0.0,0.0,1.0
17.0,1376.0,1.0,565.0,83.0,0.0,811.0,151.0,4.0,565.0,413.0,1376.0,1376.0,275.0,0.0,0.0,151.0,275.0,0.0,0.0,151.0,0.0,4.0,209.0,734.5260846626961,0.0,811.0,17.0,0.0,0.0,0.0,0.0,1.0
0.0,0.0,0.0,214.0,108.0,0.0,666.0,80.0,1.0,214.0,0.0,880.0,0.0,0.0,0.0,1.0,80.0,0.0,0.0,0.0,80.0,0.0,1.0,201.0,830.5224026201488,0.0,666.0,0.0,0.0,880.0,0.0,0.0,1.0
0.0,0.0,0.0,0.0,0.0,0.0,0.0,0.0,1.0,134.0,0.0,0.0,0.0,0.0,0.0,0.0,0.0,0.0,0.0,0.0,0.0,0.0,1.0,0.0,799.7583094903097,0.0,0.0,0.0,0.0,0.0,0.0,0.0,1.0
0.0,0.0,0.0,139.0,61.0,389.0,873.0,0.0,4.0,139.0,0.0,1012.0,0.0,0.0,0.0,1.0,0.0,0.0,1.0,0.0,0.0,0.0,4.0,139.0,738.5572417946344,623.0,873.0,0.0,0.0,1012.0,1.0,0.0,1.0
0.0,0.0,0.0,0.0,0.0,0.0,0.0,0.0,1.0,134.0,0.0,0.0,0.0,0.0,0.0,0.0,0.0,0.0,0.0,0.0,0.0,0.0,1.0,0.0,799.7583094903097,0.0,0.0,0.0,0.0,0.0,0.0,0.0,1.0
0.0,1204.0,1.0,374.0,109.0,0.0,830.0,0.0,2.0,374.0,240.0,1204.0,1204.0,241.0,0.0,0.0,0.0,240.0,0.0,0.0,0.0,0.0,2.0,134.0,811.960820238013,0.0,829.0,0.0,0.0,0.0,0.0,0.0,1.0
163.0,1296.0,1.0,483.0,78.0,0.0,813.0,85.0,4.0,483.0,344.0,1296.0,1296.0,259.0,0.0,0.0,85.0,259.0,0.0,0.0,85.0,0.0,4.0,209.0,734.7382507574619,0.0,813.0,163.0,0.0,0.0,0.0,0.0,1.0
600.0,800.0,1.0,573.0,58.0,0.0,227.0,279.0,3.0,573.0,240.0,800.0,800.0,160.0,0.0,0.0,279.0,160.0,0.0,0.0,279.0,0.0,3.0,201.0,733.9927128000184,0.0,227.0,0.0,600.0,0.0,0.0,0.0,1.0
0.0,129.0,1.0,129.0,16.0,0.0,0.0,0.0,1.0,159.0,0.0,129.0,129.0,25.0,0.0,0.0,0.0,25.0,0.0,0.0,0.0,0.0,1.0,104.0,799.7583094903097,0.0,0.0,0.0,0.0,0.0,0.0,0.0,1.0
29.0,995.0,1.0,433.0,79.0,0.0,662.0,68.0,3.0,433.0,267.0,1095.0,995.0,199.0,0.0,0.0,68.0,199.0,0.0,0.0,68.0,0.0,3.0,201.0,761.7864797064495,0.0,663.0,29.0,0.0,100.0,0.0,0.0,1.0
0.0,1791.0,1.0,544.0,85.0,0.0,1362.0,0.0,6.0,544.0,358.0,1906.0,1791.0,358.0,0.0,0.0,0.0,358.0,0.0,0.0,0.0,0.0,6.0,186.0,696.5542550192114,0.0,1362.0,0.0,0.0,115.0,0.0,0.0,1.0
0.0,0.0,0.0,134.0,76.0,0.0,489.0,0.0,1.0,134.0,0.0,623.0,0.0,0.0,0.0,1.0,0.0,0.0,0.0,0.0,0.0,0.0,1.0,134.0,830.5224026201488,623.0,489.0,0.0,0.0,623.0,1.0,0.0,1.0
618.0,1339.0,1.0,421.0,80.0,0.0,918.0,15.0,4.0,421.0,282.0,1339.0,1339.0,268.0,0.0,0.0,0.0,267.0,0.0,0.0,15.0,0.0,4.0,154.0,741.3154017473507,0.0,933.0,618.0,0.0,0.0,0.0,0.0,1.0
680.0,0.0,0.0,134.0,62.0,0.0,546.0,0.0,2.0,134.0,0.0,680.0,0.0,0.0,0.0,0.0,0.0,0.0,0.0,1.0,0.0,0.0,2.0,134.0,793.9266965128941,43.0,546.0,680.0,0.0,680.0,0.0,0.0,1.0
0.0,0.0,0.0,613.0,86.0,0.0,86.0,479.0,1.0,613.0,0.0,699.0,0.0,0.0,0.0,1.0,480.0,0.0,0.0,0.0,479.0,0.0,1.0,201.0,805.2746294692023,0.0,86.0,0.0,0.0,699.0,0.0,0.0,1.0
0.0,0.0,0.0,134.0,90.0,0.0,1112.0,0.0,3.0,134.0,0.0,1246.0,0.0,0.0,0.0,1.0,0.0,0.0,0.0,0.0,0.0,0.0,3.0,134.0,790.428911440641,1246.0,1112.0,0.0,0.0,1246.0,0.0,0.0,1.0
0.0,870.0,1.0,471.0,111.0,0.0,749.0,163.0,2.0,471.0,261.0,1220.0,870.0,174.0,0.0,0.0,163.0,174.0,0.0,0.0,163.0,0.0,2.0,201.0,806.8688323324009,0.0,749.0,0.0,0.0,350.0,0.0,0.0,1.0
0.0,0.0,0.0,0.0,0.0,0.0,0.0,0.0,3.0,134.0,0.0,0.0,0.0,0.0,0.0,0.0,0.0,0.0,0.0,0.0,0.0,0.0,3.0,0.0,719.5654138290897,0.0,0.0,0.0,0.0,0.0,0.0,0.0,1.0
0.0,172.0,1.0,172.0,10.0,0.0,0.0,160.0,4.0,333.0,0.0,172.0,172.0,34.0,0.0,0.0,160.0,34.0,0.0,0.0,0.0,0.0,4.0,47.0,682.9697076141406,0.0,0.0,0.0,0.0,0.0,0.0,0.0,1.0
0.0,1484.0,1.0,875.0,76.0,0.0,609.0,417.0,5.0,875.0,296.0,1484.0,1484.0,297.0,0.0,0.0,417.0,296.0,0.0,0.0,417.0,0.0,5.0,162.0,687.9585690255661,0.0,608.0,0.0,0.0,0.0,0.0,0.0,1.0
0.0,0.0,0.0,0.0,0.0,0.0,0.0,200.0,5.0,362.0,0.0,0.0,0.0,0.0,0.0,0.0,200.0,0.0,0.0,0.0,0.0,0.0,5.0,0.0,649.1321617089944,0.0,0.0,0.0,0.0,0.0,0.0,0.0,1.0
0.0,0.0,0.0,129.0,12.0,0.0,0.0,232.0,2.0,366.0,0.0,129.0,0.0,0.0,0.0,0.0,0.0,0.0,0.0,0.0,0.0,0.0,2.0,0.0,759.131446299674,0.0,0.0,0.0,0.0,129.0,0.0,0.0,1.0
0.0,0.0,0.0,134.0,86.0,0.0,567.0,0.0,1.0,134.0,0.0,701.0,0.0,0.0,0.0,0.0,0.0,0.0,0.0,0.0,0.0,0.0,1.0,134.0,830.5224026201488,0.0,567.0,0.0,0.0,701.0,0.0,0.0,1.0
389.0,952.0,1.0,592.0,69.0,0.0,360.0,268.0,3.0,592.0,285.0,952.0,952.0,190.0,0.0,0.0,268.0,190.0,0.0,0.0,268.0,0.0,3.0,201.0,742.4793590902829,0.0,360.0,389.0,0.0,0.0,0.0,0.0,1.0
0.0,0.0,0.0,369.0,76.0,0.0,254.0,235.0,1.0,369.0,0.0,623.0,0.0,0.0,0.0,1.0,236.0,0.0,0.0,0.0,235.0,0.0,1.0,201.0,815.882937539699,623.0,254.0,0.0,0.0,623.0,1.0,0.0,1.0
0.0,0.0,0.0,225.0,51.0,0.0,190.0,91.0,1.0,225.0,0.0,415.0,0.0,0.0,0.0,1.0,91.0,0.0,0.0,0.0,91.0,0.0,1.0,201.0,811.8517806193738,415.0,190.0,0.0,0.0,415.0,1.0,0.0,1.0
0.0,774.0,1.0,705.0,56.0,0.0,69.0,417.0,3.0,705.0,154.0,774.0,774.0,155.0,0.0,0.0,417.0,154.0,0.0,0.0,417.0,0.0,3.0,134.0,724.0209031021637,0.0,68.0,0.0,0.0,0.0,0.0,0.0,1.0
0.0,1675.0,1.0,469.0,121.0,0.0,1206.0,0.0,3.0,469.0,335.0,1675.0,1675.0,335.0,0.0,0.0,0.0,335.0,0.0,0.0,0.0,0.0,3.0,134.0,796.3695640032055,0.0,1208.0,0.0,0.0,0.0,0.0,0.0,1.0
0.0,750.0,1.0,377.0,60.0,76.0,449.0,93.0,3.0,377.0,225.0,826.0,750.0,150.0,0.0,0.0,93.0,150.0,1.0,0.0,93.0,0.0,3.0,201.0,748.2078454248908,0.0,449.0,0.0,0.0,76.0,1.0,0.0,1.0
0.0,0.0,0.0,139.0,91.0,310.0,1375.0,0.0,4.0,139.0,0.0,1514.0,0.0,0.0,0.0,1.0,0.0,0.0,1.0,0.0,0.0,0.0,4.0,139.0,770.5943320557037,649.0,1375.0,0.0,0.0,1514.0,1.0,0.0,1.0
0.0,0.0,0.0,134.0,57.0,0.0,489.0,0.0,2.0,134.0,0.0,623.0,0.0,0.0,0.0,1.0,0.0,0.0,0.0,0.0,0.0,0.0,2.0,134.0,790.3198718661723,623.0,489.0,0.0,0.0,623.0,0.0,0.0,1.0
153.0,0.0,0.0,0.0,0.0,0.0,0.0,0.0,3.0,134.0,0.0,0.0,0.0,0.0,0.0,0.0,0.0,0.0,0.0,0.0,0.0,0.0,3.0,0.0,719.5654138290897,0.0,0.0,153.0,0.0,0.0,0.0,0.0,1.0
0.0,300.0,1.0,600.0,43.0,0.0,0.0,417.0,3.0,611.0,49.0,600.0,300.0,60.0,0.0,0.0,417.0,60.0,0.0,0.0,406.0,0.0,3.0,123.0,719.5654138290897,0.0,0.0,0.0,0.0,300.0,0.0,0.0,1.0
0.0,964.0,1.0,326.0,160.0,0.0,984.0,0.0,1.0,326.0,192.0,1310.0,964.0,193.0,0.0,1.0,0.0,192.0,0.0,0.0,0.0,0.0,1.0,134.0,830.5224026201488,346.0,983.0,0.0,0.0,346.0,1.0,0.0,1.0
0.0,0.0,0.0,0.0,0.0,0.0,0.0,0.0,1.0,134.0,0.0,0.0,0.0,0.0,0.0,0.0,0.0,0.0,0.0,0.0,0.0,0.0,1.0,0.0,799.7583094903096,0.0,0.0,0.0,0.0,0.0,0.0,0.0,1.0
0.0,0.0,0.0,547.0,76.0,0.0,76.0,413.0,1.0,547.0,0.0,623.0,0.0,0.0,0.0,0.0,413.0,0.0,0.0,1.0,413.0,0.0,1.0,201.0,804.638131045279,623.0,76.0,0.0,0.0,623.0,1.0,0.0,1.0
0.0,818.0,1.0,385.0,49.0,0.0,433.0,20.0,4.0,385.0,183.0,818.0,818.0,164.0,0.0,0.0,21.0,163.0,0.0,0.0,20.0,0.0,4.0,159.0,710.5513084937032,0.0,432.0,0.0,0.0,0.0,0.0,0.0,1.0
0.0,0.0,0.0,385.0,79.0,0.0,258.0,251.0,1.0,385.0,0.0,643.0,0.0,0.0,0.0,0.0,251.0,0.0,0.0,1.0,251.0,0.0,1.0,201.0,816.0951037420496,77.0,258.0,0.0,0.0,643.0,1.0,0.0,1.0
0.0,0.0,0.0,206.0,32.0,0.0,417.0,44.0,5.0,206.0,0.0,623.0,0.0,0.0,0.0,1.0,45.0,0.0,0.0,0.0,44.0,0.0,5.0,206.0,675.6529317672415,623.0,417.0,0.0,0.0,623.0,0.0,0.0,1.0
0.0,0.0,0.0,139.0,61.0,389.0,873.0,0.0,4.0,139.0,0.0,1012.0,0.0,0.0,0.0,1.0,0.0,0.0,1.0,0.0,0.0,0.0,4.0,139.0,738.5572417946344,623.0,873.0,0.0,0.0,1012.0,1.0,0.0,1.0
0.0,0.0,0.0,139.0,61.0,389.0,873.0,0.0,4.0,139.0,0.0,1012.0,0.0,0.0,0.0,1.0,0.0,0.0,1.0,0.0,0.0,0.0,4.0,139.0,738.5572417946344,623.0,873.0,0.0,0.0,1012.0,1.0,0.0,1.0
0.0,0.0,0.0,0.0,0.0,0.0,0.0,0.0,1.0,134.0,0.0,0.0,0.0,0.0,0.0,0.0,0.0,0.0,0.0,0.0,0.0,0.0,1.0,0.0,799.7583094903096,0.0,0.0,0.0,0.0,0.0,0.0,0.0,1.0
0.0,823.0,1.0,677.0,101.0,0.0,146.0,379.0,1.0,677.0,246.0,823.0,823.0,165.0,0.0,0.0,380.0,164.0,0.0,0.0,379.0,0.0,1.0,201.0,809.0936204604025,0.0,145.0,0.0,0.0,0.0,0.0,0.0,1.0
0.0,0.0,0.0,310.0,28.0,310.0,0.0,294.0,2.0,428.0,0.0,310.0,0.0,0.0,0.0,0.0,294.0,0.0,1.0,0.0,176.0,0.0,2.0,83.0,759.131446299674,0.0,0.0,0.0,0.0,310.0,1.0,0.0,1.0
0.0,0.0,0.0,134.0,28.0,0.0,97.0,0.0,1.0,134.0,0.0,231.0,0.0,0.0,231.0,0.0,0.0,0.0,0.0,0.0,0.0,0.0,1.0,134.0,805.9111280919088,0.0,97.0,0.0,0.0,231.0,1.0,0.0,1.0
0.0,0.0,0.0,389.0,76.0,0.0,234.0,255.0,1.0,389.0,0.0,623.0,0.0,0.0,0.0,1.0,256.0,0.0,0.0,0.0,255.0,0.0,1.0,201.0,814.6099405534809,623.0,234.0,0.0,0.0,623.0,1.0,0.0,1.0
0.0,0.0,0.0,396.0,79.0,0.0,247.0,262.0,1.0,396.0,0.0,643.0,0.0,0.0,0.0,1.0,263.0,0.0,0.0,0.0,262.0,0.0,1.0,201.0,815.4586052003957,83.0,247.0,0.0,0.0,643.0,1.0,0.0,1.0
0.0,0.0,0.0,0.0,0.0,0.0,0.0,0.0,1.0,134.0,0.0,0.0,0.0,0.0,0.0,0.0,0.0,0.0,0.0,0.0,0.0,0.0,1.0,0.0,799.7583094903096,0.0,0.0,0.0,0.0,0.0,0.0,0.0,1.0
4.0,1488.0,1.0,436.0,122.0,0.0,1598.0,0.0,4.0,436.0,297.0,2034.0,1488.0,298.0,0.0,0.0,0.0,297.0,0.0,0.0,0.0,0.0,4.0,139.0,784.5972987395023,0.0,1597.0,4.0,0.0,546.0,0.0,0.0,1.0
0.0,0.0,0.0,421.0,76.0,0.0,202.0,287.0,1.0,421.0,0.0,623.0,0.0,0.0,0.0,0.0,288.0,0.0,0.0,1.0,287.0,0.0,1.0,201.0,812.7004452820618,623.0,202.0,0.0,0.0,623.0,1.0,0.0,1.0
0.0,0.0,0.0,238.0,28.0,389.0,151.0,104.0,3.0,238.0,0.0,389.0,0.0,0.0,0.0,0.0,105.0,0.0,1.0,0.0,104.0,0.0,3.0,201.0,729.1128909343571,0.0,151.0,0.0,0.0,389.0,1.0,0.0,1.0
0.0,0.0,0.0,139.0,48.0,0.0,662.0,0.0,4.0,139.0,0.0,801.0,0.0,0.0,0.0,0.0,0.0,0.0,0.0,0.0,0.0,0.0,4.0,139.0,725.1907736541419,0.0,662.0,0.0,0.0,801.0,0.0,0.0,1.0
0.0,0.0,0.0,0.0,0.0,0.0,0.0,417.0,1.0,551.0,0.0,0.0,0.0,0.0,0.0,0.0,417.0,0.0,0.0,0.0,0.0,0.0,1.0,0.0,799.7583094903096,0.0,0.0,0.0,0.0,0.0,0.0,0.0,1.0
0.0,0.0,0.0,374.0,28.0,469.0,95.0,235.0,4.0,374.0,0.0,469.0,0.0,0.0,0.0,0.0,235.0,0.0,1.0,0.0,235.0,0.0,4.0,209.0,689.122526209497,0.0,95.0,0.0,0.0,469.0,1.0,0.0,1.0
0.0,0.0,0.0,800.0,98.0,0.0,0.0,680.0,1.0,814.0,0.0,800.0,0.0,0.0,0.0,0.0,680.0,0.0,0.0,1.0,666.0,0.0,1.0,187.0,799.7583094903096,0.0,0.0,0.0,0.0,800.0,0.0,0.0,1.0
0.0,0.0,0.0,134.0,24.0,0.0,66.0,0.0,1.0,134.0,0.0,200.0,0.0,0.0,0.0,0.0,0.0,0.0,0.0,0.0,0.0,0.0,1.0,134.0,804.0016325872674,0.0,66.0,0.0,0.0,200.0,0.0,0.0,1.0
0.0,967.0,1.0,749.0,58.0,0.0,218.0,417.0,4.0,749.0,193.0,967.0,967.0,193.0,0.0,0.0,417.0,193.0,0.0,0.0,417.0,0.0,4.0,139.0,696.7605079667372,0.0,218.0,0.0,0.0,0.0,0.0,0.0,1.0
0.0,0.0,0.0,267.0,79.0,0.0,376.0,118.0,1.0,267.0,0.0,643.0,0.0,0.0,0.0,0.0,118.0,0.0,0.0,1.0,118.0,0.0,1.0,201.0,823.7330854532186,347.0,376.0,0.0,0.0,643.0,1.0,0.0,1.0
0.0,0.0,0.0,0.0,0.0,0.0,0.0,0.0,2.0,134.0,0.0,0.0,0.0,0.0,0.0,0.0,0.0,0.0,0.0,0.0,0.0,0.0,2.0,0.0,759.131446299674,0.0,0.0,0.0,0.0,0.0,0.0,0.0,1.0
7.0,1080.0,1.0,683.0,98.0,0.0,397.0,309.0,2.0,683.0,324.0,1080.0,1080.0,216.0,0.0,0.0,309.0,216.0,0.0,0.0,309.0,0.0,2.0,201.0,784.3792192215868,0.0,397.0,7.0,0.0,0.0,0.0,0.0,1.0
315.0,510.0,1.0,510.0,31.0,0.0,0.0,417.0,4.0,658.0,0.0,510.0,510.0,102.0,0.0,0.0,417.0,102.0,0.0,0.0,269.0,0.0,4.0,0.0,682.9697076141406,0.0,0.0,315.0,0.0,0.0,0.0,0.0,1.0
0.0,0.0,0.0,0.0,0.0,0.0,0.0,0.0,1.0,134.0,0.0,0.0,0.0,0.0,0.0,0.0,0.0,0.0,0.0,0.0,0.0,0.0,1.0,0.0,799.7583094903096,0.0,0.0,0.0,0.0,0.0,0.0,0.0,1.0
0.0,0.0,0.0,0.0,0.0,0.0,0.0,232.0,2.0,366.0,0.0,0.0,0.0,0.0,0.0,0.0,232.0,0.0,0.0,0.0,0.0,0.0,2.0,0.0,759.131446299674,0.0,0.0,0.0,0.0,0.0,0.0,0.0,1.0
2330.0,0.0,0.0,170.0,125.0,0.0,855.0,36.0,1.0,170.0,0.0,1025.0,0.0,0.0,0.0,0.0,37.0,0.0,0.0,1.0,36.0,0.0,1.0,170.0,830.5224026201488,0.0,855.0,2330.0,0.0,1025.0,1.0,0.0,1.0
0.0,1023.0,1.0,421.0,107.0,0.0,1064.0,83.0,3.0,421.0,287.0,1485.0,1023.0,205.0,0.0,0.0,84.0,204.0,0.0,0.0,83.0,0.0,3.0,201.0,787.2464190496024,0.0,1063.0,0.0,0.0,462.0,0.0,0.0,1.0
0.0,0.0,0.0,256.0,62.0,231.0,598.0,122.0,3.0,256.0,0.0,854.0,0.0,0.0,0.0,1.0,122.0,0.0,1.0,0.0,122.0,0.0,3.0,201.0,757.5431565462878,623.0,598.0,0.0,0.0,854.0,0.0,0.0,1.0
0.0,0.0,0.0,134.0,57.0,0.0,489.0,0.0,2.0,134.0,0.0,623.0,0.0,0.0,0.0,0.0,0.0,0.0,0.0,2.0,0.0,0.0,2.0,134.0,790.3198718661723,623.0,489.0,0.0,0.0,623.0,0.0,0.0,1.0
0.0,0.0,0.0,205.0,25.0,0.0,0.0,414.0,1.0,548.0,0.0,205.0,0.0,0.0,0.0,0.0,415.0,0.0,0.0,1.0,71.0,0.0,1.0,0.0,799.7583094903096,0.0,0.0,0.0,0.0,205.0,0.0,0.0,1.0
0.0,946.0,1.0,636.0,68.0,0.0,310.0,313.0,3.0,636.0,283.0,946.0,946.0,189.0,0.0,0.0,314.0,189.0,0.0,0.0,313.0,0.0,3.0,201.0,739.2968668185704,0.0,309.0,0.0,0.0,0.0,0.0,0.0,1.0
1525.0,0.0,0.0,162.0,62.0,0.0,1050.0,0.0,5.0,162.0,0.0,1212.0,0.0,0.0,0.0,1.0,0.0,0.0,0.0,0.0,0.0,0.0,5.0,162.0,715.9645022489558,0.0,1050.0,25.0,1500.0,1212.0,1.0,0.0,1.0
0.0,1741.0,1.0,534.0,69.0,0.0,1207.0,0.0,7.0,534.0,348.0,1741.0,1741.0,348.0,0.0,0.0,0.0,348.0,0.0,0.0,0.0,0.0,7.0,186.0,656.7760565434262,0.0,1207.0,0.0,0.0,0.0,0.0,0.0,1.0
0.0,0.0,0.0,0.0,0.0,0.0,0.0,0.0,3.0,134.0,0.0,0.0,0.0,0.0,0.0,0.0,0.0,0.0,0.0,0.0,0.0,0.0,3.0,0.0,719.5654138290897,0.0,0.0,0.0,0.0,0.0,0.0,0.0,1.0
0.0,0.0,0.0,0.0,0.0,0.0,0.0,0.0,1.0,134.0,0.0,0.0,0.0,0.0,0.0,0.0,0.0,0.0,0.0,0.0,0.0,0.0,1.0,0.0,799.7583094903096,0.0,0.0,0.0,0.0,0.0,0.0,0.0,1.0
0.0,0.0,0.0,389.0,28.0,389.0,0.0,354.0,3.0,488.0,0.0,389.0,0.0,0.0,0.0,0.0,354.0,0.0,1.0,0.0,255.0,0.0,3.0,102.0,719.5654138290897,0.0,0.0,0.0,0.0,389.0,1.0,0.0,1.0
0.0,0.0,0.0,265.0,67.0,310.0,668.0,131.0,3.0,265.0,0.0,933.0,0.0,0.0,0.0,1.0,131.0,0.0,1.0,0.0,131.0,0.0,3.0,201.0,761.998645937281,623.0,667.0,0.0,0.0,933.0,1.0,0.0,1.0
0.0,250.0,1.0,250.0,31.0,0.0,0.0,199.0,1.0,383.0,0.0,250.0,0.0,50.0,0.0,0.0,199.0,50.0,0.0,0.0,66.0,0.0,1.0,68.0,799.7583094903096,0.0,0.0,0.0,0.0,0.0,0.0,0.0,1.0
0.0,0.0,0.0,461.0,79.0,0.0,182.0,327.0,1.0,461.0,0.0,643.0,0.0,0.0,0.0,0.0,328.0,0.0,0.0,1.0,327.0,0.0,1.0,201.0,811.4274481883481,79.0,182.0,0.0,0.0,643.0,1.0,0.0,1.0
6.0,1199.0,1.0,425.0,48.0,0.0,774.0,0.0,7.0,425.0,239.0,1199.0,654.0,240.0,0.0,0.0,0.0,239.0,0.0,0.0,0.0,0.0,7.0,186.0,629.1944558241742,0.0,773.0,6.0,0.0,0.0,0.0,0.0,1.0
0.0,307.0,1.0,307.0,22.0,0.0,0.0,176.0,3.0,371.0,28.0,307.0,307.0,61.0,0.0,0.0,176.0,61.0,0.0,0.0,112.0,0.0,3.0,137.0,719.5654138290897,0.0,0.0,0.0,0.0,0.0,0.0,0.0,1.0
0.0,869.0,1.0,351.0,52.0,0.0,518.0,39.0,4.0,351.0,212.0,869.0,869.0,174.0,0.0,0.0,40.0,173.0,0.0,0.0,39.0,0.0,4.0,178.0,715.8554625387807,0.0,516.0,0.0,0.0,0.0,0.0,0.0,1.0
0.0,0.0,0.0,603.0,28.0,627.0,24.0,417.0,6.0,603.0,0.0,627.0,0.0,0.0,0.0,0.0,417.0,0.0,1.0,0.0,417.0,0.0,6.0,186.0,611.2634584989729,0.0,24.0,0.0,0.0,627.0,1.0,0.0,1.0
64.0,492.0,1.0,492.0,45.0,0.0,0.0,302.0,2.0,534.0,105.0,492.0,492.0,98.0,0.0,0.0,302.0,98.0,0.0,1.0,260.0,1.0,2.0,159.0,759.131446299674,0.0,0.0,64.0,0.0,0.0,0.0,0.0,1.0
0.0,1505.0,1.0,621.0,85.0,0.0,1039.0,158.0,5.0,621.0,451.0,1660.0,1505.0,301.0,0.0,0.0,158.0,301.0,0.0,0.0,158.0,0.0,5.0,243.0,715.328003847898,0.0,1038.0,0.0,0.0,155.0,0.0,0.0,1.0
0.0,0.0,0.0,571.0,76.0,0.0,52.0,437.0,1.0,571.0,0.0,623.0,0.0,0.0,0.0,1.0,438.0,0.0,0.0,0.0,437.0,0.0,1.0,201.0,803.1529680531781,623.0,52.0,0.0,0.0,623.0,1.0,0.0,1.0
527.0,71.0,1.0,191.0,23.0,0.0,0.0,210.0,1.0,358.0,0.0,191.0,71.0,14.0,0.0,0.0,0.0,14.0,0.0,0.0,43.0,0.0,1.0,34.0,799.7583094903096,0.0,0.0,527.0,0.0,120.0,0.0,0.0,1.0
0.0,0.0,0.0,153.0,116.0,0.0,793.0,19.0,1.0,153.0,0.0,946.0,0.0,0.0,0.0,1.0,19.0,0.0,0.0,0.0,19.0,0.0,1.0,153.0,830.5224026201488,0.0,793.0,0.0,0.0,946.0,0.0,0.0,1.0
0.0,550.0,1.0,373.0,40.0,0.0,177.0,129.0,3.0,373.0,165.0,550.0,0.0,110.0,0.0,0.0,129.0,110.0,0.0,0.0,129.0,0.0,3.0,201.0,730.8102202472378,0.0,177.0,0.0,0.0,0.0,0.0,0.0,1.0
0.0,0.0,0.0,643.0,46.0,0.0,0.0,727.0,3.0,861.0,0.0,643.0,0.0,0.0,0.0,1.0,727.0,0.0,0.0,0.0,509.0,0.0,3.0,0.0,719.5654138290897,69.0,0.0,0.0,0.0,643.0,0.0,0.0,1.0
0.0,0.0,0.0,146.0,28.0,310.0,164.0,12.0,2.0,146.0,0.0,310.0,0.0,0.0,0.0,0.0,12.0,0.0,1.0,0.0,12.0,0.0,2.0,146.0,769.5275881511167,0.0,164.0,0.0,0.0,310.0,1.0,0.0,1.0
0.0,0.0,0.0,0.0,0.0,0.0,0.0,0.0,1.0,134.0,0.0,0.0,0.0,0.0,0.0,0.0,0.0,0.0,0.0,0.0,0.0,0.0,1.0,0.0,799.7583094903096,0.0,0.0,0.0,0.0,0.0,0.0,0.0,1.0
0.0,0.0,0.0,0.0,0.0,0.0,0.0,0.0,6.0,186.0,0.0,0.0,0.0,0.0,0.0,0.0,0.0,0.0,0.0,0.0,0.0,0.0,6.0,0.0,609.7782954153703,0.0,0.0,0.0,0.0,0.0,0.0,0.0,1.0
0.0,0.0,0.0,361.0,79.0,0.0,282.0,227.0,1.0,361.0,0.0,643.0,0.0,0.0,0.0,1.0,228.0,0.0,0.0,0.0,227.0,0.0,1.0,201.0,817.7924329961397,116.0,282.0,0.0,0.0,643.0,1.0,0.0,1.0
0.0,714.0,1.0,336.0,52.0,0.0,378.0,60.0,3.0,336.0,202.0,714.0,714.0,143.0,0.0,0.0,60.0,142.0,0.0,0.0,60.0,0.0,3.0,194.0,743.5401899507434,0.0,377.0,0.0,0.0,0.0,0.0,0.0,1.0
0.0,0.0,0.0,469.0,28.0,469.0,0.0,417.0,4.0,556.0,0.0,469.0,0.0,0.0,0.0,0.0,417.0,0.0,1.0,0.0,330.0,0.0,4.0,94.0,682.9697076141406,0.0,0.0,0.0,0.0,469.0,1.0,0.0,1.0
10.0,980.0,1.0,922.0,89.0,0.0,58.0,417.0,2.0,922.0,196.0,980.0,980.0,196.0,0.0,0.0,417.0,196.0,0.0,0.0,417.0,0.0,2.0,134.0,762.738270948956,0.0,58.0,10.0,0.0,0.0,0.0,0.0,1.0
0.0,1380.0,1.0,678.0,71.0,0.0,702.0,0.0,5.0,678.0,276.0,1380.0,1380.0,276.0,0.0,0.0,0.0,276.0,0.0,0.0,0.0,0.0,5.0,162.0,693.8992214679056,0.0,702.0,0.0,0.0,0.0,0.0,0.0,1.0
0.0,45.0,1.0,45.0,4.0,0.0,0.0,0.0,2.0,143.0,0.0,45.0,45.0,9.0,0.0,0.0,0.0,9.0,0.0,0.0,0.0,0.0,2.0,36.0,759.131446299674,0.0,0.0,0.0,0.0,0.0,0.0,0.0,1.0
0.0,2113.0,1.0,608.0,75.0,0.0,1505.0,0.0,8.0,608.0,422.0,2113.0,2113.0,423.0,0.0,0.0,0.0,422.0,0.0,0.0,0.0,0.0,8.0,186.0,638.0023080742245,0.0,1504.0,0.0,0.0,0.0,0.0,0.0,1.0
0.0,0.0,0.0,134.0,81.0,0.0,528.0,0.0,1.0,134.0,0.0,662.0,0.0,0.0,0.0,0.0,0.0,0.0,0.0,1.0,0.0,0.0,1.0,134.0,830.5224026201488,0.0,528.0,0.0,0.0,662.0,0.0,0.0,1.0
0.0,0.0,0.0,134.0,87.0,0.0,820.0,0.0,2.0,134.0,0.0,954.0,0.0,0.0,0.0,0.0,0.0,0.0,0.0,2.0,0.0,0.0,2.0,134.0,811.3243218395718,54.0,820.0,0.0,0.0,954.0,1.0,0.0,1.0
0.0,0.0,0.0,231.0,28.0,0.0,0.0,508.0,1.0,642.0,0.0,231.0,0.0,0.0,220.0,1.0,417.0,0.0,0.0,0.0,97.0,0.0,1.0,0.0,799.7583094903096,0.0,0.0,0.0,0.0,231.0,1.0,0.0,1.0
0.0,556.0,1.0,556.0,68.0,0.0,0.0,411.0,1.0,656.0,66.0,556.0,556.0,111.0,0.0,0.0,412.0,111.0,0.0,0.0,311.0,0.0,1.0,101.0,799.7583094903096,0.0,0.0,0.0,0.0,0.0,0.0,0.0,1.0
465.0,1523.0,1.0,438.0,129.0,267.0,1352.0,0.0,3.0,438.0,304.0,1790.0,1523.0,305.0,0.0,0.0,0.0,304.0,1.0,0.0,0.0,0.0,3.0,134.0,805.704875152727,0.0,1351.0,465.0,0.0,267.0,0.0,0.0,1.0
561.0,0.0,0.0,134.0,69.0,310.0,819.0,0.0,3.0,134.0,0.0,953.0,0.0,0.0,0.0,1.0,0.0,0.0,1.0,0.0,0.0,0.0,3.0,134.0,771.7582892339061,349.0,819.0,561.0,0.0,953.0,1.0,0.0,1.0
0.0,0.0,0.0,231.0,28.0,0.0,0.0,251.0,1.0,385.0,0.0,231.0,0.0,0.0,231.0,0.0,252.0,0.0,0.0,0.0,97.0,0.0,1.0,47.0,799.7583094903096,0.0,0.0,0.0,0.0,231.0,1.0,0.0,1.0
0.0,0.0,0.0,139.0,76.0,0.0,484.0,5.0,1.0,139.0,0.0,623.0,0.0,0.0,0.0,1.0,6.0,0.0,0.0,0.0,5.0,0.0,1.0,139.0,1017.2348799617316,623.0,484.0,0.0,0.0,623.0,1.0,0.0,1.0
0.0,0.0,0.0,269.0,79.0,0.0,374.0,135.0,1.0,269.0,0.0,643.0,0.0,0.0,0.0,1.0,136.0,0.0,0.0,0.0,135.0,0.0,1.0,201.0,1006.40039968895,400.0,374.0,0.0,0.0,643.0,1.0,0.0,1.0
0.0,0.0,0.0,0.0,0.0,0.0,0.0,417.0,2.0,551.0,0.0,0.0,0.0,0.0,0.0,0.0,417.0,0.0,0.0,0.0,0.0,0.0,2.0,0.0,969.5170176331902,0.0,0.0,0.0,0.0,0.0,0.0,0.0,1.0
0.0,836.0,1.0,465.0,102.0,0.0,371.0,164.0,1.0,465.0,250.0,836.0,836.0,167.0,0.0,0.0,165.0,167.0,0.0,0.0,164.0,0.0,1.0,201.0,1006.0720821049264,0.0,370.0,0.0,0.0,0.0,0.0,0.0,1.0
0.0,0.0,0.0,357.0,41.0,0.0,95.0,223.0,2.0,357.0,0.0,452.0,0.0,0.0,0.0,0.0,223.0,0.0,0.0,0.0,223.0,0.0,2.0,201.0,979.0382275698772,0.0,95.0,0.0,0.0,452.0,0.0,0.0,1.0
0.0,0.0,0.0,671.0,52.0,0.0,44.0,537.0,3.0,671.0,0.0,715.0,0.0,0.0,0.0,1.0,536.0,0.0,0.0,0.0,537.0,0.0,3.0,201.0,975.3149215005096,26.0,45.0,0.0,0.0,715.0,0.0,0.0,1.0
0.0,1823.0,1.0,648.0,109.0,0.0,1175.0,46.0,4.0,648.0,410.0,1823.0,1823.0,365.0,0.0,0.0,47.0,364.0,0.0,0.0,46.0,0.0,4.0,185.0,1093.0691215199058,0.0,1174.0,0.0,0.0,0.0,0.0,0.0,1.0
0.0,828.0,1.0,299.0,78.0,246.0,775.0,0.0,3.0,299.0,165.0,1074.0,0.0,165.0,0.0,0.0,0.0,165.0,1.0,0.0,0.0,0.0,3.0,134.0,1047.5447899857204,0.0,774.0,0.0,0.0,246.0,1.0,0.0,1.0
0.0,38.0,1.0,38.0,5.0,0.0,0.0,273.0,1.0,414.0,0.0,38.0,38.0,8.0,0.0,0.0,0.0,7.0,0.0,0.0,0.0,0.0,1.0,0.0,969.6288302782972,0.0,0.0,0.0,0.0,0.0,0.0,0.0,1.0
0.0,826.0,1.0,304.0,50.0,0.0,522.0,0.0,4.0,304.0,165.0,826.0,826.0,165.0,0.0,0.0,0.0,165.0,0.0,0.0,0.0,0.0,4.0,139.0,1028.7188750512632,0.0,521.0,0.0,0.0,0.0,0.0,0.0,1.0
0.0,1219.0,1.0,488.0,88.0,0.0,731.0,111.0,3.0,488.0,354.0,1219.0,1219.0,244.0,0.0,0.0,111.0,243.0,0.0,0.0,111.0,1.0,3.0,201.0,1042.948343809389,0.0,730.0,0.0,0.0,0.0,0.0,0.0,1.0
0.0,0.0,0.0,310.0,28.0,310.0,0.0,212.0,2.0,346.0,0.0,310.0,0.0,0.0,0.0,0.0,212.0,0.0,1.0,0.0,176.0,0.0,2.0,165.0,969.5170176331902,0.0,0.0,0.0,0.0,310.0,1.0,0.0,1.0
0.0,0.0,0.0,226.0,76.0,0.0,397.0,92.0,1.0,226.0,0.0,623.0,0.0,0.0,0.0,0.0,93.0,0.0,0.0,1.0,92.0,0.0,1.0,201.0,1008.6986227771158,623.0,397.0,0.0,0.0,623.0,1.0,0.0,1.0
0.0,0.0,0.0,0.0,0.0,0.0,0.0,0.0,1.0,134.0,0.0,0.0,0.0,0.0,0.0,0.0,0.0,0.0,0.0,1.0,0.0,1.0,1.0,0.0,969.6288302782972,0.0,0.0,0.0,0.0,0.0,0.0,0.0,1.0
259.0,0.0,0.0,162.0,81.0,389.0,1413.0,0.0,5.0,162.0,0.0,1575.0,0.0,0.0,0.0,1.0,0.0,0.0,1.0,0.0,0.0,0.0,5.0,162.0,1126.7740200292385,722.0,1413.0,259.0,0.0,1575.0,1.0,0.0,1.0
415.0,0.0,0.0,238.0,28.0,389.0,151.0,104.0,3.0,238.0,0.0,389.0,0.0,0.0,0.0,0.0,105.0,0.0,1.0,0.0,104.0,0.0,3.0,201.0,985.8210841892676,0.0,151.0,415.0,0.0,389.0,1.0,0.0,1.0
0.0,2273.0,1.0,640.0,112.0,231.0,1864.0,0.0,6.0,640.0,454.0,2504.0,2273.0,455.0,0.0,0.0,0.0,454.0,1.0,0.0,0.0,0.0,6.0,186.0,1172.954986731471,0.0,1863.0,0.0,0.0,231.0,1.0,0.0,1.0
0.0,0.0,0.0,310.0,28.0,310.0,0.0,269.0,2.0,403.0,0.0,310.0,0.0,0.0,0.0,0.0,269.0,0.0,1.0,0.0,176.0,0.0,2.0,108.0,969.5170176331902,0.0,0.0,0.0,0.0,310.0,1.0,0.0,1.0
0.0,0.0,0.0,458.0,76.0,0.0,165.0,324.0,1.0,458.0,0.0,623.0,0.0,0.0,0.0,1.0,261.0,0.0,0.0,0.0,324.0,0.0,1.0,201.0,986.0447094794816,623.0,259.0,0.0,0.0,623.0,1.0,0.0,1.0
0.0,0.0,0.0,134.0,76.0,0.0,489.0,0.0,1.0,134.0,0.0,623.0,0.0,0.0,0.0,1.0,0.0,0.0,0.0,0.0,0.0,0.0,1.0,134.0,1017.2348799617316,623.0,489.0,0.0,0.0,623.0,1.0,0.0,1.0
0.0,929.0,1.0,528.0,89.0,0.0,951.0,204.0,4.0,528.0,277.0,1479.0,929.0,186.0,0.0,0.0,205.0,185.0,0.0,0.0,204.0,0.0,4.0,208.0,1070.743525806295,0.0,949.0,0.0,0.0,550.0,0.0,0.0,1.0
0.0,0.0,0.0,156.0,28.0,389.0,233.0,22.0,3.0,156.0,0.0,389.0,0.0,0.0,0.0,0.0,23.0,0.0,1.0,0.0,22.0,0.0,3.0,156.0,994.0290237898596,0.0,233.0,0.0,0.0,389.0,1.0,0.0,1.0
0.0,0.0,0.0,0.0,0.0,0.0,0.0,0.0,2.0,134.0,0.0,0.0,0.0,0.0,0.0,0.0,0.0,0.0,0.0,0.0,0.0,1.0,2.0,0.0,969.5170176331902,0.0,0.0,0.0,0.0,0.0,0.0,0.0,1.0
0.0,0.0,0.0,156.0,76.0,0.0,467.0,22.0,1.0,156.0,0.0,623.0,0.0,0.0,0.0,1.0,23.0,0.0,0.0,0.0,22.0,0.0,1.0,156.0,1015.5932920416132,623.0,466.0,0.0,0.0,623.0,1.0,0.0,1.0
0.0,0.0,0.0,580.0,79.0,0.0,63.0,446.0,1.0,580.0,0.0,643.0,0.0,0.0,0.0,1.0,447.0,0.0,0.0,0.0,446.0,0.0,1.0,201.0,975.8668643747473,198.0,63.0,0.0,0.0,643.0,1.0,0.0,1.0
0.0,0.0,0.0,134.0,79.0,0.0,509.0,0.0,1.0,134.0,0.0,643.0,0.0,0.0,0.0,0.0,0.0,0.0,0.0,1.0,0.0,0.0,1.0,134.0,1017.2348799617316,106.0,509.0,0.0,0.0,643.0,1.0,0.0,1.0
0.0,1204.0,1.0,409.0,109.0,0.0,795.0,35.0,2.0,409.0,275.0,1204.0,1204.0,241.0,0.0,0.0,35.0,240.0,0.0,0.0,35.0,0.0,2.0,169.0,1047.984920214851,0.0,794.0,0.0,0.0,0.0,0.0,0.0,1.0
0.0,844.0,1.0,638.0,61.0,0.0,206.0,336.0,3.0,638.0,252.0,844.0,844.0,169.0,0.0,0.0,336.0,168.0,0.0,0.0,336.0,1.0,3.0,201.0,991.4024831176702,0.0,205.0,0.0,0.0,0.0,0.0,0.0,1.0
0.0,0.0,0.0,230.0,28.0,0.0,0.0,189.0,1.0,323.0,0.0,230.0,0.0,0.0,183.0,1.0,189.0,0.0,0.0,0.0,96.0,0.0,1.0,108.0,969.6288302782972,0.0,0.0,0.0,0.0,230.0,1.0,0.0,1.0
1609.0,0.0,0.0,134.0,89.0,0.0,591.0,0.0,1.0,134.0,0.0,725.0,0.0,0.0,0.0,1.0,0.0,0.0,0.0,0.0,0.0,0.0,1.0,134.0,1017.2348799617316,0.0,591.0,1609.0,0.0,725.0,0.0,0.0,1.0
0.0,0.0,0.0,310.0,28.0,310.0,0.0,394.0,2.0,528.0,0.0,310.0,0.0,0.0,0.0,0.0,394.0,0.0,1.0,0.0,176.0,0.0,2.0,0.0,969.5170176331902,0.0,0.0,0.0,0.0,310.0,1.0,0.0,1.0
0.0,0.0,0.0,134.0,28.0,231.0,97.0,0.0,1.0,134.0,0.0,231.0,0.0,0.0,0.0,0.0,0.0,0.0,1.0,0.0,0.0,0.0,1.0,134.0,979.150040214984,0.0,97.0,0.0,0.0,231.0,1.0,0.0,1.0
0.0,0.0,0.0,0.0,0.0,0.0,0.0,0.0,1.0,134.0,0.0,0.0,0.0,0.0,0.0,0.0,0.0,0.0,0.0,0.0,0.0,0.0,1.0,0.0,969.6288302782972,0.0,0.0,0.0,0.0,0.0,0.0,0.0,1.0
0.0,2331.0,1.0,652.0,93.0,0.0,1679.0,0.0,7.0,652.0,466.0,2331.0,2331.0,466.0,0.0,0.0,0.0,466.0,0.0,0.0,0.0,0.0,7.0,186.0,1171.529903750269,0.0,1678.0,0.0,0.0,0.0,0.0,0.0,1.0
166.0,494.0,1.0,232.0,108.0,0.0,956.0,0.0,2.0,232.0,98.0,1188.0,494.0,99.0,0.0,0.0,0.0,98.0,0.0,1.0,0.0,0.0,2.0,134.0,1059.47603565568,0.0,955.0,166.0,0.0,694.0,0.0,0.0,1.0
0.0,542.0,1.0,402.0,24.0,0.0,140.0,108.0,6.0,402.0,162.0,542.0,542.0,108.0,0.0,0.0,108.0,108.0,0.0,0.0,108.0,0.0,6.0,279.0,1003.2147957912256,0.0,139.0,0.0,0.0,0.0,0.0,0.0,1.0
0.0,0.0,0.0,134.0,28.0,0.0,97.0,0.0,1.0,134.0,0.0,231.0,0.0,0.0,231.0,0.0,0.0,0.0,0.0,0.0,0.0,0.0,1.0,134.0,979.150040214984,0.0,97.0,0.0,0.0,231.0,1.0,0.0,1.0
0.0,568.0,1.0,648.0,51.0,140.0,60.0,401.0,3.0,648.0,169.0,708.0,568.0,114.0,0.0,0.0,402.0,113.0,1.0,0.0,401.0,0.0,3.0,201.0,976.956509420628,0.0,58.0,0.0,0.0,140.0,1.0,0.0,1.0
0.0,0.0,0.0,0.0,0.0,0.0,0.0,0.0,1.0,134.0,0.0,0.0,0.0,0.0,0.0,0.0,0.0,0.0,0.0,0.0,0.0,0.0,1.0,0.0,969.6288302782972,0.0,0.0,0.0,0.0,0.0,0.0,0.0,1.0
0.0,0.0,0.0,0.0,0.0,0.0,0.0,0.0,1.0,134.0,0.0,0.0,0.0,0.0,0.0,0.0,0.0,0.0,0.0,0.0,0.0,0.0,1.0,0.0,969.6288302782972,0.0,0.0,0.0,0.0,0.0,1.0,0.0,1.0
0.0,1858.0,1.0,685.0,111.0,0.0,1173.0,62.0,4.0,685.0,433.0,1858.0,1858.0,372.0,0.0,0.0,63.0,371.0,0.0,0.0,62.0,0.0,4.0,201.0,1092.740803935882,0.0,1171.0,0.0,0.0,0.0,0.0,0.0,1.0
0.0,0.0,0.0,186.0,45.0,0.0,1060.0,0.0,8.0,186.0,0.0,1246.0,0.0,0.0,0.0,1.0,0.0,0.0,0.0,0.0,0.0,0.0,8.0,186.0,1114.6191490690646,1246.0,1060.0,0.0,0.0,1246.0,0.0,0.0,1.0
0.0,1606.0,1.0,765.0,96.0,0.0,841.0,7.0,4.0,765.0,328.0,1606.0,1606.0,321.0,0.0,0.0,7.0,321.0,0.0,0.0,7.0,0.0,4.0,146.0,1059.9090455335136,0.0,848.0,0.0,0.0,0.0,0.0,0.0,1.0
0.0,0.0,0.0,267.0,16.0,0.0,0.0,318.0,4.0,457.0,0.0,267.0,0.0,0.0,0.0,0.0,318.0,0.0,0.0,0.0,128.0,0.0,4.0,19.0,977.1730143595448,0.0,0.0,0.0,0.0,267.0,0.0,0.0,1.0
0.0,722.0,1.0,310.0,54.0,170.0,582.0,27.0,4.0,310.0,171.0,892.0,722.0,144.0,0.0,0.0,28.0,144.0,1.0,0.0,27.0,0.0,4.0,166.0,1034.6285915636895,0.0,608.0,0.0,0.0,170.0,1.0,0.0,1.0
0.0,808.0,1.0,399.0,73.0,0.0,409.0,18.0,2.0,399.0,179.0,808.0,808.0,162.0,0.0,0.0,19.0,161.0,0.0,0.0,18.0,0.0,2.0,152.0,1009.9000804681036,0.0,408.0,0.0,0.0,0.0,0.0,0.0,1.0
0.0,1333.0,1.0,490.0,96.0,0.0,843.0,90.0,3.0,490.0,356.0,1333.0,1333.0,266.0,0.0,0.0,91.0,266.0,0.0,0.0,90.0,0.0,3.0,201.0,1054.111141666194,0.0,841.0,0.0,0.0,0.0,0.0,0.0,1.0
0.0,328.0,1.0,228.0,48.0,343.0,443.0,29.0,3.0,228.0,94.0,671.0,328.0,65.0,0.0,0.0,30.0,65.0,1.0,0.0,29.0,0.0,3.0,163.0,1014.7130315833518,0.0,441.0,0.0,0.0,343.0,1.0,0.0,1.0
0.0,0.0,0.0,246.0,28.0,310.0,64.0,112.0,2.0,246.0,0.0,310.0,0.0,0.0,0.0,0.0,112.0,0.0,1.0,0.0,112.0,0.0,2.0,201.0,975.7550517296402,0.0,64.0,0.0,0.0,310.0,1.0,0.0,1.0
1.0,477.0,1.0,477.0,29.0,0.0,0.0,417.0,4.0,651.0,0.0,477.0,0.0,95.0,0.0,0.0,417.0,95.0,0.0,0.0,243.0,1.0,4.0,0.0,977.1730143595448,0.0,0.0,1.0,0.0,0.0,0.0,0.0,1.0
0.0,0.0,0.0,134.0,83.0,0.0,543.0,0.0,1.0,134.0,0.0,677.0,0.0,0.0,0.0,0.0,0.0,0.0,0.0,1.0,0.0,0.0,1.0,134.0,1017.2348799617316,357.0,543.0,0.0,0.0,677.0,1.0,0.0,1.0
0.0,0.0,0.0,0.0,0.0,0.0,0.0,0.0,1.0,134.0,0.0,0.0,0.0,0.0,0.0,0.0,0.0,0.0,0.0,0.0,0.0,0.0,1.0,0.0,969.6288302782972,0.0,0.0,0.0,0.0,0.0,0.0,0.0,1.0
252.0,838.0,1.0,301.0,61.0,0.0,537.0,0.0,3.0,301.0,167.0,838.0,838.0,168.0,0.0,0.0,0.0,167.0,0.0,0.0,0.0,1.0,3.0,134.0,1023.905923936015,0.0,536.0,252.0,0.0,0.0,0.0,0.0,1.0
23.0,1127.0,1.0,364.0,68.0,0.0,763.0,0.0,4.0,364.0,225.0,1127.0,1127.0,225.0,0.0,0.0,0.0,225.0,0.0,0.0,0.0,0.0,4.0,139.0,1052.3577411009687,0.0,763.0,23.0,0.0,0.0,0.0,0.0,1.0
0.0,0.0,0.0,0.0,0.0,0.0,0.0,232.0,3.0,366.0,0.0,0.0,0.0,0.0,0.0,0.0,232.0,0.0,0.0,0.0,0.0,0.0,3.0,0.0,971.0467929082016,0.0,0.0,0.0,0.0,0.0,0.0,0.0,1.0
0.0,0.0,0.0,134.0,28.0,310.0,176.0,0.0,2.0,134.0,0.0,310.0,0.0,0.0,0.0,0.0,0.0,0.0,1.0,0.0,0.0,0.0,2.0,134.0,986.9178495864456,0.0,176.0,0.0,0.0,310.0,1.0,0.0,1.0
0.0,0.0,0.0,320.0,57.0,0.0,303.0,186.0,2.0,320.0,0.0,623.0,0.0,0.0,0.0,1.0,187.0,0.0,0.0,0.0,186.0,0.0,2.0,201.0,999.3939177793457,623.0,303.0,0.0,0.0,623.0,0.0,0.0,1.0
0.0,159.0,1.0,323.0,119.0,0.0,990.0,158.0,2.0,323.0,47.0,1313.0,159.0,32.0,0.0,1.0,158.0,31.0,0.0,0.0,158.0,0.0,2.0,201.0,1059.47603565568,0.0,989.0,0.0,0.0,1154.0,0.0,0.0,1.0
0.0,0.0,0.0,0.0,0.0,0.0,0.0,232.0,3.0,366.0,0.0,0.0,0.0,0.0,0.0,0.0,232.0,0.0,0.0,0.0,0.0,0.0,3.0,0.0,971.0467929082016,0.0,0.0,0.0,0.0,0.0,0.0,0.0,1.0
134.0,0.0,0.0,179.0,79.0,0.0,464.0,45.0,1.0,179.0,0.0,643.0,0.0,0.0,0.0,0.0,46.0,0.0,0.0,1.0,45.0,1.0,1.0,179.0,1015.2649744575896,110.0,464.0,134.0,0.0,643.0,1.0,0.0,1.0
0.0,924.0,1.0,706.0,67.0,0.0,218.0,388.0,3.0,706.0,276.0,924.0,924.0,185.0,0.0,0.0,388.0,184.0,0.0,0.0,388.0,0.0,3.0,201.0,992.3874358697412,0.0,217.0,0.0,0.0,0.0,0.0,0.0,1.0
0.0,0.0,0.0,0.0,0.0,0.0,0.0,0.0,2.0,134.0,0.0,0.0,0.0,0.0,0.0,0.0,0.0,0.0,0.0,0.0,0.0,0.0,2.0,0.0,969.5170176331902,0.0,0.0,0.0,0.0,0.0,1.0,0.0,1.0
0.0,0.0,0.0,437.0,109.0,0.0,762.0,244.0,2.0,437.0,0.0,1199.0,0.0,0.0,0.0,1.0,244.0,0.0,0.0,0.0,244.0,0.0,2.0,201.0,1044.7017443746142,0.0,762.0,0.0,0.0,1199.0,0.0,0.0,1.0
0.0,0.0,0.0,139.0,21.0,0.0,205.0,0.0,4.0,139.0,0.0,344.0,0.0,0.0,0.0,0.0,0.0,0.0,0.0,0.0,0.0,0.0,4.0,139.0,997.5287045690131,0.0,205.0,0.0,0.0,344.0,0.0,0.0,1.0
0.0,0.0,0.0,0.0,0.0,0.0,0.0,0.0,1.0,134.0,0.0,0.0,0.0,0.0,0.0,0.0,0.0,0.0,0.0,0.0,0.0,0.0,1.0,0.0,969.6288302782972,0.0,0.0,0.0,0.0,0.0,0.0,0.0,1.0
0.0,206.0,1.0,206.0,19.0,0.0,0.0,417.0,2.0,592.0,0.0,206.0,206.0,41.0,0.0,0.0,417.0,41.0,0.0,0.0,31.0,0.0,2.0,0.0,969.5170176331902,0.0,0.0,0.0,0.0,0.0,0.0,0.0,1.0
0.0,757.0,1.0,323.0,39.0,0.0,434.0,10.0,5.0,323.0,161.0,757.0,757.0,151.0,0.0,0.0,10.0,151.0,0.0,0.0,10.0,0.0,5.0,172.0,1030.2486503262746,0.0,433.0,0.0,0.0,0.0,0.0,0.0,1.0
0.0,0.0,0.0,250.0,31.0,0.0,0.0,192.0,1.0,326.0,0.0,250.0,0.0,0.0,0.0,0.0,192.0,0.0,0.0,0.0,116.0,0.0,1.0,125.0,969.6288302782972,0.0,0.0,0.0,0.0,250.0,0.0,0.0,1.0
0.0,0.0,0.0,229.0,79.0,0.0,414.0,95.0,1.0,229.0,0.0,643.0,0.0,0.0,0.0,0.0,96.0,0.0,0.0,1.0,95.0,0.0,1.0,201.0,1010.3402106972342,8.0,414.0,0.0,0.0,643.0,1.0,0.0,1.0
259.0,0.0,0.0,210.0,32.0,0.0,235.0,76.0,3.0,210.0,0.0,445.0,0.0,0.0,0.0,0.0,76.0,0.0,0.0,0.0,76.0,0.0,3.0,201.0,994.3573413738832,0.0,235.0,259.0,0.0,445.0,0.0,0.0,1.0
44.0,714.0,1.0,637.0,73.0,0.0,585.0,356.0,4.0,637.0,213.0,1222.0,714.0,143.0,0.0,0.0,357.0,142.0,0.0,0.0,356.0,0.0,4.0,208.0,1034.9569091477133,0.0,583.0,44.0,0.0,508.0,0.0,0.0,1.0
0.0,0.0,0.0,0.0,0.0,0.0,0.0,417.0,3.0,551.0,0.0,0.0,0.0,0.0,0.0,0.0,417.0,0.0,0.0,0.0,0.0,0.0,3.0,0.0,971.0467929082016,0.0,0.0,0.0,0.0,0.0,0.0,0.0,1.0
0.0,1505.0,1.0,463.0,77.0,0.0,1042.0,0.0,5.0,463.0,301.0,1505.0,1505.0,301.0,0.0,0.0,0.0,301.0,0.0,0.0,0.0,0.0,5.0,162.0,1090.330768202609,0.0,1042.0,0.0,0.0,0.0,0.0,0.0,1.0
0.0,0.0,0.0,375.0,28.0,548.0,173.0,213.0,5.0,375.0,0.0,548.0,0.0,0.0,0.0,0.0,213.0,0.0,1.0,0.0,213.0,1.0,5.0,243.0,1004.6398787724272,0.0,173.0,0.0,0.0,548.0,1.0,0.0,1.0
0.0,0.0,0.0,400.0,49.0,0.0,0.0,267.0,1.0,401.0,0.0,400.0,0.0,0.0,0.0,0.0,267.0,0.0,0.0,0.0,266.0,0.0,1.0,200.0,969.6288302782972,0.0,0.0,0.0,0.0,400.0,0.0,0.0,1.0
0.0,0.0,0.0,166.0,54.0,0.0,741.0,27.0,4.0,166.0,0.0,907.0,0.0,0.0,0.0,1.0,26.0,0.0,0.0,0.0,27.0,0.0,4.0,166.0,1050.0595180128028,0.0,743.0,0.0,0.0,907.0,0.0,0.0,1.0
0.0,458.0,1.0,340.0,33.0,0.0,118.0,115.0,3.0,340.0,136.0,458.0,458.0,92.0,0.0,0.0,116.0,91.0,0.0,0.0,115.0,0.0,3.0,201.0,982.5379083490308,0.0,117.0,0.0,0.0,0.0,0.0,0.0,1.0
0.0,0.0,0.0,221.0,79.0,0.0,422.0,87.0,1.0,221.0,0.0,643.0,0.0,0.0,0.0,0.0,87.0,0.0,0.0,1.0,87.0,0.0,1.0,201.0,1011.3251634493053,213.0,421.0,0.0,0.0,643.0,1.0,0.0,1.0
0.0,0.0,0.0,259.0,78.0,231.0,595.0,125.0,2.0,259.0,0.0,854.0,0.0,0.0,0.0,0.0,125.0,0.0,1.0,1.0,125.0,1.0,2.0,201.0,1028.28586517343,623.0,595.0,0.0,0.0,854.0,1.0,0.0,1.0
0.0,78.0,1.0,272.0,33.0,194.0,0.0,369.0,1.0,518.0,0.0,272.0,0.0,16.0,0.0,0.0,385.0,15.0,1.0,0.0,123.0,0.0,1.0,0.0,969.6288302782972,0.0,0.0,0.0,0.0,194.0,1.0,0.0,1.0
0.0,0.0,0.0,0.0,0.0,0.0,0.0,0.0,1.0,134.0,0.0,0.0,0.0,0.0,0.0,0.0,0.0,0.0,0.0,0.0,0.0,0.0,1.0,0.0,969.6288302782972,0.0,0.0,0.0,0.0,0.0,0.0,0.0,1.0
0.0,1163.0,1.0,537.0,84.0,0.0,626.0,171.0,3.0,537.0,348.0,1163.0,1163.0,233.0,0.0,0.0,172.0,232.0,0.0,0.0,171.0,0.0,3.0,201.0,1032.7704987046543,0.0,625.0,0.0,0.0,0.0,0.0,0.0,1.0
271.0,0.0,0.0,134.0,45.0,0.0,490.0,0.0,3.0,134.0,0.0,624.0,0.0,0.0,0.0,0.0,0.0,0.0,0.0,0.0,0.0,0.0,3.0,134.0,1019.3094777596834,0.0,490.0,271.0,0.0,624.0,0.0,0.0,1.0
0.0,0.0,0.0,269.0,78.0,231.0,585.0,135.0,2.0,269.0,0.0,854.0,0.0,0.0,0.0,1.0,135.0,0.0,1.0,0.0,135.0,0.0,2.0,201.0,1027.3009124213588,623.0,585.0,0.0,0.0,854.0,1.0,0.0,1.0
0.0,0.0,0.0,0.0,0.0,0.0,0.0,0.0,1.0,134.0,0.0,0.0,0.0,0.0,0.0,0.0,0.0,0.0,0.0,0.0,0.0,0.0,1.0,0.0,969.6288302782972,0.0,0.0,0.0,0.0,0.0,0.0,0.0,1.0
0.0,774.0,1.0,316.0,54.0,285.0,743.0,0.0,5.0,316.0,154.0,1059.0,0.0,155.0,0.0,0.0,0.0,154.0,1.0,0.0,0.0,0.0,5.0,162.0,1060.7821856404776,0.0,742.0,0.0,0.0,285.0,1.0,0.0,1.0
0.0,495.0,1.0,233.0,65.0,0.0,477.0,0.0,2.0,233.0,99.0,710.0,0.0,99.0,0.0,0.0,0.0,99.0,0.0,0.0,0.0,0.0,2.0,134.0,1016.4664321485772,0.0,477.0,0.0,0.0,215.0,0.0,0.0,1.0
0.0,0.0,0.0,361.0,79.0,0.0,282.0,227.0,1.0,361.0,0.0,643.0,0.0,0.0,0.0,0.0,228.0,0.0,0.0,1.0,227.0,0.0,1.0,201.0,997.5358249203103,6.0,282.0,0.0,0.0,643.0,1.0,0.0,1.0
0.0,0.0,0.0,213.0,34.0,469.0,256.0,79.0,3.0,213.0,0.0,469.0,0.0,0.0,0.0,0.0,80.0,0.0,1.0,0.0,79.0,0.0,3.0,201.0,989.278434428246,0.0,256.0,0.0,0.0,469.0,0.0,0.0,1.0
0.0,0.0,0.0,134.0,76.0,0.0,489.0,0.0,1.0,134.0,0.0,623.0,0.0,0.0,0.0,1.0,0.0,0.0,0.0,0.0,0.0,0.0,1.0,134.0,1058.8424449178592,623.0,489.0,0.0,0.0,623.0,1.0,0.0,1.0
0.0,0.0,0.0,100.0,9.0,0.0,0.0,0.0,2.0,134.0,0.0,100.0,0.0,0.0,0.0,0.0,0.0,0.0,0.0,0.0,0.0,0.0,2.0,100.0,855.0144646963968,0.0,0.0,0.0,0.0,100.0,0.0,0.0,1.0
0.0,0.0,0.0,134.0,21.0,229.0,95.0,0.0,2.0,134.0,0.0,229.0,0.0,0.0,0.0,0.0,0.0,0.0,1.0,0.0,0.0,0.0,2.0,134.0,898.2068283169483,0.0,95.0,0.0,0.0,229.0,1.0,0.0,1.0
0.0,0.0,0.0,134.0,79.0,0.0,509.0,0.0,1.0,134.0,0.0,643.0,0.0,0.0,0.0,0.0,0.0,0.0,0.0,1.0,0.0,0.0,1.0,134.0,1058.8424449178592,230.0,509.0,0.0,0.0,643.0,1.0,0.0,1.0
0.0,0.0,0.0,467.0,57.0,0.0,0.0,417.0,1.0,551.0,0.0,467.0,0.0,0.0,0.0,0.0,417.0,0.0,0.0,0.0,333.0,0.0,1.0,50.0,842.880626621557,0.0,0.0,0.0,0.0,467.0,0.0,0.0,1.0
0.0,400.0,1.0,358.0,57.0,0.0,432.0,144.0,3.0,358.0,120.0,790.0,400.0,80.0,0.0,0.0,144.0,80.0,0.0,0.0,144.0,0.0,3.0,201.0,1068.2162025321932,0.0,431.0,0.0,0.0,390.0,1.0,0.0,1.0
5.0,899.0,1.0,397.0,46.0,0.0,502.0,56.0,5.0,397.0,235.0,899.0,899.0,180.0,0.0,0.0,57.0,179.0,0.0,0.0,56.0,0.0,5.0,218.0,1199.7200918608478,0.0,500.0,5.0,0.0,0.0,0.0,0.0,1.0
0.0,0.0,0.0,0.0,0.0,0.0,0.0,0.0,1.0,134.0,0.0,0.0,0.0,0.0,0.0,0.0,0.0,0.0,0.0,0.0,0.0,0.0,1.0,0.0,842.8806266215569,0.0,0.0,0.0,0.0,0.0,0.0,0.0,1.0
0.0,60.0,1.0,60.0,7.0,0.0,0.0,0.0,1.0,146.0,0.0,60.0,0.0,12.0,0.0,0.0,0.0,12.0,0.0,0.0,0.0,0.0,1.0,48.0,842.8806266215569,0.0,0.0,0.0,0.0,0.0,0.0,0.0,1.0
0.0,0.0,0.0,598.0,28.0,0.0,27.0,412.0,6.0,598.0,0.0,625.0,0.0,0.0,0.0,0.0,413.0,0.0,0.0,0.0,412.0,0.0,6.0,279.0,1007.807246370111,0.0,27.0,0.0,0.0,625.0,0.0,0.0,1.0
0.0,0.0,0.0,404.0,81.0,0.0,254.0,270.0,1.0,404.0,0.0,658.0,0.0,0.0,0.0,0.0,270.0,0.0,0.0,1.0,270.0,0.0,1.0,201.0,956.0744072301488,0.0,254.0,0.0,0.0,658.0,0.0,0.0,1.0
0.0,100.0,1.0,220.0,59.0,0.0,265.0,66.0,1.0,220.0,30.0,485.0,0.0,20.0,0.0,1.0,66.0,20.0,0.0,0.0,66.0,0.0,1.0,200.0,962.0319746483168,385.0,265.0,0.0,0.0,385.0,1.0,0.0,1.0
0.0,0.0,0.0,0.0,0.0,0.0,0.0,0.0,1.0,134.0,0.0,0.0,0.0,0.0,0.0,0.0,0.0,0.0,0.0,0.0,0.0,0.0,1.0,0.0,842.8806266215569,0.0,0.0,0.0,0.0,0.0,0.0,0.0,1.0
0.0,0.0,0.0,195.0,24.0,0.0,0.0,276.0,1.0,410.0,0.0,195.0,0.0,0.0,0.0,0.0,277.0,0.0,0.0,0.0,61.0,0.0,1.0,0.0,842.8806266215569,0.0,0.0,0.0,0.0,195.0,0.0,0.0,1.0
25.0,0.0,0.0,396.0,76.0,0.0,227.0,262.0,1.0,396.0,0.0,623.0,0.0,0.0,0.0,1.0,263.0,0.0,0.0,0.0,262.0,0.0,1.0,201.0,944.1592724682554,623.0,227.0,25.0,0.0,623.0,1.0,0.0,1.0
0.0,0.0,0.0,417.0,51.0,0.0,0.0,290.0,1.0,424.0,0.0,417.0,0.0,0.0,0.0,1.0,291.0,0.0,0.0,0.0,283.0,1.0,1.0,194.0,842.8806266215569,417.0,0.0,0.0,0.0,417.0,1.0,0.0,1.0
186.0,0.0,0.0,134.0,87.0,0.0,577.0,0.0,1.0,134.0,0.0,711.0,0.0,0.0,0.0,0.0,0.0,0.0,0.0,1.0,0.0,0.0,1.0,134.0,1058.8424449178592,0.0,577.0,186.0,0.0,711.0,0.0,0.0,1.0
0.0,0.0,0.0,0.0,0.0,0.0,0.0,417.0,6.0,603.0,0.0,0.0,0.0,0.0,0.0,0.0,417.0,0.0,0.0,0.0,0.0,0.0,6.0,0.0,995.892111564441,0.0,0.0,0.0,0.0,0.0,0.0,0.0,1.0
0.0,0.0,0.0,0.0,0.0,0.0,0.0,417.0,2.0,551.0,0.0,0.0,0.0,0.0,0.0,0.0,417.0,0.0,0.0,0.0,0.0,0.0,2.0,0.0,855.0144646963968,0.0,0.0,0.0,0.0,0.0,0.0,0.0,1.0
0.0,1372.0,1.0,460.0,99.0,0.0,1751.0,0.0,6.0,460.0,274.0,2211.0,944.0,274.0,0.0,1.0,0.0,274.0,0.0,0.0,0.0,0.0,6.0,186.0,1777.8228330454428,447.0,1751.0,0.0,0.0,839.0,0.0,0.0,1.0
0.0,83.0,1.0,311.0,22.0,0.0,187.0,109.0,6.0,311.0,24.0,498.0,0.0,17.0,0.0,1.0,109.0,16.0,0.0,0.0,109.0,0.0,6.0,279.0,1079.29805517693,415.0,187.0,0.0,0.0,415.0,0.0,0.0,1.0
0.0,0.0,0.0,354.0,79.0,0.0,289.0,220.0,1.0,354.0,0.0,643.0,0.0,0.0,0.0,1.0,221.0,0.0,0.0,0.0,220.0,0.0,1.0,201.0,972.4577175966202,228.0,289.0,0.0,0.0,643.0,1.0,0.0,1.0
0.0,0.0,0.0,261.0,95.0,0.0,518.0,127.0,1.0,261.0,0.0,779.0,0.0,0.0,0.0,1.0,128.0,0.0,0.0,0.0,127.0,0.0,1.0,201.0,1058.8424449178592,0.0,518.0,0.0,0.0,779.0,0.0,0.0,1.0
32.0,1565.0,1.0,980.0,113.0,0.0,585.0,417.0,3.0,980.0,314.0,1565.0,1565.0,313.0,0.0,0.0,417.0,313.0,0.0,0.0,417.0,0.0,3.0,134.0,1136.7282276095257,0.0,585.0,32.0,0.0,0.0,0.0,0.0,1.0
0.0,1004.0,1.0,508.0,60.0,0.0,496.0,169.0,4.0,508.0,300.0,1004.0,717.0,201.0,0.0,0.0,170.0,200.0,0.0,0.0,169.0,0.0,4.0,208.0,1136.9469308691096,0.0,494.0,0.0,0.0,0.0,0.0,0.0,1.0
0.0,0.0,0.0,434.0,79.0,0.0,209.0,300.0,1.0,434.0,0.0,643.0,0.0,0.0,0.0,0.0,301.0,0.0,0.0,1.0,300.0,0.0,1.0,201.0,936.7123131988824,373.0,209.0,0.0,0.0,643.0,1.0,0.0,1.0
81.0,1070.0,1.0,1031.0,92.0,0.0,239.0,308.0,3.0,1031.0,321.0,1270.0,1070.0,214.0,0.0,0.0,309.0,214.0,0.0,0.0,308.0,0.0,3.0,201.0,981.8314752170083,0.0,239.0,81.0,0.0,200.0,0.0,0.0,1.0
25.0,0.0,0.0,436.0,76.0,0.0,187.0,292.0,1.0,436.0,0.0,623.0,0.0,0.0,0.0,1.0,293.0,0.0,0.0,0.0,292.0,0.0,1.0,201.0,926.2865702553244,623.0,187.0,25.0,0.0,623.0,1.0,0.0,1.0
0.0,0.0,0.0,496.0,76.0,0.0,127.0,362.0,1.0,496.0,0.0,623.0,0.0,0.0,0.0,1.0,363.0,0.0,0.0,0.0,362.0,0.0,1.0,201.0,899.477516903917,623.0,127.0,0.0,0.0,623.0,1.0,0.0,1.0
0.0,0.0,0.0,238.0,28.0,389.0,151.0,104.0,3.0,238.0,0.0,389.0,0.0,0.0,0.0,0.0,105.0,0.0,1.0,0.0,104.0,0.0,3.0,201.0,941.6178952192156,0.0,151.0,0.0,0.0,389.0,1.0,0.0,1.0
0.0,688.0,1.0,688.0,41.0,0.0,0.0,417.0,4.0,693.0,192.0,688.0,0.0,137.0,0.0,0.0,0.0,137.0,0.0,0.0,412.0,0.0,4.0,195.0,915.0275451471678,0.0,0.0,0.0,0.0,0.0,0.0,0.0,1.0
867.0,1699.0,1.0,509.0,87.0,0.0,1190.0,8.0,5.0,509.0,347.0,1699.0,1699.0,340.0,0.0,0.0,8.0,339.0,0.0,0.0,8.0,0.0,5.0,170.0,1506.534813016348,0.0,1188.0,867.0,0.0,0.0,0.0,0.0,1.0
0.0,2480.0,1.0,682.0,111.0,0.0,1798.0,0.0,6.0,682.0,496.0,2480.0,2480.0,496.0,0.0,0.0,0.0,496.0,0.0,0.0,0.0,0.0,6.0,186.0,1798.6743189435433,0.0,1798.0,0.0,0.0,0.0,0.0,0.0,1.0
78.0,0.0,0.0,338.0,28.0,389.0,51.0,204.0,3.0,338.0,0.0,389.0,0.0,0.0,0.0,0.0,205.0,0.0,1.0,0.0,204.0,0.0,3.0,201.0,896.9361397079424,0.0,51.0,78.0,0.0,389.0,1.0,0.0,1.0
0.0,0.0,0.0,491.0,67.0,310.0,442.0,357.0,3.0,491.0,0.0,933.0,0.0,0.0,0.0,1.0,358.0,0.0,1.0,0.0,357.0,0.0,3.0,201.0,1072.6843780773625,623.0,442.0,0.0,0.0,933.0,1.0,0.0,1.0
0.0,0.0,0.0,134.0,64.0,0.0,565.0,0.0,2.0,134.0,0.0,699.0,0.0,0.0,231.0,1.0,0.0,0.0,0.0,0.0,0.0,0.0,2.0,134.0,1108.2110792439848,468.0,565.0,0.0,0.0,699.0,1.0,0.0,1.0
0.0,2008.0,1.0,1280.0,120.0,0.0,728.0,417.0,4.0,1280.0,409.0,2008.0,2008.0,402.0,0.0,0.0,417.0,401.0,0.0,0.0,417.0,0.0,4.0,139.0,1239.7149685573313,0.0,728.0,0.0,0.0,0.0,0.0,0.0,1.0
0.0,0.0,0.0,0.0,0.0,0.0,0.0,0.0,3.0,134.0,0.0,0.0,0.0,0.0,0.0,0.0,0.0,0.0,0.0,0.0,0.0,0.0,3.0,0.0,874.5952619904157,0.0,0.0,0.0,0.0,0.0,1.0,0.0,1.0
0.0,1509.0,1.0,440.0,91.0,0.0,1069.0,0.0,4.0,440.0,301.0,1509.0,1509.0,302.0,0.0,0.0,0.0,301.0,0.0,0.0,0.0,0.0,4.0,139.0,1393.1223291234355,0.0,1068.0,0.0,0.0,0.0,0.0,0.0,1.0
620.0,0.0,0.0,587.0,81.0,231.0,305.0,453.0,2.0,587.0,0.0,892.0,0.0,0.0,0.0,1.0,453.0,0.0,1.0,0.0,453.0,0.0,2.0,201.0,992.0385148899284,623.0,304.0,620.0,0.0,892.0,1.0,0.0,1.0
0.0,1264.0,1.0,386.0,91.0,0.0,878.0,0.0,3.0,386.0,252.0,1264.0,1264.0,253.0,0.0,0.0,0.0,252.0,0.0,0.0,0.0,0.0,3.0,134.0,1266.3053186120642,0.0,877.0,0.0,0.0,0.0,0.0,0.0,1.0
0.0,0.0,0.0,297.0,69.0,0.0,263.0,163.0,1.0,297.0,0.0,560.0,0.0,0.0,560.0,0.0,364.0,0.0,0.0,0.0,163.0,0.0,1.0,201.0,960.5425827835508,0.0,62.0,0.0,0.0,560.0,1.0,0.0,1.0
0.0,0.0,0.0,561.0,79.0,0.0,82.0,427.0,1.0,561.0,0.0,643.0,0.0,0.0,0.0,1.0,429.0,0.0,0.0,0.0,427.0,0.0,1.0,201.0,880.1154228596279,5.0,82.0,0.0,0.0,643.0,1.0,0.0,1.0
0.0,0.0,0.0,0.0,0.0,0.0,0.0,0.0,3.0,134.0,0.0,0.0,0.0,0.0,0.0,0.0,0.0,0.0,0.0,0.0,0.0,0.0,3.0,0.0,874.5952619904157,0.0,0.0,0.0,0.0,0.0,0.0,0.0,1.0
0.0,0.0,0.0,0.0,0.0,0.0,0.0,242.0,3.0,376.0,0.0,0.0,0.0,0.0,0.0,0.0,242.0,0.0,0.0,0.0,0.0,1.0,3.0,0.0,874.5952619904157,0.0,0.0,0.0,0.0,0.0,0.0,0.0,1.0
708.0,0.0,0.0,134.0,112.0,0.0,783.0,0.0,1.0,134.0,0.0,917.0,0.0,0.0,0.0,1.0,0.0,0.0,0.0,0.0,0.0,0.0,1.0,134.0,1058.8424449178592,0.0,783.0,708.0,0.0,917.0,0.0,0.0,1.0
0.0,0.0,1.0,415.0,51.0,231.0,0.0,391.0,1.0,525.0,0.0,415.0,0.0,37.0,0.0,0.0,410.0,0.0,1.0,0.0,281.0,0.0,1.0,91.0,842.8806266215568,0.0,0.0,0.0,0.0,415.0,1.0,0.0,1.0
0.0,0.0,0.0,0.0,0.0,0.0,0.0,417.0,2.0,551.0,0.0,0.0,0.0,0.0,0.0,0.0,417.0,0.0,0.0,0.0,0.0,0.0,2.0,0.0,855.0144646963968,0.0,0.0,0.0,0.0,0.0,0.0,0.0,1.0
0.0,0.0,0.0,243.0,76.0,0.0,380.0,109.0,1.0,243.0,0.0,623.0,0.0,0.0,0.0,1.0,110.0,0.0,0.0,0.0,109.0,0.0,1.0,201.0,1012.6712975929051,623.0,380.0,0.0,0.0,623.0,1.0,0.0,1.0
0.0,0.0,0.0,0.0,0.0,0.0,0.0,0.0,2.0,134.0,0.0,0.0,0.0,0.0,0.0,0.0,0.0,0.0,0.0,0.0,0.0,0.0,2.0,0.0,855.0144646963967,0.0,0.0,0.0,0.0,0.0,0.0,0.0,1.0
0.0,0.0,0.0,134.0,76.0,0.0,489.0,0.0,1.0,134.0,0.0,623.0,0.0,0.0,0.0,1.0,0.0,0.0,0.0,0.0,0.0,0.0,1.0,134.0,1058.8424449178592,623.0,489.0,0.0,0.0,623.0,1.0,0.0,1.0
0.0,472.0,1.0,395.0,58.0,0.0,77.0,167.0,1.0,395.0,141.0,472.0,472.0,94.0,0.0,0.0,167.0,94.0,0.0,0.0,167.0,0.0,1.0,201.0,877.1366391577207,0.0,76.0,0.0,0.0,0.0,0.0,0.0,1.0
0.0,0.0,0.0,0.0,0.0,0.0,0.0,0.0,1.0,134.0,0.0,0.0,0.0,0.0,0.0,0.0,0.0,0.0,0.0,0.0,0.0,0.0,1.0,0.0,842.8806266215569,0.0,0.0,0.0,0.0,0.0,0.0,0.0,1.0
0.0,1440.0,1.0,552.0,86.0,0.0,888.0,125.0,4.0,552.0,413.0,1440.0,1440.0,288.0,0.0,0.0,126.0,288.0,0.0,0.0,125.0,0.0,4.0,208.0,1311.2057773497963,0.0,888.0,0.0,0.0,0.0,0.0,0.0,1.0
0.0,1234.0,1.0,788.0,55.0,0.0,446.0,356.0,6.0,788.0,369.0,1234.0,1234.0,247.0,0.0,0.0,356.0,246.0,0.0,0.0,356.0,0.0,6.0,279.0,1195.4706195343422,0.0,445.0,0.0,0.0,0.0,0.0,0.0,1.0
204.0,0.0,0.0,185.0,76.0,0.0,438.0,51.0,1.0,185.0,0.0,623.0,0.0,0.0,0.0,1.0,52.0,0.0,0.0,0.0,51.0,0.0,1.0,185.0,1037.99095902706,623.0,438.0,204.0,0.0,623.0,1.0,0.0,1.0
0.0,0.0,0.0,207.0,29.0,0.0,26.0,73.0,1.0,207.0,0.0,233.0,0.0,0.0,0.0,0.0,74.0,0.0,0.0,1.0,73.0,0.0,1.0,201.0,854.7957613904447,0.0,26.0,0.0,0.0,233.0,0.0,0.0,1.0
0.0,522.0,1.0,238.0,76.0,310.0,594.0,0.0,2.0,238.0,104.0,832.0,522.0,104.0,0.0,0.0,0.0,104.0,1.0,0.0,0.0,0.0,2.0,134.0,1120.1262140406177,0.0,594.0,0.0,0.0,310.0,1.0,0.0,1.0
0.0,729.0,1.0,686.0,89.0,0.0,43.0,407.0,1.0,686.0,218.0,729.0,729.0,146.0,0.0,0.0,0.0,145.0,0.0,0.0,407.0,0.0,1.0,201.0,862.2427206800836,0.0,42.0,0.0,0.0,0.0,0.0,0.0,1.0
0.0,68.0,1.0,68.0,5.0,0.0,0.0,417.0,3.0,585.0,0.0,68.0,68.0,14.0,0.0,0.0,417.0,13.0,0.0,0.0,0.0,0.0,3.0,0.0,874.5952619904158,0.0,0.0,0.0,0.0,0.0,0.0,0.0,1.0
0.0,0.0,0.0,551.0,52.0,0.0,24.0,417.0,2.0,551.0,0.0,575.0,0.0,0.0,0.0,0.0,417.0,0.0,0.0,0.0,417.0,0.0,2.0,157.0,865.4402076195232,0.0,24.0,0.0,0.0,575.0,0.0,0.0,1.0
0.0,0.0,0.0,0.0,0.0,0.0,0.0,100.0,2.0,276.0,0.0,0.0,0.0,0.0,0.0,0.0,0.0,0.0,0.0,0.0,0.0,0.0,2.0,0.0,855.0144646963969,0.0,0.0,0.0,0.0,0.0,0.0,0.0,1.0
0.0,0.0,0.0,130.0,16.0,0.0,0.0,65.0,1.0,199.0,0.0,130.0,0.0,0.0,0.0,0.0,65.0,0.0,0.0,0.0,0.0,0.0,1.0,130.0,842.8806266215569,0.0,0.0,0.0,0.0,130.0,0.0,0.0,1.0
0.0,0.0,0.0,134.0,95.0,0.0,644.0,0.0,1.0,134.0,0.0,778.0,0.0,0.0,0.0,1.0,0.0,0.0,0.0,0.0,0.0,0.0,1.0,134.0,1058.8424449178592,0.0,644.0,0.0,0.0,778.0,0.0,0.0,1.0
0.0,0.0,0.0,310.0,19.0,310.0,0.0,417.0,4.0,556.0,0.0,310.0,0.0,0.0,0.0,0.0,417.0,0.0,1.0,0.0,171.0,1.0,4.0,0.0,915.027545147168,0.0,0.0,0.0,0.0,310.0,1.0,0.0,1.0
0.0,0.0,0.0,159.0,92.0,0.0,596.0,25.0,1.0,159.0,0.0,755.0,0.0,0.0,0.0,1.0,25.0,0.0,0.0,0.0,25.0,1.0,1.0,159.0,1058.8424449178592,0.0,596.0,0.0,0.0,755.0,1.0,0.0,1.0
0.0,0.0,0.0,0.0,0.0,0.0,0.0,0.0,2.0,134.0,0.0,0.0,0.0,0.0,0.0,0.0,0.0,0.0,0.0,0.0,0.0,0.0,2.0,0.0,855.0144646963968,0.0,0.0,0.0,0.0,0.0,0.0,0.0,1.0
0.0,0.0,0.0,0.0,0.0,0.0,0.0,232.0,4.0,371.0,0.0,0.0,0.0,0.0,0.0,0.0,232.0,0.0,0.0,0.0,0.0,0.0,4.0,0.0,915.027545147168,0.0,0.0,0.0,0.0,0.0,0.0,0.0,1.0
0.0,0.0,0.0,621.0,67.0,310.0,312.0,487.0,3.0,621.0,0.0,933.0,0.0,0.0,0.0,1.0,488.0,0.0,1.0,0.0,487.0,0.0,3.0,201.0,1014.5980959038768,623.0,312.0,0.0,0.0,933.0,1.0,0.0,1.0
0.0,1506.0,1.0,440.0,90.0,0.0,1066.0,0.0,4.0,440.0,301.0,1506.0,1506.0,301.0,0.0,0.0,0.0,301.0,0.0,0.0,0.0,1.0,4.0,139.0,1391.632937307128,0.0,1065.0,0.0,0.0,0.0,0.0,0.0,1.0
0.0,980.0,1.0,330.0,120.0,0.0,650.0,0.0,1.0,330.0,196.0,980.0,980.0,196.0,0.0,0.0,0.0,196.0,0.0,0.0,0.0,0.0,1.0,134.0,1058.8424449178592,0.0,650.0,0.0,0.0,0.0,0.0,0.0,1.0
0.0,0.0,0.0,0.0,0.0,0.0,0.0,417.0,4.0,556.0,0.0,0.0,0.0,0.0,0.0,0.0,417.0,0.0,0.0,0.0,0.0,1.0,4.0,0.0,915.027545147168,0.0,0.0,0.0,0.0,0.0,0.0,0.0,1.0
0.0,0.0,0.0,528.0,87.0,0.0,182.0,394.0,1.0,528.0,0.0,710.0,0.0,0.0,0.0,1.0,394.0,0.0,0.0,0.0,394.0,0.0,1.0,201.0,924.7971783623984,0.0,182.0,0.0,0.0,710.0,1.0,0.0,1.0
25.0,0.0,0.0,0.0,0.0,0.0,0.0,232.0,2.0,366.0,0.0,0.0,0.0,0.0,0.0,0.0,232.0,0.0,0.0,0.0,0.0,0.0,2.0,0.0,855.0144646963968,0.0,0.0,25.0,0.0,0.0,0.0,0.0,1.0
0.0,375.0,1.0,375.0,27.0,0.0,0.0,417.0,3.0,626.0,0.0,375.0,0.0,75.0,0.0,0.0,417.0,75.0,0.0,0.0,166.0,0.0,3.0,0.0,874.5952619904158,0.0,0.0,0.0,0.0,0.0,0.0,0.0,1.0
0.0,0.0,0.0,0.0,0.0,0.0,0.0,0.0,1.0,277.0,0.0,0.0,0.0,0.0,0.0,0.0,0.0,0.0,0.0,0.0,0.0,0.0,1.0,0.0,842.8806266215569,0.0,0.0,0.0,0.0,0.0,0.0,0.0,1.0
0.0,0.0,0.0,186.0,76.0,0.0,437.0,52.0,1.0,186.0,0.0,623.0,0.0,0.0,0.0,1.0,53.0,0.0,0.0,0.0,52.0,0.0,1.0,186.0,1037.99095902706,623.0,437.0,0.0,0.0,623.0,1.0,0.0,1.0
0.0,0.0,0.0,139.0,53.0,0.0,743.0,0.0,4.0,139.0,0.0,882.0,0.0,0.0,0.0,1.0,0.0,0.0,0.0,0.0,0.0,0.0,4.0,139.0,1247.1619277932273,623.0,743.0,0.0,0.0,882.0,0.0,0.0,1.0
0.0,0.0,0.0,238.0,28.0,389.0,151.0,104.0,3.0,238.0,0.0,389.0,0.0,0.0,0.0,0.0,105.0,0.0,1.0,0.0,104.0,0.0,3.0,201.0,941.6178952192156,0.0,151.0,0.0,0.0,389.0,1.0,0.0,1.0
0.0,727.0,1.0,694.0,44.0,0.0,33.0,410.0,4.0,694.0,217.0,727.0,727.0,145.0,0.0,0.0,411.0,145.0,0.0,0.0,410.0,0.0,4.0,208.0,929.9214637008012,0.0,32.0,0.0,0.0,0.0,0.0,0.0,1.0
0.0,372.0,1.0,576.0,83.0,0.0,99.0,368.0,1.0,576.0,111.0,675.0,372.0,74.0,0.0,1.0,369.0,74.0,0.0,0.0,368.0,0.0,1.0,201.0,887.5623821463436,303.0,98.0,0.0,0.0,303.0,1.0,0.0,1.0
0.0,1425.0,1.0,419.0,251.0,0.0,1629.0,0.0,1.0,419.0,285.0,2048.0,1425.0,285.0,0.0,1.0,0.0,285.0,0.0,0.0,0.0,0.0,1.0,134.0,1058.8424449178592,623.0,1629.0,0.0,0.0,623.0,1.0,0.0,1.0
44.0,0.0,0.0,227.0,92.0,0.0,784.0,93.0,2.0,227.0,0.0,1011.0,0.0,0.0,0.0,0.0,94.0,0.0,0.0,2.0,93.0,0.0,2.0,201.0,1205.0215494881015,0.0,784.0,44.0,0.0,1011.0,0.0,0.0,1.0
0.0,0.0,0.0,222.0,76.0,0.0,401.0,88.0,1.0,222.0,0.0,623.0,0.0,0.0,0.0,1.0,89.0,0.0,0.0,0.0,88.0,0.0,1.0,201.0,1021.6076486386,623.0,400.0,0.0,0.0,623.0,1.0,0.0,1.0
0.0,974.0,1.0,333.0,58.0,0.0,641.0,0.0,4.0,333.0,194.0,974.0,974.0,194.0,0.0,0.0,0.0,194.0,0.0,0.0,0.0,0.0,4.0,139.0,1200.9907804309364,0.0,640.0,0.0,0.0,0.0,0.0,0.0,1.0
0.0,0.0,0.0,0.0,0.0,0.0,0.0,232.0,1.0,366.0,0.0,0.0,0.0,0.0,0.0,0.0,232.0,0.0,0.0,0.0,0.0,0.0,1.0,0.0,842.8806266215568,0.0,0.0,0.0,0.0,0.0,0.0,0.0,1.0
0.0,1367.0,1.0,824.0,106.0,0.0,938.0,412.0,4.0,824.0,410.0,1762.0,1367.0,273.0,0.0,0.0,412.0,273.0,0.0,0.0,412.0,0.0,4.0,209.0,1333.546655106701,0.0,939.0,0.0,0.0,395.0,0.0,0.0,1.0
434.0,820.0,1.0,325.0,75.0,0.0,495.0,0.0,2.0,325.0,164.0,820.0,820.0,164.0,0.0,0.0,0.0,164.0,0.0,0.0,0.0,0.0,2.0,134.0,1129.8640392919503,0.0,495.0,434.0,0.0,0.0,0.0,0.0,1.0
25.0,1148.0,1.0,808.0,59.0,0.0,340.0,417.0,5.0,808.0,229.0,1148.0,1148.0,230.0,0.0,0.0,417.0,229.0,0.0,0.0,417.0,0.0,5.0,162.0,974.3989451260792,0.0,339.0,25.0,0.0,0.0,0.0,0.0,1.0
0.0,472.0,1.0,472.0,34.0,0.0,0.0,410.0,3.0,638.0,0.0,472.0,472.0,94.0,0.0,0.0,410.0,94.0,0.0,0.0,244.0,0.0,3.0,35.0,937.843622452693,0.0,0.0,0.0,0.0,0.0,0.0,0.0,1.0
0.0,810.0,1.0,716.0,49.0,0.0,94.0,350.0,4.0,716.0,243.0,810.0,0.0,162.0,0.0,0.0,350.0,162.0,0.0,0.0,350.0,1.0,4.0,209.0,927.9861667545084,0.0,94.0,0.0,0.0,0.0,0.0,0.0,1.0
0.0,0.0,0.0,0.0,0.0,0.0,0.0,0.0,1.0,134.0,0.0,0.0,0.0,0.0,0.0,0.0,0.0,0.0,0.0,0.0,0.0,0.0,1.0,0.0,1042.4407513441172,0.0,0.0,0.0,0.0,0.0,0.0,0.0,1.0
166.0,0.0,0.0,0.0,0.0,0.0,0.0,417.0,4.0,556.0,0.0,0.0,0.0,0.0,0.0,0.0,417.0,0.0,0.0,0.0,0.0,0.0,4.0,0.0,901.2816488908956,0.0,0.0,166.0,0.0,0.0,0.0,0.0,1.0
0.0,1460.0,1.0,799.0,88.0,0.0,661.0,368.0,4.0,799.0,438.0,1460.0,0.0,292.0,0.0,0.0,368.0,292.0,0.0,0.0,368.0,0.0,4.0,208.0,1090.1207394978717,0.0,661.0,0.0,0.0,0.0,0.0,0.0,1.0
0.0,770.0,1.0,344.0,61.0,249.0,675.0,0.0,4.0,344.0,154.0,1019.0,770.0,154.0,0.0,0.0,0.0,154.0,1.0,0.0,0.0,0.0,4.0,139.0,1094.8894034020882,0.0,675.0,0.0,0.0,249.0,1.0,0.0,1.0
0.0,244.0,1.0,206.0,15.0,0.0,38.0,19.0,4.0,206.0,67.0,244.0,0.0,49.0,0.0,0.0,20.0,48.0,0.0,0.0,19.0,0.0,4.0,158.0,911.772709480172,0.0,37.0,0.0,0.0,0.0,0.0,0.0,1.0
0.0,0.0,0.0,134.0,102.0,0.0,990.0,0.0,2.0,134.0,0.0,1124.0,0.0,0.0,0.0,1.0,0.0,0.0,0.0,0.0,0.0,0.0,2.0,134.0,1249.0806368973645,0.0,990.0,0.0,0.0,1124.0,0.0,0.0,1.0
0.0,545.0,1.0,660.0,90.0,0.0,585.0,417.0,3.0,660.0,128.0,1245.0,545.0,109.0,0.0,0.0,417.0,109.0,0.0,0.0,417.0,0.0,3.0,165.0,1105.7005918811162,0.0,585.0,0.0,0.0,700.0,0.0,0.0,1.0
0.0,0.0,0.0,139.0,40.0,0.0,522.0,0.0,4.0,139.0,0.0,661.0,0.0,0.0,0.0,1.0,0.0,0.0,0.0,0.0,0.0,0.0,4.0,139.0,1051.0176954832957,99.0,522.0,0.0,0.0,661.0,1.0,0.0,1.0
0.0,0.0,0.0,162.0,24.0,469.0,307.0,0.0,5.0,162.0,0.0,469.0,0.0,0.0,0.0,0.0,0.0,0.0,1.0,0.0,0.0,0.0,5.0,162.0,964.8616173176462,0.0,307.0,0.0,0.0,469.0,1.0,0.0,1.0
0.0,937.0,1.0,483.0,37.0,0.0,454.0,110.0,7.0,483.0,281.0,937.0,937.0,187.0,0.0,0.0,110.0,187.0,0.0,0.0,110.0,0.0,7.0,279.0,951.82283538718,0.0,454.0,0.0,0.0,0.0,0.0,0.0,1.0
2.0,0.0,0.0,240.0,24.0,0.0,160.0,101.0,4.0,240.0,0.0,400.0,0.0,0.0,0.0,0.0,102.0,0.0,0.0,0.0,101.0,0.0,4.0,208.0,947.0608223713748,0.0,160.0,2.0,0.0,400.0,0.0,0.0,1.0
0.0,1518.0,1.0,736.0,110.0,0.0,782.0,0.0,3.0,736.0,303.0,1518.0,1518.0,304.0,0.0,0.0,0.0,303.0,0.0,0.0,0.0,0.0,3.0,134.0,1161.9708259508716,0.0,781.0,0.0,0.0,0.0,0.0,0.0,1.0
0.0,256.0,1.0,602.0,55.0,0.0,154.0,417.0,3.0,602.0,51.0,756.0,256.0,51.0,0.0,0.0,417.0,51.0,0.0,0.0,417.0,0.0,3.0,134.0,981.7153303714854,0.0,154.0,0.0,0.0,500.0,0.0,0.0,1.0
0.0,523.0,1.0,523.0,64.0,0.0,0.0,417.0,1.0,655.0,0.0,523.0,523.0,105.0,0.0,0.0,417.0,104.0,0.0,0.0,285.0,0.0,1.0,2.0,1042.4407513441172,0.0,0.0,0.0,0.0,0.0,0.0,0.0,1.0
0.0,0.0,0.0,134.0,84.0,231.0,789.0,0.0,2.0,134.0,0.0,923.0,0.0,0.0,0.0,1.0,0.0,0.0,1.0,0.0,0.0,0.0,2.0,134.0,1213.792524006162,117.0,789.0,0.0,0.0,923.0,1.0,0.0,1.0
0.0,0.0,0.0,204.0,63.0,231.0,670.0,70.0,3.0,204.0,0.0,874.0,0.0,0.0,0.0,1.0,70.0,0.0,1.0,0.0,70.0,0.0,3.0,201.0,1129.543911402199,326.0,670.0,0.0,0.0,874.0,0.0,0.0,1.0
0.0,0.0,0.0,570.0,57.0,0.0,53.0,436.0,2.0,570.0,0.0,623.0,0.0,0.0,0.0,1.0,437.0,0.0,0.0,0.0,436.0,0.0,2.0,201.0,1003.0175794397898,623.0,53.0,0.0,0.0,623.0,0.0,0.0,1.0
0.0,0.0,0.0,247.0,94.0,0.0,787.0,113.0,2.0,247.0,0.0,1034.0,0.0,0.0,0.0,1.0,113.0,0.0,0.0,0.0,113.0,0.0,2.0,201.0,1212.8387912253186,0.0,788.0,0.0,0.0,1034.0,0.0,0.0,1.0
0.0,455.0,1.0,364.0,56.0,0.0,91.0,139.0,1.0,364.0,137.0,455.0,455.0,91.0,0.0,0.0,417.0,91.0,0.0,0.0,139.0,0.0,1.0,201.0,1068.1915364268866,0.0,0.0,0.0,0.0,0.0,0.0,0.0,1.0
0.0,0.0,0.0,134.0,83.0,0.0,544.0,0.0,1.0,134.0,0.0,678.0,0.0,0.0,0.0,1.0,0.0,0.0,0.0,0.0,0.0,0.0,1.0,134.0,1180.7320045663976,0.0,544.0,0.0,0.0,678.0,1.0,0.0,1.0
0.0,0.0,0.0,279.0,79.0,0.0,364.0,145.0,1.0,279.0,0.0,643.0,0.0,0.0,0.0,1.0,146.0,0.0,0.0,0.0,145.0,0.0,1.0,201.0,1146.3976244560383,116.0,364.0,0.0,0.0,643.0,1.0,0.0,1.0
0.0,0.0,0.0,323.0,23.0,0.0,0.0,396.0,3.0,530.0,0.0,323.0,0.0,0.0,0.0,0.0,397.0,0.0,0.0,0.0,189.0,0.0,3.0,0.0,937.843622452693,0.0,0.0,0.0,0.0,323.0,0.0,0.0,1.0
0.0,0.0,0.0,276.0,76.0,0.0,347.0,142.0,1.0,276.0,0.0,623.0,0.0,0.0,0.0,1.0,143.0,0.0,0.0,0.0,142.0,0.0,1.0,201.0,1141.6289605518216,623.0,347.0,0.0,0.0,623.0,1.0,0.0,1.0
0.0,0.0,0.0,0.0,0.0,0.0,0.0,0.0,1.0,134.0,0.0,0.0,0.0,0.0,0.0,0.0,0.0,0.0,0.0,0.0,0.0,0.0,1.0,0.0,1042.4407513441172,0.0,0.0,0.0,0.0,0.0,0.0,0.0,1.0
0.0,1284.0,1.0,395.0,77.0,0.0,889.0,0.0,4.0,395.0,256.0,1284.0,1284.0,257.0,0.0,0.0,0.0,256.0,0.0,0.0,0.0,0.0,4.0,139.0,1155.92830137606,0.0,888.0,0.0,0.0,0.0,0.0,0.0,1.0
0.0,50.0,1.0,50.0,5.0,0.0,0.0,0.0,2.0,144.0,0.0,50.0,50.0,10.0,0.0,0.0,0.0,10.0,0.0,0.0,0.0,0.0,2.0,40.0,987.7578549462968,0.0,0.0,0.0,0.0,0.0,0.0,0.0,1.0
0.0,957.0,1.0,794.0,43.0,0.0,163.0,417.0,6.0,794.0,191.0,957.0,957.0,191.0,0.0,0.0,417.0,191.0,0.0,0.0,417.0,0.0,6.0,186.0,874.8906080286231,0.0,162.0,0.0,0.0,0.0,0.0,0.0,1.0
0.0,0.0,0.0,134.0,84.0,0.0,793.0,0.0,2.0,134.0,0.0,927.0,0.0,0.0,0.0,0.0,0.0,0.0,0.0,2.0,0.0,0.0,2.0,134.0,1214.7462567870052,0.0,793.0,0.0,0.0,927.0,1.0,0.0,1.0
0.0,0.0,0.0,231.0,28.0,0.0,0.0,183.0,1.0,317.0,0.0,231.0,0.0,0.0,231.0,0.0,184.0,0.0,0.0,0.0,97.0,0.0,1.0,115.0,1042.4407513441172,0.0,0.0,0.0,0.0,231.0,1.0,0.0,1.0
145.0,0.0,0.0,459.0,33.0,0.0,0.0,394.0,3.0,528.0,0.0,459.0,0.0,0.0,0.0,0.0,395.0,0.0,0.0,0.0,325.0,0.0,3.0,132.0,937.843622452693,0.0,0.0,145.0,0.0,459.0,0.0,0.0,1.0
0.0,0.0,0.0,134.0,62.0,310.0,720.0,0.0,3.0,134.0,0.0,854.0,0.0,0.0,0.0,1.0,0.0,0.0,1.0,0.0,0.0,0.0,3.0,134.0,1143.8499031148483,544.0,720.0,0.0,0.0,854.0,1.0,0.0,1.0
0.0,0.0,0.0,0.0,0.0,0.0,0.0,0.0,1.0,134.0,0.0,0.0,0.0,0.0,0.0,0.0,0.0,0.0,0.0,0.0,0.0,0.0,1.0,0.0,1042.4407513441172,0.0,0.0,0.0,0.0,0.0,0.0,0.0,1.0
0.0,733.0,1.0,697.0,64.0,0.0,186.0,417.0,3.0,697.0,206.0,883.0,733.0,147.0,0.0,0.0,417.0,146.0,0.0,0.0,417.0,0.0,3.0,188.0,991.2526581799186,0.0,186.0,0.0,0.0,150.0,0.0,0.0,1.0
0.0,0.0,0.0,186.0,17.0,186.0,0.0,417.0,2.0,551.0,0.0,186.0,0.0,0.0,0.0,0.0,417.0,0.0,1.0,0.0,52.0,0.0,2.0,0.0,987.7578549462968,0.0,0.0,0.0,0.0,186.0,1.0,0.0,1.0
0.0,0.0,0.0,515.0,101.0,0.0,307.0,381.0,1.0,515.0,0.0,822.0,0.0,0.0,0.0,0.0,381.0,0.0,0.0,1.0,381.0,0.0,1.0,201.0,1130.184167181702,0.0,307.0,0.0,0.0,822.0,0.0,0.0,1.0
0.0,1539.0,1.0,493.0,73.0,0.0,1346.0,0.0,7.0,493.0,307.0,1839.0,1539.0,308.0,0.0,0.0,0.0,307.0,0.0,0.0,0.0,0.0,7.0,186.0,1207.423220653188,0.0,1346.0,0.0,0.0,300.0,0.0,0.0,1.0
0.0,0.0,0.0,356.0,28.0,389.0,33.0,222.0,3.0,356.0,0.0,389.0,0.0,0.0,0.0,0.0,223.0,0.0,1.0,0.0,222.0,0.0,3.0,201.0,947.380950261126,0.0,33.0,0.0,0.0,389.0,1.0,0.0,1.0
0.0,842.0,1.0,302.0,93.0,389.0,979.0,0.0,3.0,302.0,168.0,1281.0,842.0,169.0,0.0,0.0,0.0,168.0,1.0,0.0,0.0,0.0,3.0,134.0,1218.241060020627,0.0,979.0,0.0,0.0,439.0,1.0,0.0,1.0
0.0,0.0,0.0,243.0,28.0,389.0,146.0,109.0,3.0,243.0,0.0,389.0,0.0,0.0,0.0,0.0,110.0,0.0,1.0,0.0,109.0,0.0,3.0,201.0,979.8078648097988,0.0,146.0,0.0,0.0,389.0,1.0,0.0,1.0
29.0,0.0,0.0,199.0,87.0,310.0,1003.0,65.0,3.0,199.0,0.0,1202.0,0.0,0.0,0.0,0.0,65.0,0.0,1.0,0.0,65.0,0.0,3.0,199.0,1224.9171894865303,0.0,1003.0,29.0,0.0,1202.0,0.0,0.0,1.0
693.0,0.0,0.0,383.0,94.0,0.0,386.0,249.0,1.0,383.0,0.0,769.0,0.0,0.0,0.0,1.0,250.0,0.0,0.0,0.0,249.0,0.0,1.0,201.0,1153.0737539219415,0.0,386.0,693.0,0.0,769.0,0.0,0.0,1.0
0.0,808.0,1.0,295.0,99.0,0.0,513.0,0.0,1.0,295.0,161.0,808.0,808.0,162.0,0.0,0.0,0.0,161.0,0.0,0.0,0.0,0.0,1.0,134.0,1180.7320045663976,0.0,513.0,0.0,0.0,0.0,0.0,0.0,1.0
0.0,0.0,0.0,134.0,76.0,0.0,489.0,0.0,1.0,134.0,0.0,623.0,0.0,0.0,0.0,1.0,0.0,0.0,0.0,0.0,0.0,0.0,1.0,134.0,1180.7320045663976,623.0,489.0,0.0,0.0,623.0,1.0,0.0,1.0
0.0,0.0,0.0,134.0,76.0,0.0,489.0,0.0,1.0,134.0,0.0,623.0,0.0,0.0,0.0,1.0,0.0,0.0,0.0,0.0,0.0,0.0,1.0,134.0,1180.7320045663976,623.0,489.0,0.0,0.0,623.0,1.0,0.0,1.0
0.0,0.0,0.0,468.0,57.0,0.0,161.0,334.0,2.0,468.0,0.0,629.0,0.0,0.0,0.0,0.0,335.0,0.0,0.0,0.0,334.0,0.0,2.0,201.0,1033.5370284267758,0.0,161.0,0.0,0.0,629.0,0.0,0.0,1.0
0.0,0.0,0.0,0.0,0.0,0.0,0.0,417.0,1.0,551.0,0.0,0.0,0.0,0.0,0.0,0.0,417.0,0.0,0.0,0.0,0.0,0.0,1.0,0.0,1042.4407513441172,0.0,0.0,0.0,0.0,0.0,0.0,0.0,1.0
0.0,0.0,0.0,623.0,76.0,0.0,0.0,537.0,1.0,671.0,0.0,623.0,0.0,0.0,0.0,1.0,538.0,0.0,0.0,0.0,489.0,0.0,1.0,153.0,1042.4407513441172,623.0,0.0,0.0,0.0,623.0,1.0,0.0,1.0
0.0,0.0,0.0,134.0,28.0,0.0,97.0,0.0,1.0,134.0,0.0,231.0,0.0,0.0,0.0,0.0,0.0,0.0,0.0,0.0,0.0,0.0,1.0,134.0,1070.0990019885733,0.0,97.0,0.0,0.0,231.0,1.0,0.0,1.0
72.0,0.0,0.0,393.0,85.0,0.0,541.0,259.0,2.0,393.0,0.0,934.0,0.0,0.0,0.0,1.0,259.0,0.0,0.0,0.0,259.0,0.0,2.0,201.0,1142.2625654429137,934.0,541.0,72.0,0.0,934.0,1.0,0.0,1.0
0.0,937.0,1.0,326.0,56.0,0.0,611.0,0.0,4.0,326.0,187.0,937.0,937.0,187.0,0.0,0.0,0.0,187.0,0.0,0.0,0.0,0.0,4.0,139.0,1075.814747785222,0.0,611.0,0.0,0.0,0.0,0.0,0.0,1.0
852.0,0.0,0.0,180.0,46.0,0.0,462.0,46.0,3.0,180.0,0.0,642.0,0.0,0.0,0.0,0.0,46.0,0.0,0.0,1.0,46.0,0.0,3.0,180.0,1070.4124789899136,125.0,462.0,852.0,0.0,642.0,0.0,0.0,1.0
0.0,951.0,1.0,769.0,49.0,0.0,182.0,417.0,5.0,769.0,190.0,951.0,0.0,190.0,0.0,0.0,417.0,190.0,0.0,0.0,417.0,0.0,5.0,162.0,929.5735044264436,0.0,182.0,0.0,0.0,0.0,0.0,0.0,1.0
691.0,1639.0,1.0,489.0,84.0,0.0,1150.0,0.0,5.0,489.0,327.0,1639.0,1639.0,328.0,0.0,0.0,0.0,327.0,0.0,0.0,0.0,0.0,5.0,162.0,1206.156010871004,0.0,1149.0,691.0,0.0,0.0,0.0,0.0,1.0
364.0,0.0,0.0,0.0,0.0,0.0,0.0,348.0,6.0,534.0,0.0,0.0,0.0,0.0,0.0,0.0,348.0,0.0,0.0,0.0,0.0,2.0,6.0,0.0,828.1577017673009,0.0,0.0,364.0,0.0,0.0,0.0,0.0,1.0
0.0,0.0,0.0,144.0,13.0,144.0,0.0,227.0,2.0,361.0,0.0,144.0,0.0,0.0,0.0,0.0,227.0,0.0,1.0,0.0,10.0,0.0,2.0,0.0,987.7578549462968,0.0,0.0,0.0,0.0,144.0,1.0,0.0,1.0
0.0,0.0,0.0,389.0,28.0,389.0,0.0,417.0,3.0,551.0,0.0,389.0,0.0,0.0,0.0,0.0,417.0,0.0,1.0,0.0,255.0,0.0,3.0,0.0,937.843622452693,0.0,0.0,0.0,0.0,389.0,1.0,0.0,1.0
0.0,83.0,1.0,83.0,8.0,0.0,0.0,0.0,2.0,150.0,0.0,83.0,83.0,17.0,0.0,0.0,0.0,16.0,0.0,0.0,0.0,0.0,2.0,67.0,987.7578549462968,0.0,0.0,0.0,0.0,0.0,0.0,0.0,1.0
0.0,0.0,0.0,225.0,51.0,0.0,190.0,91.0,1.0,225.0,0.0,415.0,0.0,0.0,0.0,0.0,91.0,0.0,0.0,1.0,91.0,0.0,1.0,201.0,1096.803519852186,415.0,190.0,0.0,0.0,415.0,1.0,0.0,1.0
810.0,0.0,0.0,216.0,108.0,0.0,667.0,82.0,1.0,216.0,0.0,883.0,0.0,0.0,0.0,0.0,83.0,0.0,0.0,1.0,82.0,0.0,1.0,201.0,1180.7320045663976,0.0,667.0,810.0,0.0,883.0,0.0,0.0,1.0
1018.0,0.0,0.0,134.0,87.0,0.0,820.0,0.0,2.0,134.0,0.0,954.0,0.0,0.0,0.0,0.0,0.0,0.0,0.0,2.0,0.0,2.0,2.0,134.0,1222.3761190337518,771.0,820.0,1018.0,0.0,954.0,1.0,0.0,1.0
0.0,0.0,0.0,174.0,104.0,0.0,675.0,0.0,1.0,174.0,0.0,849.0,0.0,0.0,0.0,1.0,0.0,0.0,0.0,0.0,0.0,0.0,1.0,134.0,1180.7320045663976,0.0,675.0,0.0,0.0,849.0,0.0,0.0,1.0
0.0,1062.0,1.0,614.0,77.0,0.0,448.0,268.0,3.0,614.0,318.0,1062.0,1062.0,212.0,0.0,0.0,269.0,212.0,0.0,0.0,268.0,0.0,3.0,201.0,1065.643815085697,0.0,447.0,0.0,0.0,0.0,0.0,0.0,1.0
0.0,1290.0,1.0,631.0,58.0,0.0,659.0,187.0,6.0,631.0,387.0,1290.0,1290.0,258.0,0.0,0.0,187.0,258.0,0.0,0.0,187.0,0.0,6.0,279.0,1016.9967923742768,0.0,659.0,0.0,0.0,0.0,0.0,0.0,1.0
0.0,0.0,0.0,0.0,0.0,0.0,0.0,0.0,2.0,134.0,0.0,0.0,0.0,0.0,0.0,0.0,0.0,0.0,0.0,0.0,0.0,0.0,2.0,0.0,987.7578549462968,0.0,0.0,0.0,0.0,0.0,0.0,0.0,1.0
34.0,0.0,0.0,509.0,73.0,0.0,88.0,375.0,1.0,509.0,0.0,597.0,0.0,0.0,0.0,1.0,375.0,0.0,0.0,0.0,375.0,0.0,1.0,201.0,1067.2378036460432,593.0,88.0,34.0,0.0,597.0,1.0,0.0,1.0
0.0,1591.0,1.0,560.0,133.0,0.0,1654.0,103.0,4.0,560.0,421.0,2214.0,1591.0,318.0,0.0,1.0,104.0,318.0,0.0,0.0,103.0,0.0,4.0,208.0,1374.333108189179,623.0,1653.0,0.0,0.0,623.0,0.0,0.0,1.0
0.0,0.0,0.0,465.0,90.0,0.0,271.0,331.0,1.0,465.0,0.0,736.0,0.0,0.0,0.0,1.0,331.0,0.0,0.0,0.0,331.0,0.0,1.0,201.0,1119.6931065924257,0.0,271.0,0.0,0.0,736.0,1.0,0.0,1.0
0.0,0.0,0.0,0.0,0.0,0.0,0.0,0.0,1.0,134.0,0.0,0.0,0.0,0.0,0.0,0.0,0.0,0.0,0.0,0.0,0.0,0.0,1.0,0.0,1042.4407513441172,0.0,0.0,0.0,0.0,0.0,0.0,0.0,1.0
0.0,0.0,0.0,206.0,28.0,389.0,183.0,72.0,3.0,206.0,0.0,389.0,0.0,0.0,0.0,0.0,73.0,0.0,1.0,0.0,72.0,0.0,3.0,201.0,990.2989253990752,0.0,183.0,0.0,0.0,389.0,1.0,0.0,1.0
0.0,516.0,1.0,516.0,47.0,0.0,0.0,417.0,2.0,654.0,0.0,516.0,516.0,103.0,0.0,0.0,417.0,103.0,0.0,0.0,279.0,0.0,2.0,13.0,987.7578549462968,0.0,0.0,0.0,0.0,0.0,0.0,0.0,1.0
0.0,825.0,1.0,716.0,101.0,0.0,109.0,417.0,1.0,716.0,165.0,825.0,825.0,165.0,0.0,0.0,417.0,165.0,0.0,0.0,417.0,0.0,1.0,134.0,1073.9139331119466,0.0,109.0,0.0,0.0,0.0,0.0,0.0,1.0
0.0,0.0,0.0,0.0,0.0,0.0,0.0,0.0,1.0,134.0,0.0,0.0,0.0,0.0,0.0,0.0,0.0,0.0,0.0,0.0,0.0,0.0,1.0,0.0,1042.4407513441172,0.0,0.0,0.0,0.0,0.0,0.0,0.0,1.0
0.0,0.0,0.0,252.0,76.0,0.0,371.0,118.0,1.0,252.0,0.0,623.0,0.0,0.0,0.0,0.0,119.0,0.0,0.0,1.0,118.0,0.0,1.0,201.0,1148.305090017725,623.0,371.0,0.0,0.0,623.0,1.0,0.0,1.0
0.0,683.0,1.0,628.0,84.0,0.0,55.0,358.0,1.0,628.0,204.0,683.0,683.0,137.0,0.0,0.0,359.0,136.0,0.0,0.0,358.0,0.0,1.0,201.0,1058.6542086184534,0.0,54.0,0.0,0.0,0.0,0.0,0.0,1.0
0.0,344.0,1.0,344.0,31.0,0.0,0.0,161.0,2.0,363.0,83.0,344.0,344.0,69.0,0.0,0.0,161.0,68.0,0.0,0.0,142.0,1.0,2.0,182.0,987.7578549462968,0.0,0.0,0.0,0.0,0.0,0.0,0.0,1.0
0.0,0.0,0.0,195.0,81.0,0.0,698.0,61.0,2.0,195.0,0.0,893.0,0.0,0.0,0.0,0.0,62.0,0.0,0.0,1.0,61.0,0.0,2.0,195.0,1187.0880061425491,0.0,698.0,0.0,0.0,893.0,0.0,0.0,1.0
0.0,0.0,0.0,0.0,0.0,0.0,0.0,0.0,1.0,134.0,0.0,0.0,0.0,0.0,0.0,0.0,0.0,0.0,0.0,0.0,0.0,0.0,1.0,0.0,1042.4407513441172,0.0,0.0,0.0,0.0,0.0,0.0,0.0,1.0
0.0,980.0,1.0,382.0,46.0,453.0,1051.0,0.0,9.0,382.0,196.0,1433.0,980.0,196.0,0.0,0.0,0.0,196.0,1.0,0.0,0.0,0.0,9.0,186.0,1037.0185298835752,0.0,1051.0,0.0,0.0,453.0,1.0,0.0,1.0
0.0,0.0,0.0,0.0,0.0,0.0,0.0,0.0,1.0,157.0,0.0,0.0,0.0,0.0,0.0,0.0,0.0,0.0,0.0,0.0,0.0,0.0,1.0,0.0,2769.2175739,0.0,0.0,0.0,0.0,0.0,1.0,0.0,1.0
0.0,0.0,0.0,157.0,64.0,360.0,702.0,0.0,2.0,157.0,0.0,859.0,0.0,0.0,0.0,0.0,0.0,0.0,1.0,1.0,0.0,0.0,2.0,157.0,2844.2469454,0.0,702.0,0.0,0.0,859.0,1.0,0.0,1.0
0.0,0.0,0.0,327.0,24.0,327.0,0.0,517.0,2.0,674.0,0.0,327.0,0.0,0.0,0.0,0.0,517.0,0.0,1.0,0.0,170.0,0.0,2.0,0.0,2743.095088,0.0,0.0,0.0,0.0,327.0,1.0,0.0,1.0
0.0,30.0,1.0,30.0,3.0,0.0,0.0,0.0,1.0,163.0,0.0,30.0,0.0,6.0,0.0,0.0,0.0,6.0,0.0,0.0,0.0,0.0,1.0,24.0,2769.2175739,0.0,0.0,0.0,0.0,0.0,1.0,0.0,1.0
0.0,0.0,0.0,391.0,73.0,244.0,586.0,234.0,2.0,391.0,0.0,977.0,0.0,0.0,0.0,1.0,234.0,0.0,1.0,0.0,234.0,0.0,2.0,235.0,2827.4682012,733.0,586.0,0.0,0.0,977.0,1.0,0.0,1.0
0.0,0.0,0.0,641.0,112.0,0.0,469.0,484.0,1.0,641.0,0.0,1110.0,0.0,0.0,0.0,0.0,483.0,0.0,0.0,1.0,484.0,0.0,1.0,236.0,2836.811943,0.0,470.0,0.0,0.0,1110.0,1.0,0.0,1.0
0.0,0.0,0.0,50.0,3.0,0.0,0.0,0.0,3.0,157.0,0.0,50.0,0.0,0.0,0.0,0.0,0.0,0.0,0.0,0.0,0.0,0.0,3.0,50.0,2721.2871364,0.0,0.0,0.0,0.0,50.0,1.0,0.0,1.0
0.0,0.0,0.0,243.0,120.0,0.0,946.0,0.0,1.0,243.0,0.0,1189.0,0.0,0.0,0.0,0.0,0.0,0.0,0.0,1.0,0.0,0.0,1.0,157.0,2854.5494725,0.0,947.0,0.0,0.0,1189.0,1.0,0.0,1.0
0.0,0.0,0.0,740.0,39.0,62.0,55.0,572.0,4.0,740.0,0.0,795.0,0.0,0.0,0.0,1.0,572.0,0.0,1.0,0.0,572.0,0.0,4.0,252.0,2715.2991435,733.0,56.0,0.0,0.0,795.0,1.0,0.0,1.0
0.0,714.0,1.0,633.0,35.0,0.0,81.0,323.0,4.0,633.0,213.0,714.0,714.0,143.0,0.0,0.0,324.0,142.0,0.0,0.0,323.0,0.0,4.0,252.0,2719.134285,0.0,79.0,0.0,0.0,0.0,1.0,0.0,1.0
0.0,0.0,0.0,753.0,76.0,0.0,0.0,677.0,1.0,834.0,0.0,753.0,0.0,0.0,0.0,1.0,677.0,0.0,0.0,0.0,596.0,0.0,1.0,154.0,2769.2175739,20.0,0.0,0.0,0.0,753.0,1.0,0.0,1.0
0.0,1700.0,1.0,996.0,101.0,0.0,704.0,499.0,3.0,996.0,510.0,1700.0,1700.0,340.0,0.0,0.0,499.0,340.0,0.0,0.0,499.0,0.0,3.0,236.0,2822.9183864,0.0,705.0,0.0,0.0,0.0,1.0,0.0,1.0
0.0,0.0,0.0,254.0,76.0,0.0,499.0,97.0,1.0,254.0,0.0,753.0,0.0,0.0,0.0,0.0,97.0,0.0,0.0,1.0,97.0,0.0,1.0,235.0,2841.1264772,592.0,499.0,0.0,0.0,753.0,1.0,0.0,1.0
0.0,0.0,0.0,634.0,76.0,0.0,119.0,477.0,1.0,634.0,0.0,753.0,0.0,0.0,0.0,1.0,477.0,0.0,0.0,0.0,477.0,0.0,1.0,235.0,2786.4757107,102.0,119.0,0.0,0.0,753.0,1.0,0.0,1.0
0.0,880.0,1.0,333.0,89.0,0.0,547.0,0.0,1.0,333.0,176.0,880.0,880.0,176.0,0.0,0.0,0.0,176.0,0.0,0.0,0.0,0.0,1.0,157.0,2848.3173675,0.0,547.0,0.0,0.0,0.0,1.0,0.0,1.0
0.0,0.0,0.0,1003.0,112.0,0.0,106.0,776.0,1.0,1003.0,0.0,1109.0,0.0,0.0,0.0,1.0,776.0,0.0,0.0,0.0,776.0,0.0,1.0,235.0,2784.5581399,0.0,107.0,0.0,0.0,1109.0,1.0,0.0,1.0
0.0,506.0,1.0,506.0,51.0,0.0,0.0,401.0,1.0,659.0,0.0,506.0,506.0,101.0,0.0,0.0,371.0,101.0,0.0,0.0,248.0,1.0,1.0,82.0,2769.2175739,0.0,0.0,0.0,0.0,0.0,1.0,0.0,1.0
0.0,0.0,0.0,485.0,86.0,0.0,367.0,328.0,1.0,485.0,0.0,852.0,0.0,0.0,0.0,0.0,327.0,0.0,0.0,1.0,328.0,1.0,1.0,236.0,2822.4301623,0.0,367.0,0.0,0.0,852.0,1.0,0.0,1.0
0.0,0.0,0.0,0.0,0.0,0.0,0.0,0.0,1.0,157.0,0.0,0.0,0.0,0.0,0.0,0.0,0.0,0.0,0.0,0.0,0.0,0.0,1.0,0.0,2769.2175739,0.0,0.0,0.0,0.0,0.0,1.0,0.0,1.0
0.0,0.0,0.0,714.0,51.0,0.0,506.0,517.0,5.0,714.0,0.0,1220.0,0.0,0.0,0.0,0.0,1202.0,0.0,0.0,0.0,517.0,0.0,5.0,197.0,2773.5497709,0.0,0.0,0.0,0.0,1220.0,1.0,0.0,1.0
0.0,0.0,0.0,315.0,24.0,0.0,0.0,517.0,2.0,674.0,0.0,315.0,0.0,0.0,0.0,0.0,517.0,0.0,0.0,0.0,158.0,0.0,2.0,0.0,2743.095088,0.0,0.0,0.0,0.0,315.0,1.0,0.0,1.0
0.0,0.0,0.0,403.0,133.0,0.0,913.0,246.0,1.0,403.0,0.0,1316.0,0.0,0.0,0.0,1.0,246.0,0.0,0.0,0.0,246.0,0.0,1.0,236.0,2854.5494725,0.0,913.0,0.0,0.0,1316.0,1.0,0.0,1.0
0.0,0.0,0.0,157.0,24.0,409.0,252.0,0.0,3.0,157.0,0.0,409.0,0.0,0.0,0.0,0.0,0.0,0.0,1.0,0.0,0.0,0.0,3.0,157.0,2757.7209808,0.0,252.0,0.0,0.0,409.0,1.0,0.0,1.0
0.0,0.0,0.0,733.0,55.0,0.0,0.0,680.0,2.0,837.0,0.0,733.0,0.0,0.0,0.0,1.0,679.0,0.0,0.0,0.0,576.0,0.0,2.0,131.0,2743.095088,733.0,0.0,0.0,0.0,733.0,1.0,0.0,1.0
0.0,200.0,1.0,200.0,20.0,0.0,0.0,517.0,1.0,714.0,0.0,200.0,200.0,40.0,0.0,0.0,504.0,40.0,0.0,0.0,3.0,0.0,1.0,0.0,2769.2175739,0.0,0.0,0.0,0.0,0.0,1.0,0.0,1.0
0.0,0.0,0.0,303.0,23.0,0.0,0.0,517.0,2.0,674.0,0.0,303.0,0.0,0.0,0.0,0.0,517.0,0.0,0.0,0.0,146.0,0.0,2.0,0.0,2743.095088,0.0,0.0,0.0,0.0,303.0,1.0,0.0,1.0
0.0,1039.0,1.0,467.0,105.0,0.0,572.0,103.0,1.0,467.0,310.0,1039.0,1039.0,208.0,0.0,0.0,103.0,207.0,0.0,0.0,103.0,0.0,1.0,236.0,2851.6731163,0.0,571.0,0.0,0.0,0.0,1.0,0.0,1.0
0.0,0.0,0.0,0.0,0.0,0.0,0.0,0.0,4.0,168.0,0.0,0.0,0.0,0.0,0.0,0.0,0.0,0.0,0.0,0.0,0.0,0.0,4.0,0.0,2707.1494678,0.0,0.0,0.0,0.0,0.0,1.0,0.0,1.0
0.0,1755.0,1.0,835.0,104.0,0.0,920.0,327.0,3.0,835.0,527.0,1755.0,1755.0,351.0,0.0,0.0,327.0,351.0,0.0,0.0,327.0,0.0,3.0,236.0,2853.5995185,0.0,921.0,0.0,0.0,0.0,1.0,0.0,1.0
0.0,0.0,0.0,355.0,71.0,0.0,344.0,198.0,1.0,355.0,0.0,699.0,0.0,0.0,0.0,0.0,198.0,0.0,0.0,1.0,198.0,0.0,1.0,235.0,2819.0744135,0.0,344.0,0.0,0.0,699.0,1.0,0.0,1.0
0.0,0.0,0.0,816.0,52.0,493.0,410.0,619.0,5.0,816.0,0.0,1226.0,0.0,0.0,0.0,1.0,618.0,0.0,1.0,0.0,619.0,1.0,5.0,296.0,2759.6473829,733.0,411.0,0.0,0.0,1226.0,1.0,0.0,1.0
0.0,268.0,1.0,371.0,98.0,0.0,598.0,161.0,1.0,371.0,80.0,969.0,268.0,54.0,0.0,1.0,161.0,53.0,0.0,0.0,161.0,0.0,1.0,236.0,2854.5494725,0.0,598.0,0.0,0.0,701.0,1.0,0.0,1.0
0.0,0.0,0.0,350.0,15.0,0.0,0.0,174.0,5.0,371.0,0.0,350.0,0.0,0.0,0.0,0.0,174.0,0.0,0.0,0.0,153.0,0.0,5.0,275.0,2700.6820822,0.0,0.0,0.0,0.0,350.0,1.0,0.0,1.0
0.0,1288.0,1.0,802.0,96.0,0.0,486.0,388.0,2.0,802.0,385.0,1288.0,1288.0,258.0,0.0,0.0,388.0,257.0,0.0,0.0,388.0,0.0,2.0,235.0,2813.0864206,0.0,485.0,0.0,0.0,0.0,1.0,0.0,1.0
0.0,0.0,0.0,590.0,134.0,0.0,735.0,324.0,1.0,590.0,0.0,1325.0,0.0,0.0,0.0,0.0,323.0,0.0,0.0,1.0,324.0,0.0,1.0,236.0,2854.5494725,0.0,734.0,0.0,0.0,1325.0,1.0,0.0,1.0
0.0,0.0,0.0,266.0,59.0,0.0,1330.0,40.0,6.0,266.0,0.0,1596.0,0.0,0.0,0.0,0.0,40.0,0.0,0.0,0.0,40.0,0.0,6.0,266.0,2870.1518134,0.0,1330.0,0.0,0.0,1596.0,1.0,0.0,1.0
0.0,1420.0,1.0,515.0,75.0,0.0,1271.0,0.0,5.0,515.0,284.0,1786.0,1420.0,284.0,0.0,0.0,0.0,284.0,0.0,0.0,0.0,1.0,5.0,197.0,2883.8100893,0.0,1271.0,0.0,0.0,366.0,1.0,0.0,1.0
0.0,544.0,1.0,276.0,27.0,0.0,268.0,0.0,4.0,276.0,108.0,544.0,544.0,109.0,0.0,0.0,0.0,108.0,0.0,0.0,0.0,0.0,4.0,168.0,2745.9802756,0.0,267.0,0.0,0.0,0.0,1.0,0.0,1.0
0.0,1690.0,1.0,598.0,101.0,0.0,1092.0,103.0,3.0,598.0,441.0,1690.0,1690.0,338.0,0.0,0.0,103.0,338.0,0.0,0.0,103.0,0.0,3.0,236.0,2878.5279383,0.0,1093.0,0.0,0.0,0.0,1.0,0.0,1.0
0.0,0.0,0.0,479.0,76.0,0.0,274.0,322.0,1.0,479.0,0.0,753.0,0.0,0.0,0.0,0.0,322.0,0.0,0.0,1.0,322.0,0.0,1.0,235.0,2809.007167,0.0,274.0,0.0,0.0,753.0,1.0,0.0,1.0
0.0,357.0,1.0,357.0,27.0,0.0,0.0,517.0,2.0,745.0,0.0,357.0,357.0,71.0,0.0,0.0,517.0,71.0,0.0,0.0,129.0,0.0,2.0,0.0,2743.095088,0.0,0.0,0.0,0.0,0.0,1.0,0.0,1.0
0.0,0.0,0.0,0.0,0.0,0.0,0.0,0.0,1.0,157.0,0.0,0.0,0.0,0.0,0.0,0.0,0.0,0.0,0.0,0.0,0.0,0.0,1.0,0.0,2769.2175739,0.0,0.0,0.0,0.0,0.0,1.0,0.0,1.0
0.0,360.0,1.0,360.0,36.0,0.0,0.0,400.0,1.0,929.0,0.0,360.0,360.0,72.0,0.0,0.0,400.0,72.0,0.0,0.0,0.0,0.0,1.0,0.0,2769.2175739,0.0,0.0,0.0,0.0,0.0,1.0,0.0,1.0
0.0,608.0,1.0,567.0,22.0,0.0,41.0,220.0,6.0,567.0,182.0,608.0,608.0,122.0,0.0,0.0,220.0,121.0,0.0,0.0,220.0,0.0,6.0,339.0,2685.1062356,0.0,41.0,0.0,0.0,0.0,1.0,0.0,1.0
0.0,0.0,0.0,169.0,84.0,0.0,951.0,12.0,2.0,169.0,0.0,1120.0,0.0,0.0,0.0,0.0,11.0,0.0,0.0,2.0,12.0,2.0,2.0,169.0,2880.201397,396.0,952.0,0.0,0.0,1120.0,1.0,0.0,1.0
0.0,0.0,0.0,0.0,0.0,0.0,0.0,0.0,1.0,157.0,0.0,0.0,0.0,0.0,0.0,0.0,0.0,0.0,0.0,0.0,0.0,0.0,1.0,0.0,2769.2175739,0.0,0.0,0.0,0.0,0.0,1.0,0.0,1.0
0.0,1593.0,1.0,624.0,119.0,0.0,969.0,37.0,2.0,624.0,355.0,1593.0,1593.0,319.0,0.0,0.0,37.0,318.0,0.0,0.0,37.0,0.0,2.0,194.0,2882.5983605,0.0,968.0,0.0,0.0,0.0,1.0,0.0,1.0
0.0,1825.0,1.0,1012.0,90.0,0.0,813.0,479.0,4.0,1012.0,547.0,1825.0,1825.0,365.0,0.0,0.0,479.0,365.0,0.0,0.0,479.0,0.0,4.0,252.0,2824.1212839,0.0,813.0,0.0,0.0,0.0,1.0,0.0,1.0
0.0,625.0,1.0,282.0,63.0,0.0,343.0,0.0,1.0,282.0,125.0,625.0,625.0,125.0,0.0,0.0,0.0,125.0,0.0,0.0,0.0,0.0,1.0,157.0,2818.5950208,0.0,343.0,0.0,0.0,0.0,1.0,0.0,1.0
0.0,0.0,0.0,502.0,76.0,0.0,251.0,345.0,1.0,502.0,0.0,753.0,0.0,0.0,0.0,1.0,345.0,0.0,0.0,0.0,345.0,0.0,1.0,235.0,2805.6514182,41.0,251.0,0.0,0.0,753.0,1.0,0.0,1.0
0.0,1604.0,1.0,905.0,79.0,0.0,699.0,417.0,4.0,905.0,480.0,1604.0,1604.0,321.0,0.0,0.0,418.0,320.0,0.0,0.0,417.0,0.0,4.0,252.0,2807.8219325,0.0,697.0,0.0,0.0,0.0,1.0,0.0,1.0
0.0,0.0,0.0,606.0,61.0,409.0,636.0,438.0,4.0,606.0,0.0,1242.0,0.0,0.0,0.0,1.0,438.0,0.0,1.0,0.0,438.0,0.0,4.0,252.0,2798.7134714,733.0,636.0,0.0,0.0,1242.0,1.0,0.0,1.0
0.0,0.0,0.0,428.0,46.0,0.0,187.0,271.0,2.0,428.0,0.0,615.0,0.0,0.0,0.0,1.0,271.0,0.0,0.0,0.0,271.0,0.0,2.0,235.0,2770.4204713,224.0,187.0,0.0,0.0,615.0,1.0,0.0,1.0
0.0,0.0,0.0,0.0,0.0,0.0,0.0,0.0,2.0,157.0,0.0,0.0,0.0,0.0,0.0,0.0,0.0,0.0,0.0,0.0,0.0,0.0,2.0,0.0,2743.095088,0.0,0.0,0.0,0.0,0.0,1.0,0.0,1.0
0.0,0.0,0.0,157.0,25.0,0.0,88.0,0.0,1.0,157.0,0.0,245.0,0.0,0.0,245.0,0.0,0.0,0.0,0.0,0.0,0.0,0.0,1.0,157.0,2782.1611765,0.0,88.0,0.0,0.0,245.0,1.0,0.0,1.0
0.0,0.0,0.0,493.0,76.0,0.0,260.0,336.0,1.0,493.0,0.0,753.0,0.0,0.0,0.0,0.0,336.0,0.0,0.0,1.0,336.0,1.0,1.0,235.0,2806.6102036,399.0,260.0,0.0,0.0,753.0,1.0,0.0,1.0
0.0,0.0,0.0,347.0,89.0,0.0,1453.0,179.0,4.0,347.0,0.0,1800.0,0.0,0.0,0.0,1.0,179.0,0.0,0.0,0.0,179.0,0.0,4.0,252.0,2916.1646801,0.0,1453.0,0.0,0.0,1800.0,1.0,0.0,1.0
0.0,0.0,0.0,0.0,0.0,0.0,0.0,0.0,1.0,157.0,0.0,0.0,0.0,0.0,0.0,0.0,0.0,0.0,0.0,0.0,0.0,0.0,1.0,0.0,2769.2175739,0.0,0.0,0.0,0.0,0.0,1.0,0.0,1.0
0.0,1588.0,1.0,959.0,78.0,0.0,629.0,474.0,4.0,959.0,476.0,1588.0,1588.0,318.0,0.0,0.0,474.0,317.0,0.0,0.0,474.0,0.0,4.0,252.0,2797.754686,0.0,628.0,0.0,0.0,0.0,1.0,0.0,1.0
0.0,1242.0,1.0,877.0,125.0,0.0,365.0,472.0,1.0,877.0,372.0,1242.0,1242.0,248.0,0.0,0.0,472.0,248.0,0.0,0.0,472.0,0.0,1.0,236.0,2821.9507696,0.0,365.0,0.0,0.0,0.0,1.0,0.0,1.0
0.0,1920.0,1.0,1558.0,144.0,0.0,362.0,517.0,2.0,1558.0,487.0,1920.0,1920.0,384.0,0.0,0.0,517.0,384.0,0.0,0.0,517.0,0.0,2.0,157.0,2795.3488911,0.0,362.0,0.0,0.0,0.0,1.0,0.0,1.0
0.0,0.0,0.0,367.0,37.0,0.0,121.0,210.0,2.0,367.0,0.0,488.0,0.0,0.0,0.0,1.0,209.0,0.0,0.0,0.0,210.0,0.0,2.0,236.0,2760.8326175,488.0,122.0,0.0,0.0,488.0,1.0,0.0,1.0
0.0,1244.0,1.0,691.0,126.0,0.0,553.0,286.0,1.0,691.0,372.0,1244.0,1244.0,249.0,0.0,0.0,286.0,248.0,0.0,0.0,286.0,0.0,1.0,236.0,2848.7967602,0.0,552.0,0.0,0.0,0.0,1.0,0.0,1.0
0.0,120.0,1.0,120.0,5.0,0.0,0.0,0.0,5.0,221.0,0.0,120.0,120.0,24.0,0.0,0.0,0.0,24.0,0.0,0.0,0.0,0.0,5.0,96.0,2700.6820822,0.0,0.0,0.0,0.0,0.0,1.0,0.0,1.0
0.0,204.0,1.0,220.0,41.0,0.0,601.0,12.0,4.0,220.0,52.0,821.0,0.0,41.0,0.0,0.0,12.0,40.0,0.0,0.0,12.0,0.0,4.0,180.0,2793.9195445,0.0,600.0,0.0,0.0,617.0,1.0,0.0,1.0
0.0,0.0,0.0,300.0,30.0,0.0,0.0,342.0,1.0,499.0,0.0,300.0,0.0,0.0,0.0,0.0,342.0,0.0,0.0,1.0,143.0,0.0,1.0,37.0,2769.2175739,0.0,0.0,0.0,0.0,300.0,1.0,0.0,1.0
0.0,0.0,0.0,257.0,76.0,0.0,496.0,100.0,1.0,257.0,0.0,753.0,0.0,0.0,0.0,0.0,100.0,0.0,0.0,1.0,100.0,0.0,1.0,235.0,2840.6470845,32.0,496.0,0.0,0.0,753.0,1.0,0.0,1.0
0.0,0.0,0.0,524.0,93.0,0.0,1368.0,356.0,4.0,524.0,0.0,1892.0,0.0,0.0,0.0,0.0,356.0,0.0,0.0,0.0,356.0,0.0,4.0,252.0,2904.1798629,0.0,1368.0,0.0,0.0,1892.0,1.0,0.0,1.0
0.0,0.0,0.0,331.0,79.0,0.0,455.0,174.0,1.0,331.0,0.0,786.0,0.0,0.0,0.0,1.0,174.0,0.0,0.0,0.0,174.0,0.0,1.0,236.0,2834.8943722,0.0,456.0,0.0,0.0,786.0,1.0,0.0,1.0
0.0,540.0,1.0,540.0,40.0,0.0,0.0,517.0,2.0,782.0,0.0,540.0,540.0,108.0,0.0,0.0,517.0,108.0,0.0,0.0,275.0,0.0,2.0,0.0,2743.095088,0.0,0.0,0.0,0.0,0.0,1.0,0.0,1.0
0.0,0.0,0.0,0.0,0.0,0.0,0.0,0.0,1.0,157.0,0.0,0.0,0.0,0.0,0.0,0.0,0.0,0.0,0.0,0.0,0.0,0.0,1.0,0.0,2769.2175739,0.0,0.0,0.0,0.0,0.0,1.0,0.0,1.0
0.0,0.0,0.0,157.0,76.0,0.0,596.0,0.0,1.0,157.0,0.0,753.0,0.0,0.0,0.0,1.0,0.0,0.0,0.0,0.0,0.0,0.0,1.0,157.0,2854.5494725,25.0,596.0,0.0,0.0,753.0,1.0,0.0,1.0
0.0,1360.0,1.0,946.0,120.0,0.0,654.0,517.0,2.0,946.0,272.0,1600.0,1360.0,272.0,0.0,0.0,517.0,272.0,0.0,0.0,517.0,0.0,2.0,157.0,2837.5354477,0.0,654.0,0.0,0.0,240.0,1.0,0.0,1.0
0.0,0.0,0.0,733.0,74.0,0.0,0.0,587.0,1.0,744.0,0.0,733.0,0.0,0.0,0.0,1.0,587.0,0.0,0.0,0.0,576.0,0.0,1.0,224.0,2769.2175739,733.0,0.0,0.0,0.0,733.0,1.0,0.0,1.0
0.0,0.0,0.0,0.0,0.0,0.0,0.0,0.0,1.0,157.0,0.0,0.0,0.0,0.0,0.0,0.0,0.0,0.0,0.0,0.0,0.0,0.0,1.0,0.0,2144.0223072,0.0,0.0,0.0,0.0,0.0,1.0,0.0,1.0
0.0,546.0,1.0,593.0,37.0,0.0,153.0,316.0,4.0,593.0,164.0,746.0,546.0,109.0,0.0,0.0,316.0,109.0,0.0,0.0,316.0,0.0,4.0,252.0,2611.3916075,0.0,153.0,0.0,0.0,200.0,1.0,0.0,1.0
0.0,0.0,0.0,403.0,74.0,0.0,330.0,246.0,1.0,403.0,0.0,733.0,0.0,0.0,0.0,1.0,246.0,0.0,0.0,0.0,246.0,0.0,1.0,235.0,2622.0608009,733.0,330.0,0.0,0.0,733.0,1.0,0.0,1.0
0.0,0.0,0.0,197.0,73.0,0.0,530.0,40.0,1.0,197.0,0.0,727.0,0.0,0.0,0.0,0.0,40.0,0.0,0.0,1.0,40.0,0.0,1.0,197.0,2911.7811004,0.0,530.0,0.0,0.0,727.0,1.0,0.0,1.0
0.0,0.0,0.0,157.0,74.0,0.0,576.0,0.0,1.0,157.0,0.0,733.0,0.0,0.0,0.0,1.0,0.0,0.0,0.0,0.0,0.0,0.0,1.0,157.0,2979.382503,733.0,576.0,0.0,0.0,733.0,1.0,0.0,1.0
0.0,0.0,0.0,211.0,71.0,0.0,488.0,54.0,1.0,211.0,0.0,699.0,0.0,0.0,0.0,0.0,54.0,0.0,0.0,1.0,54.0,0.0,1.0,211.0,2853.837036,336.0,488.0,0.0,0.0,699.0,1.0,0.0,1.0
0.0,0.0,0.0,0.0,0.0,0.0,0.0,0.0,1.0,157.0,0.0,0.0,0.0,0.0,0.0,0.0,0.0,0.0,0.0,0.0,0.0,0.0,1.0,0.0,2144.0223072,0.0,0.0,0.0,0.0,0.0,1.0,0.0,1.0
0.0,2489.0,1.0,665.0,123.0,0.0,1824.0,0.0,4.0,665.0,497.0,2489.0,2489.0,498.0,0.0,0.0,0.0,497.0,0.0,0.0,0.0,0.0,4.0,168.0,5035.3847574,0.0,1823.0,0.0,0.0,0.0,1.0,0.0,1.0
0.0,0.0,0.0,0.0,0.0,0.0,0.0,0.0,1.0,157.0,0.0,0.0,0.0,0.0,0.0,0.0,0.0,0.0,0.0,0.0,0.0,0.0,1.0,0.0,2144.0223072,0.0,0.0,0.0,0.0,0.0,1.0,0.0,1.0
0.0,2095.0,1.0,1139.0,125.0,0.0,956.0,198.0,3.0,1139.0,617.0,2095.0,2095.0,419.0,0.0,0.0,198.0,419.0,0.0,0.0,198.0,0.0,3.0,235.0,3627.3594851,0.0,954.0,0.0,0.0,0.0,1.0,0.0,1.0
0.0,680.0,1.0,575.0,51.0,0.0,105.0,282.0,2.0,575.0,204.0,680.0,0.0,136.0,0.0,0.0,282.0,136.0,0.0,0.0,282.0,0.0,2.0,236.0,2325.5649944,0.0,105.0,0.0,0.0,0.0,1.0,0.0,1.0
0.0,1794.0,1.0,836.0,107.0,0.0,958.0,264.0,3.0,836.0,537.0,1794.0,1794.0,359.0,0.0,0.0,264.0,358.0,0.0,0.0,264.0,0.0,3.0,235.0,3632.1881587,0.0,957.0,0.0,0.0,0.0,1.0,0.0,1.0
0.0,0.0,0.0,0.0,0.0,0.0,0.0,411.0,3.0,568.0,0.0,0.0,0.0,0.0,0.0,0.0,0.0,0.0,0.0,0.0,0.0,0.0,3.0,0.0,2241.5307314,0.0,0.0,0.0,0.0,0.0,1.0,0.0,1.0
0.0,0.0,0.0,0.0,0.0,0.0,0.0,0.0,1.0,157.0,0.0,0.0,0.0,0.0,0.0,0.0,0.0,0.0,0.0,0.0,0.0,0.0,1.0,0.0,2144.0223072,0.0,0.0,0.0,0.0,0.0,1.0,0.0,1.0
0.0,880.0,1.0,850.0,89.0,0.0,30.0,517.0,1.0,850.0,176.0,880.0,880.0,176.0,0.0,0.0,517.0,176.0,0.0,0.0,517.0,0.0,1.0,157.0,2187.4803576,0.0,30.0,0.0,0.0,0.0,1.0,0.0,1.0
0.0,0.0,0.0,0.0,0.0,0.0,0.0,0.0,1.0,157.0,0.0,0.0,0.0,0.0,0.0,0.0,0.0,0.0,0.0,0.0,0.0,0.0,1.0,0.0,2144.0223072,0.0,0.0,0.0,0.0,0.0,1.0,0.0,1.0
0.0,0.0,0.0,100.0,6.0,0.0,0.0,25.0,3.0,182.0,0.0,100.0,0.0,0.0,0.0,0.0,25.0,0.0,0.0,0.0,0.0,0.0,3.0,100.0,2241.5307314,0.0,0.0,0.0,0.0,100.0,1.0,0.0,1.0
0.0,0.0,0.0,348.0,23.0,0.0,198.0,151.0,5.0,348.0,0.0,546.0,0.0,0.0,0.0,0.0,151.0,0.0,0.0,0.0,151.0,0.0,5.0,296.0,2903.9937326,0.0,198.0,0.0,0.0,546.0,1.0,0.0,1.0
0.0,1706.0,1.0,1315.0,118.0,274.0,665.0,517.0,3.0,1315.0,341.0,1980.0,1706.0,341.0,0.0,0.0,517.0,341.0,1.0,0.0,517.0,0.0,3.0,157.0,3207.2650533,0.0,665.0,0.0,0.0,274.0,1.0,0.0,1.0
0.0,1094.0,1.0,386.0,54.0,0.0,708.0,0.0,4.0,386.0,218.0,1094.0,1094.0,219.0,0.0,0.0,0.0,218.0,0.0,0.0,0.0,1.0,4.0,168.0,3417.7797672,0.0,707.0,0.0,0.0,0.0,1.0,0.0,1.0
0.0,0.0,0.0,0.0,0.0,0.0,0.0,0.0,2.0,157.0,0.0,0.0,0.0,0.0,0.0,0.0,0.0,0.0,0.0,0.0,0.0,0.0,2.0,0.0,2171.0474978,0.0,0.0,0.0,0.0,0.0,1.0,0.0,1.0
0.0,0.0,0.0,611.0,94.0,0.0,319.0,454.0,1.0,611.0,0.0,930.0,0.0,0.0,0.0,1.0,454.0,0.0,0.0,0.0,454.0,0.0,1.0,236.0,2607.5747847,0.0,320.0,0.0,0.0,930.0,1.0,0.0,1.0
0.0,0.0,0.0,417.0,92.0,0.0,491.0,260.0,1.0,417.0,0.0,908.0,0.0,0.0,0.0,0.0,260.0,0.0,0.0,1.0,260.0,0.0,1.0,236.0,2858.6657087,0.0,492.0,0.0,0.0,908.0,1.0,0.0,1.0
0.0,0.0,0.0,534.0,96.0,0.0,420.0,377.0,1.0,534.0,0.0,954.0,0.0,0.0,0.0,1.0,377.0,0.0,0.0,0.0,377.0,0.0,1.0,236.0,2752.4349352,0.0,420.0,0.0,0.0,954.0,1.0,0.0,1.0
0.0,0.0,0.0,333.0,24.0,576.0,243.0,136.0,5.0,333.0,0.0,576.0,0.0,0.0,0.0,0.0,136.0,0.0,1.0,0.0,136.0,0.0,5.0,296.0,2966.766467,0.0,244.0,0.0,0.0,576.0,1.0,0.0,1.0
0.0,0.0,0.0,697.0,62.0,0.0,135.0,470.0,2.0,697.0,0.0,832.0,0.0,0.0,0.0,0.0,469.0,0.0,0.0,2.0,470.0,1.0,2.0,236.0,2369.0230348,0.0,136.0,0.0,0.0,832.0,1.0,0.0,1.0
0.0,0.0,0.0,194.0,74.0,0.0,539.0,37.0,1.0,194.0,0.0,733.0,0.0,0.0,0.0,0.0,37.0,0.0,0.0,1.0,37.0,0.0,1.0,194.0,2926.2671122,0.0,539.0,0.0,0.0,733.0,1.0,0.0,1.0
0.0,989.0,1.0,989.0,42.0,0.0,0.0,517.0,5.0,1780.0,0.0,989.0,989.0,198.0,0.0,0.0,517.0,197.0,0.0,0.0,0.0,0.0,5.0,0.0,2614.2734346,0.0,0.0,0.0,0.0,0.0,1.0,0.0,1.0
0.0,0.0,0.0,754.0,163.0,0.0,861.0,597.0,1.0,754.0,0.0,1615.0,0.0,0.0,0.0,1.0,597.0,0.0,0.0,0.0,597.0,0.0,1.0,235.0,3003.5258558,0.0,861.0,0.0,0.0,1615.0,1.0,0.0,1.0
0.0,0.0,0.0,0.0,0.0,0.0,0.0,0.0,1.0,157.0,0.0,0.0,0.0,0.0,0.0,0.0,0.0,0.0,0.0,0.0,0.0,0.0,1.0,0.0,2144.0223072,0.0,0.0,0.0,0.0,0.0,1.0,0.0,1.0
0.0,0.0,0.0,0.0,0.0,0.0,0.0,325.0,1.0,482.0,0.0,0.0,0.0,0.0,0.0,0.0,325.0,0.0,0.0,0.0,0.0,0.0,1.0,0.0,2144.0223072,0.0,0.0,0.0,0.0,0.0,1.0,0.0,1.0
0.0,766.0,1.0,512.0,77.0,0.0,254.0,202.0,1.0,512.0,229.0,766.0,766.0,153.0,0.0,0.0,202.0,153.0,0.0,0.0,202.0,0.0,1.0,235.0,2515.8300218,0.0,254.0,0.0,0.0,0.0,1.0,0.0,1.0
0.0,0.0,0.0,316.0,49.0,0.0,173.0,159.0,1.0,316.0,0.0,489.0,0.0,0.0,0.0,1.0,159.0,0.0,0.0,0.0,159.0,0.0,1.0,235.0,2395.1132354,489.0,173.0,0.0,0.0,489.0,1.0,0.0,1.0
0.0,0.0,0.0,157.0,18.0,244.0,87.0,0.0,2.0,157.0,0.0,244.0,0.0,0.0,0.0,0.0,0.0,0.0,1.0,0.0,0.0,0.0,2.0,157.0,2301.4216344,0.0,87.0,0.0,0.0,244.0,1.0,0.0,1.0
0.0,0.0,0.0,100.0,10.0,0.0,0.0,0.0,1.0,157.0,0.0,100.0,0.0,0.0,0.0,0.0,0.0,0.0,0.0,0.0,0.0,0.0,1.0,100.0,2144.0223072,0.0,0.0,0.0,0.0,100.0,1.0,0.0,1.0
0.0,1184.0,1.0,719.0,94.0,0.0,857.0,326.0,3.0,719.0,354.0,1576.0,1184.0,237.0,0.0,0.0,326.0,236.0,0.0,0.0,326.0,0.0,3.0,236.0,3487.3280085,0.0,856.0,0.0,0.0,392.0,1.0,0.0,1.0
0.0,201.0,1.0,570.0,63.0,0.0,482.0,373.0,3.0,570.0,60.0,1052.0,201.0,40.0,0.0,0.0,373.0,40.0,0.0,0.0,373.0,0.0,3.0,236.0,2941.688118,0.0,483.0,0.0,0.0,851.0,1.0,0.0,1.0
0.0,0.0,0.0,226.0,66.0,0.0,1574.0,0.0,6.0,226.0,0.0,1800.0,0.0,0.0,0.0,0.0,0.0,0.0,0.0,0.0,0.0,0.0,6.0,226.0,4968.7183427,0.0,1574.0,0.0,0.0,1800.0,1.0,0.0,1.0
0.0,0.0,0.0,100.0,5.0,0.0,0.0,325.0,4.0,493.0,0.0,100.0,0.0,0.0,0.0,0.0,325.0,0.0,0.0,0.0,0.0,0.0,4.0,0.0,2389.2727143,0.0,0.0,0.0,0.0,100.0,1.0,0.0,1.0
0.0,0.0,0.0,338.0,68.0,0.0,337.0,181.0,1.0,338.0,0.0,675.0,0.0,0.0,0.0,0.0,181.0,0.0,0.0,1.0,181.0,0.0,1.0,235.0,2636.5468191,0.0,337.0,0.0,0.0,675.0,1.0,0.0,1.0
0.0,960.0,1.0,369.0,72.0,0.0,591.0,20.0,2.0,369.0,212.0,960.0,960.0,192.0,0.0,0.0,20.0,192.0,0.0,0.0,20.0,0.0,2.0,177.0,3030.5510491,0.0,592.0,0.0,0.0,0.0,1.0,0.0,1.0
0.0,1773.0,1.0,1501.0,106.0,0.0,272.0,308.0,3.0,1501.0,531.0,1773.0,1773.0,355.0,0.0,0.0,308.0,354.0,0.0,0.0,308.0,0.0,3.0,235.0,2637.4818082,0.0,272.0,0.0,0.0,0.0,1.0,0.0,1.0
0.0,239.0,1.0,204.0,24.0,0.0,35.0,0.0,1.0,204.0,47.0,239.0,239.0,47.0,0.0,0.0,0.0,47.0,0.0,0.0,0.0,0.0,1.0,157.0,2197.1377003,0.0,34.0,0.0,0.0,0.0,1.0,0.0,1.0
0.0,0.0,0.0,484.0,85.0,0.0,357.0,327.0,1.0,484.0,0.0,841.0,0.0,0.0,0.0,1.0,327.0,0.0,0.0,0.0,327.0,0.0,1.0,235.0,2665.5188458,0.0,357.0,0.0,0.0,841.0,1.0,0.0,1.0
0.0,0.0,0.0,619.0,115.0,0.0,520.0,462.0,1.0,619.0,0.0,1139.0,0.0,0.0,0.0,0.0,462.0,0.0,0.0,1.0,462.0,0.0,1.0,235.0,2897.2950833,0.0,519.0,0.0,0.0,1139.0,1.0,0.0,1.0
0.0,0.0,0.0,356.0,24.0,409.0,53.0,199.0,3.0,356.0,0.0,409.0,0.0,0.0,0.0,0.0,199.0,0.0,1.0,0.0,199.0,0.0,3.0,235.0,2318.789479,0.0,53.0,0.0,0.0,409.0,1.0,0.0,1.0
0.0,0.0,0.0,753.0,56.0,0.0,0.0,652.0,2.0,809.0,0.0,753.0,0.0,0.0,0.0,1.0,652.0,0.0,0.0,0.0,596.0,0.0,2.0,179.0,2171.0474978,46.0,0.0,0.0,0.0,753.0,1.0,0.0,1.0
0.0,0.0,0.0,291.0,9.0,0.0,0.0,293.0,8.0,519.0,0.0,291.0,0.0,0.0,0.0,0.0,293.0,0.0,0.0,0.0,65.0,0.0,8.0,111.0,3134.7581229,0.0,0.0,0.0,0.0,291.0,1.0,0.0,1.0
0.0,0.0,0.0,0.0,0.0,0.0,0.0,0.0,1.0,157.0,0.0,0.0,0.0,0.0,0.0,0.0,0.0,0.0,0.0,0.0,0.0,0.0,1.0,0.0,2144.022312,0.0,0.0,0.0,0.0,0.0,1.0,0.0,1.0
0.0,552.0,1.0,552.0,56.0,0.0,0.0,517.0,1.0,784.0,0.0,552.0,552.0,110.0,0.0,0.0,517.0,110.0,0.0,0.0,285.0,0.0,1.0,0.0,2144.022312,0.0,0.0,0.0,0.0,0.0,1.0,0.0,1.0
0.0,0.0,0.0,222.0,24.0,327.0,105.0,65.0,2.0,222.0,0.0,327.0,0.0,0.0,0.0,0.0,65.0,0.0,1.0,0.0,65.0,0.0,2.0,222.0,2325.5649944,0.0,105.0,0.0,0.0,327.0,1.0,0.0,1.0
0.0,0.0,0.0,163.0,25.0,0.0,82.0,6.0,1.0,163.0,0.0,245.0,0.0,0.0,0.0,0.0,6.0,0.0,0.0,0.0,6.0,0.0,1.0,163.0,2264.7391013,0.0,82.0,0.0,0.0,245.0,1.0,0.0,1.0
0.0,816.0,1.0,816.0,82.0,0.0,0.0,517.0,1.0,837.0,142.0,816.0,816.0,163.0,0.0,0.0,517.0,163.0,0.0,0.0,496.0,0.0,1.0,136.0,2144.022312,0.0,0.0,0.0,0.0,0.0,1.0,0.0,1.0
0.0,1044.0,1.0,882.0,78.0,0.0,162.0,517.0,2.0,882.0,208.0,1044.0,1044.0,209.0,0.0,0.0,517.0,208.0,0.0,0.0,517.0,0.0,2.0,157.0,2407.6524081,0.0,161.0,0.0,0.0,0.0,1.0,0.0,1.0
0.0,0.0,0.0,157.0,25.0,0.0,88.0,0.0,1.0,157.0,0.0,245.0,0.0,0.0,245.0,0.0,0.0,0.0,0.0,0.0,0.0,0.0,1.0,157.0,2274.3964477,0.0,88.0,0.0,0.0,245.0,1.0,0.0,1.0
0.0,600.0,1.0,277.0,61.0,0.0,323.0,0.0,1.0,277.0,120.0,600.0,600.0,120.0,0.0,0.0,0.0,120.0,0.0,0.0,0.0,0.0,1.0,157.0,2612.4034578,0.0,323.0,0.0,0.0,0.0,1.0,0.0,1.0
0.0,0.0,0.0,0.0,0.0,0.0,0.0,0.0,1.0,157.0,0.0,0.0,0.0,0.0,0.0,0.0,0.0,0.0,0.0,0.0,0.0,0.0,1.0,0.0,2144.022312,0.0,0.0,0.0,0.0,0.0,1.0,0.0,1.0
0.0,0.0,0.0,462.0,47.0,0.0,0.0,362.0,1.0,747.0,0.0,462.0,0.0,0.0,0.0,0.0,361.0,0.0,0.0,0.0,77.0,0.0,1.0,0.0,2144.022312,0.0,0.0,0.0,0.0,462.0,1.0,0.0,1.0
0.0,0.0,0.0,157.0,53.0,0.0,739.0,0.0,3.0,157.0,0.0,896.0,0.0,0.0,0.0,0.0,0.0,0.0,0.0,1.0,0.0,0.0,3.0,157.0,3313.4958313,0.0,739.0,0.0,0.0,896.0,1.0,0.0,1.0
0.0,0.0,0.0,245.0,25.0,0.0,0.0,517.0,1.0,674.0,0.0,245.0,0.0,0.0,0.0,0.0,881.0,0.0,0.0,0.0,88.0,0.0,1.0,0.0,2144.022312,0.0,0.0,0.0,0.0,245.0,1.0,0.0,1.0
0.0,0.0,0.0,157.0,74.0,0.0,576.0,0.0,1.0,157.0,0.0,733.0,0.0,0.0,0.0,0.0,0.0,0.0,0.0,1.0,0.0,1.0,1.0,157.0,2979.3824996,733.0,576.0,0.0,0.0,733.0,1.0,0.0,1.0
0.0,0.0,0.0,0.0,0.0,0.0,0.0,0.0,1.0,157.0,0.0,0.0,0.0,0.0,0.0,0.0,0.0,0.0,0.0,0.0,0.0,0.0,1.0,0.0,2144.022312,0.0,0.0,0.0,0.0,0.0,1.0,0.0,1.0
0.0,0.0,0.0,165.0,96.0,0.0,789.0,8.0,1.0,165.0,0.0,954.0,0.0,0.0,0.0,0.0,7.0,0.0,0.0,1.0,8.0,0.0,1.0,165.0,3003.5258592,0.0,790.0,0.0,0.0,954.0,1.0,0.0,1.0
0.0,0.0,0.0,157.0,49.0,0.0,332.0,0.0,1.0,157.0,0.0,489.0,0.0,0.0,0.0,1.0,0.0,0.0,0.0,0.0,0.0,0.0,1.0,157.0,2626.8894747,489.0,332.0,0.0,0.0,489.0,1.0,0.0,1.0
0.0,0.0,0.0,288.0,76.0,0.0,465.0,131.0,1.0,288.0,0.0,753.0,0.0,0.0,0.0,0.0,131.0,0.0,0.0,1.0,131.0,0.0,1.0,235.0,2820.0363401,106.0,465.0,0.0,0.0,753.0,1.0,0.0,1.0
0.0,150.0,1.0,187.0,35.0,315.0,278.0,0.0,2.0,187.0,30.0,465.0,150.0,30.0,0.0,0.0,0.0,30.0,1.0,0.0,0.0,0.0,2.0,157.0,2576.6559158,0.0,278.0,0.0,0.0,315.0,1.0,0.0,1.0
0.0,1294.0,1.0,415.0,77.0,0.0,879.0,0.0,3.0,415.0,258.0,1294.0,1294.0,259.0,0.0,0.0,0.0,258.0,0.0,0.0,0.0,0.0,3.0,157.0,3516.3000385,0.0,878.0,0.0,0.0,0.0,1.0,0.0,1.0
0.0,0.0,0.0,537.0,60.0,0.0,61.0,380.0,1.0,537.0,0.0,598.0,0.0,0.0,0.0,0.0,380.0,0.0,0.0,1.0,380.0,0.0,1.0,236.0,2235.7670774,0.0,61.0,0.0,0.0,598.0,1.0,0.0,1.0
0.0,0.0,0.0,0.0,0.0,0.0,0.0,0.0,2.0,157.0,0.0,0.0,0.0,0.0,0.0,0.0,0.0,0.0,0.0,0.0,0.0,0.0,2.0,0.0,2171.0475025,0.0,0.0,0.0,0.0,0.0,1.0,0.0,1.0
0.0,2160.0,1.0,718.0,107.0,0.0,1442.0,0.0,4.0,718.0,432.0,2160.0,2160.0,432.0,0.0,0.0,0.0,432.0,0.0,0.0,0.0,0.0,4.0,168.0,4480.0875226,0.0,1442.0,0.0,0.0,0.0,1.0,0.0,1.0
0.0,0.0,0.0,0.0,0.0,0.0,0.0,0.0,1.0,157.0,0.0,0.0,0.0,0.0,0.0,0.0,0.0,0.0,0.0,0.0,0.0,0.0,1.0,0.0,2144.022312,0.0,0.0,0.0,0.0,0.0,1.0,0.0,1.0
0.0,560.0,1.0,269.0,42.0,0.0,291.0,0.0,2.0,269.0,112.0,560.0,560.0,112.0,0.0,0.0,0.0,112.0,0.0,0.0,0.0,0.0,2.0,157.0,2595.9706057,0.0,291.0,0.0,0.0,0.0,1.0,0.0,1.0
0.0,0.0,0.0,0.0,0.0,0.0,0.0,517.0,1.0,674.0,0.0,0.0,0.0,0.0,0.0,0.0,517.0,0.0,0.0,0.0,0.0,0.0,1.0,0.0,2144.022312,0.0,0.0,0.0,0.0,0.0,1.0,0.0,1.0
0.0,1439.0,1.0,1190.0,61.0,0.0,249.0,517.0,5.0,1190.0,340.0,1439.0,1439.0,288.0,0.0,0.0,517.0,287.0,0.0,0.0,517.0,0.0,5.0,205.0,2976.4238109,0.0,248.0,0.0,0.0,0.0,1.0,0.0,1.0
0.0,0.0,0.0,469.0,74.0,0.0,264.0,312.0,1.0,469.0,0.0,733.0,0.0,0.0,0.0,1.0,312.0,0.0,0.0,0.0,312.0,0.0,1.0,235.0,2530.316041,733.0,264.0,0.0,0.0,733.0,1.0,0.0,1.0
0.0,1280.0,1.0,813.0,96.0,0.0,467.0,400.0,2.0,813.0,384.0,1280.0,1280.0,256.0,0.0,0.0,399.0,256.0,0.0,0.0,400.0,0.0,2.0,236.0,2851.8901993,0.0,468.0,0.0,0.0,0.0,1.0,0.0,1.0
0.0,0.0,0.0,344.0,74.0,0.0,389.0,187.0,1.0,344.0,0.0,733.0,0.0,0.0,0.0,0.0,187.0,0.0,0.0,1.0,187.0,0.0,1.0,235.0,2708.9768893,733.0,389.0,0.0,0.0,733.0,1.0,0.0,1.0
0.0,0.0,0.0,157.0,24.0,327.0,170.0,0.0,2.0,157.0,0.0,327.0,0.0,0.0,0.0,0.0,0.0,0.0,1.0,0.0,0.0,0.0,2.0,157.0,2417.3097569,0.0,170.0,0.0,0.0,327.0,1.0,0.0,1.0
0.0,0.0,0.0,629.0,121.0,0.0,570.0,472.0,1.0,629.0,0.0,1199.0,0.0,0.0,0.0,1.0,472.0,0.0,0.0,0.0,472.0,0.0,1.0,235.0,2969.7251584,0.0,570.0,0.0,0.0,1199.0,1.0,0.0,1.0
0.0,0.0,0.0,157.0,74.0,0.0,576.0,0.0,1.0,157.0,0.0,733.0,0.0,0.0,0.0,1.0,0.0,0.0,0.0,0.0,0.0,0.0,1.0,157.0,2979.382503,733.0,576.0,0.0,0.0,733.0,1.0,0.0,1.0
0.0,0.0,0.0,0.0,0.0,0.0,0.0,38.0,4.0,206.0,0.0,0.0,0.0,0.0,0.0,0.0,38.0,0.0,0.0,0.0,0.0,0.0,4.0,0.0,1959.1728054,0.0,0.0,0.0,0.0,0.0,1.0,0.0,1.0
0.0,0.0,0.0,347.0,76.0,0.0,406.0,190.0,1.0,347.0,0.0,753.0,0.0,0.0,0.0,0.0,190.0,0.0,0.0,1.0,190.0,0.0,1.0,235.0,3200.1207523,27.0,406.0,0.0,0.0,753.0,1.0,0.0,1.0
0.0,805.0,1.0,805.0,48.0,0.0,0.0,517.0,3.0,835.0,131.0,805.0,805.0,161.0,0.0,0.0,517.0,161.0,0.0,0.0,487.0,0.0,3.0,127.0,2284.6683981,0.0,0.0,0.0,0.0,0.0,1.0,0.0,1.0
0.0,1720.0,1.0,925.0,115.0,0.0,1412.0,413.0,4.0,925.0,516.0,2337.0,1720.0,344.0,0.0,1.0,412.0,344.0,0.0,0.0,413.0,0.0,4.0,252.0,2647.0963566,0.0,1413.0,0.0,0.0,617.0,1.0,0.0,1.0
0.0,0.0,0.0,0.0,0.0,0.0,0.0,325.0,2.0,482.0,0.0,0.0,0.0,0.0,0.0,0.0,325.0,0.0,0.0,0.0,0.0,0.0,2.0,0.0,2636.1233631,0.0,0.0,0.0,0.0,0.0,1.0,0.0,1.0
0.0,0.0,0.0,0.0,0.0,0.0,0.0,0.0,1.0,157.0,0.0,0.0,0.0,0.0,0.0,0.0,0.0,0.0,0.0,0.0,0.0,0.0,1.0,0.0,3002.1804837,0.0,0.0,0.0,0.0,0.0,1.0,0.0,1.0
0.0,1792.0,1.0,526.0,88.0,0.0,1266.0,0.0,4.0,526.0,358.0,1792.0,1792.0,358.0,0.0,0.0,0.0,358.0,0.0,0.0,0.0,0.0,4.0,168.0,2575.7080641,0.0,1266.0,0.0,0.0,0.0,1.0,0.0,1.0
0.0,1668.0,1.0,785.0,61.0,0.0,883.0,226.0,6.0,785.0,500.0,1668.0,1668.0,334.0,0.0,0.0,211.0,333.0,0.0,0.0,226.0,1.0,6.0,339.0,1738.133841,0.0,926.0,0.0,0.0,0.0,1.0,0.0,1.0
0.0,1159.0,1.0,916.0,57.0,0.0,243.0,517.0,4.0,916.0,231.0,1159.0,1159.0,232.0,0.0,0.0,517.0,231.0,0.0,0.0,517.0,0.0,4.0,168.0,2077.612478,0.0,242.0,0.0,0.0,0.0,1.0,0.0,1.0
0.0,0.0,0.0,0.0,0.0,0.0,0.0,0.0,1.0,157.0,0.0,0.0,0.0,0.0,0.0,0.0,0.0,0.0,0.0,0.0,0.0,0.0,1.0,0.0,3002.1804837,0.0,0.0,0.0,0.0,0.0,1.0,0.0,1.0
0.0,0.0,0.0,0.0,0.0,0.0,0.0,325.0,2.0,482.0,0.0,0.0,0.0,0.0,0.0,0.0,325.0,0.0,0.0,1.0,0.0,0.0,2.0,0.0,2636.1233631,0.0,0.0,0.0,0.0,0.0,1.0,0.0,1.0
0.0,1588.0,1.0,485.0,78.0,0.0,1103.0,0.0,4.0,485.0,317.0,1588.0,1588.0,318.0,0.0,0.0,0.0,317.0,0.0,0.0,0.0,0.0,4.0,168.0,2496.2074651,0.0,1102.0,0.0,0.0,0.0,1.0,0.0,1.0
0.0,0.0,0.0,418.0,64.0,244.0,659.0,261.0,3.0,418.0,0.0,1077.0,0.0,0.0,0.0,0.0,261.0,0.0,1.0,1.0,261.0,0.0,3.0,235.0,2605.9157135,733.0,659.0,0.0,0.0,1077.0,1.0,0.0,1.0
0.0,493.0,1.0,523.0,39.0,0.0,0.0,517.0,2.0,772.0,0.0,523.0,493.0,99.0,0.0,0.0,517.0,98.0,0.0,0.0,268.0,0.0,2.0,0.0,2636.1233631,0.0,0.0,0.0,0.0,30.0,1.0,0.0,1.0
0.0,0.0,0.0,157.0,101.0,0.0,838.0,0.0,1.0,157.0,0.0,995.0,0.0,0.0,0.0,1.0,0.0,0.0,0.0,0.0,0.0,0.0,1.0,157.0,3290.9785778,0.0,838.0,0.0,0.0,995.0,1.0,0.0,1.0
0.0,0.0,0.0,349.0,83.0,0.0,475.0,192.0,1.0,349.0,0.0,824.0,0.0,0.0,0.0,1.0,192.0,0.0,0.0,0.0,192.0,0.0,1.0,236.0,3234.1924348,0.0,476.0,0.0,0.0,824.0,1.0,0.0,1.0
0.0,0.0,0.0,767.0,77.0,0.0,0.0,629.0,1.0,786.0,0.0,767.0,0.0,0.0,0.0,0.0,629.0,0.0,0.0,1.0,610.0,0.0,1.0,216.0,3002.1804837,0.0,0.0,0.0,0.0,767.0,1.0,0.0,1.0
0.0,960.0,1.0,801.0,66.0,0.0,765.0,262.0,5.0,801.0,288.0,1566.0,960.0,192.0,0.0,0.0,262.0,192.0,0.0,0.0,262.0,0.0,5.0,296.0,2032.8026713,0.0,765.0,0.0,0.0,606.0,1.0,0.0,1.0
0.0,522.0,1.0,522.0,26.0,0.0,0.0,258.0,4.0,530.0,148.0,522.0,0.0,104.0,0.0,0.0,258.0,104.0,0.0,0.0,250.0,0.0,4.0,244.0,1959.1728054,0.0,0.0,0.0,0.0,0.0,1.0,0.0,1.0
0.0,1200.0,1.0,925.0,59.0,0.0,275.0,517.0,4.0,925.0,240.0,1200.0,1200.0,240.0,0.0,0.0,517.0,240.0,0.0,0.0,517.0,0.0,4.0,168.0,2093.8370881,0.0,275.0,0.0,0.0,0.0,1.0,0.0,1.0
0.0,0.0,0.0,588.0,44.0,0.0,0.0,810.0,2.0,967.0,0.0,588.0,0.0,0.0,0.0,1.0,431.0,0.0,0.0,0.0,431.0,0.0,2.0,0.0,2636.1233631,54.0,0.0,0.0,0.0,588.0,1.0,0.0,1.0
0.0,0.0,0.0,228.0,74.0,0.0,505.0,71.0,1.0,228.0,0.0,733.0,0.0,0.0,0.0,1.0,71.0,0.0,0.0,0.0,71.0,0.0,1.0,228.0,3248.794584,733.0,505.0,0.0,0.0,733.0,1.0,0.0,1.0
0.0,0.0,0.0,157.0,94.0,0.0,1093.0,0.0,2.0,157.0,0.0,1250.0,0.0,0.0,0.0,0.0,0.0,0.0,0.0,2.0,0.0,1.0,2.0,157.0,3168.2906371,0.0,1093.0,0.0,0.0,1250.0,1.0,0.0,1.0
0.0,0.0,0.0,182.0,9.0,0.0,0.0,318.0,4.0,486.0,0.0,182.0,0.0,0.0,0.0,0.0,318.0,0.0,0.0,0.0,14.0,0.0,4.0,0.0,1959.1728054,0.0,0.0,0.0,0.0,182.0,1.0,0.0,1.0
0.0,1920.0,1.0,552.0,95.0,0.0,1368.0,0.0,4.0,552.0,384.0,1920.0,1920.0,384.0,0.0,0.0,0.0,384.0,0.0,0.0,0.0,0.0,4.0,168.0,2626.0043606,0.0,1368.0,0.0,0.0,0.0,1.0,0.0,1.0
0.0,971.0,1.0,441.0,98.0,0.0,530.0,90.0,1.0,441.0,284.0,971.0,971.0,194.0,0.0,0.0,90.0,194.0,0.0,0.0,90.0,0.0,1.0,235.0,3260.1518153,0.0,529.0,0.0,0.0,0.0,1.0,0.0,1.0
0.0,764.0,1.0,764.0,77.0,0.0,0.0,517.0,1.0,826.0,160.0,764.0,764.0,153.0,0.0,0.0,517.0,152.0,0.0,0.0,455.0,0.0,1.0,168.0,3002.1804837,0.0,0.0,0.0,0.0,0.0,1.0,0.0,1.0
0.0,0.0,0.0,0.0,0.0,0.0,0.0,325.0,1.0,482.0,0.0,0.0,0.0,0.0,0.0,0.0,168.0,0.0,0.0,0.0,0.0,0.0,1.0,0.0,3002.1804837,0.0,0.0,0.0,0.0,0.0,1.0,0.0,1.0
0.0,0.0,0.0,100.0,7.0,0.0,0.0,0.0,2.0,565.0,0.0,100.0,0.0,0.0,0.0,0.0,0.0,0.0,0.0,0.0,0.0,0.0,2.0,0.0,2636.1233631,0.0,0.0,0.0,0.0,100.0,1.0,0.0,1.0
0.0,1469.0,1.0,811.0,148.0,0.0,658.0,361.0,1.0,811.0,440.0,1469.0,1469.0,294.0,0.0,0.0,361.0,293.0,0.0,0.0,361.0,0.0,1.0,236.0,3290.9785778,0.0,657.0,0.0,0.0,0.0,1.0,0.0,1.0
0.0,3038.0,1.0,1012.0,128.0,0.0,2026.0,208.0,5.0,1012.0,815.0,3038.0,3038.0,608.0,0.0,0.0,208.0,607.0,0.0,0.0,208.0,1.0,5.0,295.0,2646.0930068,0.0,2025.0,0.0,0.0,0.0,1.0,0.0,1.0
0.0,0.0,0.0,579.0,74.0,0.0,154.0,422.0,1.0,579.0,0.0,733.0,0.0,0.0,0.0,1.0,422.0,0.0,0.0,0.0,422.0,0.0,1.0,235.0,3078.4361615,733.0,154.0,0.0,0.0,733.0,1.0,0.0,1.0
0.0,0.0,0.0,100.0,10.0,0.0,0.0,0.0,1.0,157.0,0.0,100.0,0.0,0.0,0.0,0.0,0.0,0.0,0.0,0.0,0.0,0.0,1.0,100.0,3002.1804837,0.0,0.0,0.0,0.0,100.0,1.0,0.0,1.0
0.0,0.0,0.0,0.0,0.0,0.0,0.0,0.0,1.0,157.0,0.0,0.0,0.0,0.0,0.0,0.0,0.0,0.0,0.0,0.0,0.0,0.0,1.0,0.0,3002.1804837,0.0,0.0,0.0,0.0,0.0,1.0,0.0,1.0
0.0,830.0,1.0,323.0,49.0,0.0,507.0,0.0,3.0,323.0,166.0,830.0,830.0,166.0,0.0,0.0,0.0,166.0,0.0,0.0,0.0,0.0,3.0,157.0,2532.9049604,0.0,507.0,0.0,0.0,0.0,1.0,0.0,1.0
0.0,2372.0,1.0,1159.0,117.0,0.0,1213.0,517.0,4.0,1159.0,653.0,2372.0,2372.0,475.0,0.0,0.0,517.0,474.0,0.0,0.0,517.0,0.0,4.0,194.0,2549.7486817,0.0,1212.0,0.0,0.0,0.0,1.0,0.0,1.0
0.0,1446.0,1.0,770.0,73.0,0.0,711.0,313.0,4.0,770.0,433.0,1481.0,1446.0,289.0,0.0,0.0,313.0,289.0,0.0,0.0,313.0,0.0,4.0,252.0,2306.3795034,0.0,710.0,0.0,0.0,35.0,1.0,0.0,1.0
0.0,0.0,0.0,733.0,74.0,0.0,0.0,577.0,1.0,734.0,0.0,733.0,0.0,0.0,0.0,1.0,577.0,0.0,0.0,0.0,576.0,0.0,1.0,234.0,3002.1804837,733.0,0.0,0.0,0.0,733.0,1.0,0.0,1.0
0.0,0.0,0.0,157.0,99.0,0.0,825.0,0.0,1.0,157.0,0.0,982.0,0.0,0.0,0.0,1.0,0.0,0.0,0.0,0.0,0.0,0.0,1.0,157.0,3290.9785778,0.0,825.0,0.0,0.0,982.0,1.0,0.0,1.0
0.0,1120.0,1.0,637.0,84.0,0.0,483.0,56.0,2.0,637.0,280.0,1120.0,1120.0,224.0,0.0,0.0,56.0,224.0,0.0,0.0,56.0,0.0,2.0,213.0,2871.3802409,0.0,483.0,0.0,0.0,0.0,1.0,0.0,1.0
0.0,1247.0,1.0,811.0,93.0,0.0,436.0,405.0,2.0,811.0,374.0,1247.0,1247.0,249.0,0.0,0.0,405.0,249.0,0.0,0.0,405.0,0.0,2.0,236.0,2848.6657811,0.0,436.0,0.0,0.0,0.0,1.0,0.0,1.0
0.0,0.0,0.0,177.0,25.0,0.0,68.0,20.0,1.0,177.0,0.0,245.0,0.0,0.0,245.0,0.0,20.0,0.0,0.0,0.0,20.0,0.0,1.0,177.0,3036.2521687,0.0,68.0,0.0,0.0,245.0,1.0,0.0,1.0
0.0,0.0,0.0,0.0,0.0,0.0,0.0,0.0,1.0,157.0,0.0,0.0,0.0,0.0,0.0,0.0,0.0,0.0,0.0,0.0,0.0,0.0,1.0,0.0,3002.1804837,0.0,0.0,0.0,0.0,0.0,1.0,0.0,1.0
0.0,0.0,0.0,0.0,0.0,0.0,0.0,0.0,1.0,157.0,0.0,0.0,0.0,0.0,0.0,0.0,0.0,0.0,0.0,0.0,0.0,0.0,1.0,0.0,3002.1804837,0.0,0.0,0.0,0.0,0.0,1.0,0.0,1.0
0.0,0.0,0.0,714.0,31.0,576.0,28.0,517.0,5.0,714.0,0.0,742.0,0.0,0.0,0.0,0.0,517.0,0.0,1.0,0.0,517.0,0.0,5.0,197.0,1674.2387473,0.0,28.0,0.0,0.0,742.0,1.0,0.0,1.0
0.0,0.0,0.0,226.0,9.0,0.0,74.0,0.0,8.0,226.0,0.0,300.0,0.0,0.0,0.0,0.0,0.0,0.0,0.0,0.0,0.0,0.0,8.0,226.0,746.42580632,0.0,74.0,0.0,0.0,300.0,1.0,0.0,1.0
0.0,0.0,0.0,553.0,56.0,0.0,0.0,427.0,1.0,584.0,0.0,553.0,0.0,0.0,0.0,0.0,427.0,0.0,0.0,1.0,396.0,1.0,1.0,204.0,3002.1804837,553.0,0.0,0.0,0.0,553.0,1.0,0.0,1.0
0.0,72.0,1.0,72.0,4.0,0.0,0.0,347.0,3.0,518.0,0.0,72.0,0.0,14.0,0.0,0.0,347.0,14.0,0.0,0.0,0.0,0.0,3.0,0.0,2284.6683981,0.0,0.0,0.0,0.0,0.0,1.0,0.0,1.0
0.0,0.0,0.0,409.0,24.0,409.0,0.0,517.0,3.0,674.0,0.0,409.0,0.0,0.0,0.0,0.0,517.0,0.0,1.0,0.0,252.0,0.0,3.0,0.0,2284.6683981,0.0,0.0,0.0,0.0,409.0,1.0,0.0,1.0
0.0,0.0,0.0,1080.0,81.0,0.0,0.0,993.0,2.0,1150.0,0.0,1080.0,0.0,0.0,0.0,0.0,993.0,0.0,0.0,2.0,923.0,1.0,2.0,166.0,2636.1233631,0.0,0.0,0.0,0.0,1080.0,1.0,0.0,1.0
0.0,0.0,0.0,157.0,26.0,0.0,282.0,0.0,3.0,157.0,0.0,439.0,0.0,0.0,0.0,0.0,0.0,0.0,0.0,0.0,0.0,0.0,3.0,157.0,2422.5775998,0.0,282.0,0.0,0.0,439.0,1.0,0.0,1.0
0.0,1499.0,1.0,910.0,89.0,0.0,589.0,154.0,3.0,910.0,449.0,1499.0,1499.0,300.0,0.0,0.0,154.0,299.0,0.0,0.0,154.0,0.0,3.0,236.0,2571.8440326,0.0,588.0,0.0,0.0,0.0,1.0,0.0,1.0
0.0,0.0,0.0,0.0,0.0,0.0,0.0,517.0,4.0,685.0,0.0,0.0,0.0,0.0,0.0,0.0,517.0,0.0,0.0,0.0,0.0,0.0,4.0,0.0,1959.1728054,0.0,0.0,0.0,0.0,0.0,1.0,0.0,1.0
0.0,1600.0,1.0,486.0,120.0,409.0,1523.0,9.0,3.0,486.0,329.0,2009.0,1600.0,320.0,0.0,0.0,9.0,320.0,1.0,0.0,9.0,1.0,3.0,166.0,3026.1331633,0.0,1523.0,0.0,0.0,409.0,1.0,0.0,1.0
0.0,792.0,1.0,661.0,112.0,0.0,1213.0,346.0,3.0,661.0,237.0,1874.0,792.0,158.0,0.0,0.0,346.0,158.0,0.0,0.0,346.0,0.0,3.0,236.0,2875.2442707,0.0,1213.0,0.0,0.0,1082.0,1.0,0.0,1.0
0.0,0.0,0.0,422.0,76.0,0.0,331.0,265.0,1.0,422.0,0.0,753.0,0.0,0.0,0.0,0.0,265.0,0.0,0.0,1.0,265.0,0.0,1.0,235.0,3164.4266042,64.0,331.0,0.0,0.0,753.0,1.0,0.0,1.0
0.0,0.0,0.0,194.0,74.0,0.0,539.0,37.0,1.0,194.0,0.0,733.0,0.0,0.0,0.0,1.0,37.0,0.0,0.0,0.0,37.0,0.0,1.0,194.0,3265.0191978,733.0,539.0,0.0,0.0,733.0,1.0,0.0,1.0
0.0,0.0,0.0,0.0,0.0,0.0,0.0,517.0,3.0,674.0,0.0,0.0,0.0,0.0,0.0,0.0,517.0,0.0,0.0,0.0,0.0,0.0,3.0,0.0,2284.6683981,0.0,0.0,0.0,0.0,0.0,1.0,0.0,1.0
0.0,1384.0,1.0,863.0,82.0,0.0,521.0,430.0,3.0,863.0,414.0,1384.0,1384.0,277.0,0.0,0.0,430.0,276.0,0.0,0.0,430.0,0.0,3.0,236.0,2539.3948021,0.0,520.0,0.0,0.0,0.0,1.0,0.0,1.0
0.0,0.0,0.0,168.0,72.0,0.0,1300.0,0.0,4.0,168.0,0.0,1468.0,0.0,0.0,0.0,0.0,0.0,0.0,0.0,0.0,0.0,0.0,4.0,168.0,2591.932678,0.0,1300.0,0.0,0.0,1468.0,1.0,0.0,1.0
0.0,149.0,1.0,149.0,11.0,0.0,0.0,325.0,2.0,511.0,0.0,149.0,0.0,30.0,0.0,0.0,325.0,29.0,0.0,0.0,0.0,0.0,2.0,0.0,2636.1233631,0.0,0.0,0.0,0.0,0.0,1.0,0.0,1.0
0.0,0.0,0.0,176.0,20.0,0.0,24.0,19.0,1.0,176.0,0.0,200.0,0.0,0.0,0.0,0.0,19.0,0.0,0.0,0.0,19.0,0.0,1.0,176.0,3015.1601778,0.0,25.0,0.0,0.0,200.0,1.0,0.0,1.0
0.0,0.0,0.0,425.0,32.0,0.0,0.0,517.0,2.0,674.0,0.0,425.0,0.0,0.0,0.0,0.0,534.0,0.0,0.0,0.0,268.0,0.0,2.0,0.0,2636.1233631,0.0,0.0,0.0,0.0,425.0,1.0,0.0,1.0
0.0,1626.0,1.0,865.0,122.0,0.0,761.0,383.0,2.0,865.0,487.0,1626.0,1626.0,325.0,0.0,0.0,383.0,325.0,0.0,0.0,383.0,0.0,2.0,235.0,3007.6669811,0.0,761.0,0.0,0.0,0.0,1.0,0.0,1.0
0.0,0.0,0.0,0.0,0.0,0.0,0.0,0.0,1.0,157.0,0.0,0.0,0.0,0.0,0.0,0.0,0.0,0.0,0.0,0.0,0.0,0.0,1.0,0.0,3002.1804837,0.0,0.0,0.0,0.0,0.0,1.0,0.0,1.0
0.0,0.0,0.0,576.0,24.0,576.0,0.0,436.0,5.0,633.0,0.0,576.0,0.0,0.0,0.0,0.0,436.0,0.0,1.0,0.0,379.0,0.0,5.0,239.0,1659.636603,0.0,0.0,0.0,0.0,576.0,1.0,0.0,1.0
0.0,0.0,0.0,444.0,74.0,0.0,289.0,287.0,1.0,444.0,0.0,733.0,0.0,0.0,0.0,1.0,287.0,0.0,0.0,0.0,287.0,0.0,1.0,235.0,3143.3346056,733.0,289.0,0.0,0.0,733.0,1.0,0.0,1.0
0.0,0.0,0.0,384.0,76.0,0.0,370.0,227.0,1.0,384.0,0.0,754.0,0.0,0.0,0.0,0.0,227.0,0.0,0.0,1.0,227.0,0.0,1.0,236.0,3182.2736775,32.0,371.0,0.0,0.0,754.0,1.0,0.0,1.0
0.0,0.0,0.0,50.0,5.0,0.0,0.0,0.0,1.0,157.0,0.0,50.0,0.0,0.0,0.0,0.0,0.0,0.0,0.0,0.0,0.0,0.0,1.0,50.0,3002.1804837,0.0,0.0,0.0,0.0,50.0,1.0,0.0,1.0
0.0,1760.0,1.0,692.0,87.0,0.0,1068.0,89.0,4.0,692.0,441.0,1760.0,1760.0,352.0,0.0,0.0,89.0,352.0,0.0,0.0,89.0,0.0,4.0,252.0,2479.9828558,0.0,1068.0,0.0,0.0,0.0,1.0,0.0,1.0
0.0,0.0,0.0,0.0,0.0,0.0,0.0,0.0,1.0,157.0,0.0,0.0,0.0,0.0,0.0,0.0,0.0,0.0,0.0,0.0,0.0,0.0,1.0,0.0,3002.1804894,0.0,0.0,0.0,0.0,0.0,1.0,0.0,1.0
0.0,1360.0,1.0,429.0,137.0,0.0,931.0,0.0,1.0,429.0,272.0,1360.0,1360.0,272.0,0.0,0.0,0.0,272.0,0.0,0.0,0.0,0.0,1.0,157.0,3290.9785778,0.0,931.0,0.0,0.0,0.0,1.0,0.0,1.0
0.0,0.0,0.0,389.0,98.0,0.0,581.0,232.0,1.0,389.0,0.0,970.0,0.0,0.0,0.0,1.0,232.0,0.0,0.0,0.0,232.0,0.0,1.0,236.0,3286.111197,0.0,581.0,0.0,0.0,970.0,1.0,0.0,1.0
0.0,706.0,1.0,706.0,53.0,0.0,0.0,517.0,2.0,815.0,32.0,706.0,706.0,141.0,0.0,0.0,517.0,141.0,0.0,0.0,408.0,1.0,2.0,48.0,2636.1233631,0.0,0.0,0.0,0.0,0.0,1.0,0.0,1.0
0.0,1262.0,1.0,409.0,127.0,0.0,853.0,0.0,1.0,409.0,252.0,1262.0,1262.0,252.0,0.0,0.0,0.0,252.0,0.0,0.0,0.0,0.0,1.0,157.0,3290.9785778,0.0,853.0,0.0,0.0,0.0,1.0,0.0,1.0
0.0,0.0,0.0,316.0,37.0,0.0,176.0,159.0,2.0,316.0,0.0,492.0,0.0,0.0,0.0,1.0,158.0,0.0,0.0,0.0,159.0,0.0,2.0,236.0,2722.1138133,0.0,177.0,0.0,0.0,492.0,1.0,0.0,1.0
0.0,0.0,0.0,327.0,77.0,0.0,703.0,170.0,2.0,327.0,0.0,1030.0,0.0,0.0,0.0,0.0,170.0,0.0,0.0,0.0,170.0,0.0,2.0,236.0,2978.4626823,0.0,703.0,0.0,0.0,1030.0,1.0,0.0,1.0
0.0,0.0,0.0,184.0,69.0,0.0,980.0,27.0,3.0,184.0,0.0,1164.0,0.0,0.0,0.0,0.0,27.0,0.0,0.0,0.0,27.0,0.0,3.0,184.0,2761.67199,0.0,980.0,0.0,0.0,1164.0,1.0,0.0,1.0
0.0,0.0,0.0,0.0,0.0,0.0,0.0,0.0,1.0,157.0,0.0,0.0,0.0,0.0,0.0,0.0,0.0,0.0,0.0,0.0,0.0,0.0,1.0,0.0,2338.988826,0.0,0.0,0.0,0.0,0.0,1.0,0.0,1.0
0.0,21.0,1.0,666.0,56.0,0.0,85.0,505.0,2.0,666.0,6.0,751.0,21.0,4.0,0.0,0.0,505.0,4.0,0.0,0.0,505.0,0.0,2.0,235.0,2389.3861814,0.0,85.0,0.0,0.0,730.0,1.0,0.0,1.0
0.0,0.0,0.0,0.0,0.0,0.0,0.0,517.0,4.0,1035.0,0.0,0.0,0.0,0.0,0.0,0.0,0.0,0.0,0.0,0.0,0.0,0.0,4.0,0.0,2402.8884673,0.0,0.0,0.0,0.0,0.0,1.0,0.0,1.0
0.0,0.0,0.0,183.0,76.0,0.0,572.0,26.0,1.0,183.0,0.0,755.0,0.0,0.0,0.0,0.0,26.0,0.0,0.0,1.0,26.0,1.0,1.0,183.0,2680.2227947,320.0,572.0,0.0,0.0,755.0,1.0,0.0,1.0
0.0,175.0,1.0,175.0,18.0,0.0,0.0,425.0,1.0,617.0,0.0,175.0,175.0,35.0,0.0,0.0,425.0,35.0,0.0,0.0,0.0,0.0,1.0,0.0,2338.988826,0.0,0.0,0.0,0.0,0.0,1.0,0.0,1.0
0.0,0.0,0.0,193.0,74.0,0.0,542.0,36.0,1.0,193.0,0.0,735.0,0.0,0.0,0.0,1.0,36.0,0.0,0.0,0.0,36.0,0.0,1.0,193.0,2662.3675297,735.0,542.0,0.0,0.0,735.0,1.0,0.0,1.0
0.0,0.0,0.0,242.0,103.0,0.0,776.0,85.0,1.0,242.0,0.0,1018.0,0.0,0.0,0.0,0.0,85.0,0.0,0.0,1.0,85.0,0.0,1.0,236.0,2692.1263052,0.0,777.0,0.0,0.0,1018.0,1.0,0.0,1.0
0.0,0.0,0.0,0.0,0.0,0.0,0.0,0.0,1.0,157.0,0.0,0.0,0.0,0.0,0.0,0.0,0.0,0.0,0.0,0.0,0.0,0.0,1.0,0.0,2338.988826,0.0,0.0,0.0,0.0,0.0,1.0,0.0,1.0
0.0,0.0,0.0,362.0,106.0,0.0,692.0,117.0,1.0,362.0,0.0,1054.0,0.0,0.0,0.0,0.0,116.0,0.0,0.0,1.0,117.0,0.0,1.0,236.0,2692.1263052,0.0,691.0,0.0,0.0,1054.0,1.0,0.0,1.0
0.0,1434.0,1.0,960.0,107.0,0.0,474.0,517.0,2.0,960.0,316.0,1434.0,1434.0,287.0,0.0,0.0,517.0,286.0,0.0,0.0,517.0,0.0,2.0,157.0,2621.5046297,0.0,473.0,0.0,0.0,0.0,1.0,0.0,1.0
0.0,0.0,0.0,389.3333333333333,74.0,0.0,389.5119418483905,205.7165109034268,1.0,467.2367601246106,97.01765316718588,735.0,0.0,0.0,0.0,1.0,161.0,80.75804776739356,0.0,0.0,163.69055036344756,0.0,1.0,151.28868120456906,2588.9625438,735.0,417.0,0.0,0.0,735.0,1.0,0.0,1.0
0.0,0.0,0.0,799.0,97.0,0.0,165.0,642.0,1.0,799.0,0.0,964.0,0.0,0.0,0.0,1.0,642.0,0.0,0.0,0.0,642.0,0.0,1.0,236.0,2438.1847498,0.0,165.0,0.0,0.0,964.0,1.0,0.0,1.0
0.0,3068.0,1.0,839.0,100.0,0.0,2229.0,0.0,7.0,839.0,613.0,3068.0,3068.0,614.0,0.0,0.0,0.0,613.0,0.0,0.0,0.0,0.0,7.0,226.0,3956.7108214,0.0,2228.0,0.0,0.0,0.0,1.0,0.0,1.0
0.0,0.0,0.0,80.0,8.0,0.0,0.0,0.0,1.0,157.0,0.0,80.0,0.0,0.0,0.0,0.0,0.0,0.0,0.0,0.0,0.0,0.0,1.0,80.0,2338.9888331,0.0,0.0,0.0,0.0,80.0,1.0,0.0,1.0
0.0,327.0,1.0,222.0,58.0,244.0,349.0,0.0,1.0,222.0,65.0,571.0,327.0,65.0,0.0,0.0,0.0,65.0,1.0,0.0,0.0,0.0,1.0,157.0,2547.3002605,0.0,349.0,0.0,0.0,244.0,1.0,0.0,1.0
0.0,0.0,0.0,157.0,20.0,0.0,43.0,0.0,1.0,157.0,0.0,200.0,0.0,0.0,0.0,0.0,0.0,0.0,0.0,0.0,0.0,0.0,1.0,157.0,2364.7797675,0.0,43.0,0.0,0.0,200.0,1.0,0.0,1.0
0.0,1382.0,1.0,433.0,140.0,0.0,949.0,0.0,1.0,433.0,276.0,1382.0,1382.0,276.0,0.0,0.0,0.0,276.0,0.0,0.0,0.0,0.0,1.0,157.0,2692.126299,0.0,949.0,0.0,0.0,0.0,1.0,0.0,1.0
0.0,1328.0,1.0,950.0,66.0,0.0,378.0,517.0,4.0,950.0,265.0,1328.0,1328.0,266.0,0.0,0.0,517.0,265.0,0.0,0.0,517.0,0.0,4.0,168.0,2629.0551625,0.0,377.0,0.0,0.0,0.0,1.0,0.0,1.0
0.0,0.0,0.0,221.0,74.0,0.0,514.0,64.0,1.0,221.0,0.0,735.0,0.0,0.0,0.0,1.0,64.0,0.0,0.0,0.0,64.0,0.0,1.0,221.0,2646.4961791,735.0,514.0,0.0,0.0,735.0,1.0,0.0,1.0
0.0,0.0,0.0,0.0,0.0,0.0,0.0,0.0,1.0,157.0,0.0,0.0,0.0,0.0,0.0,0.0,0.0,0.0,0.0,0.0,0.0,0.0,1.0,0.0,2338.9888331,0.0,0.0,0.0,0.0,0.0,1.0,0.0,1.0
0.0,0.0,0.0,456.0,96.0,0.0,494.0,299.0,1.0,456.0,0.0,950.0,0.0,0.0,0.0,1.0,299.0,0.0,0.0,0.0,299.0,0.0,1.0,236.0,2634.5926695,0.0,495.0,0.0,0.0,950.0,1.0,0.0,1.0
0.0,1152.0,1.0,904.0,69.0,0.0,248.0,517.0,3.0,904.0,230.0,1152.0,1152.0,230.0,0.0,0.0,517.0,230.0,0.0,0.0,517.0,0.0,3.0,157.0,2503.2689173,0.0,248.0,0.0,0.0,0.0,1.0,0.0,1.0
0.0,0.0,0.0,157.0,24.0,327.0,170.0,0.0,2.0,157.0,0.0,327.0,0.0,0.0,0.0,0.0,0.0,0.0,1.0,0.0,0.0,0.0,2.0,157.0,2438.9841337,0.0,170.0,0.0,0.0,327.0,1.0,0.0,1.0
0.0,800.0,1.0,800.0,40.0,0.0,0.0,517.0,4.0,845.0,115.0,800.0,800.0,160.0,0.0,0.0,517.0,160.0,0.0,0.0,472.0,4.0,4.0,123.0,2402.8884673,0.0,0.0,0.0,0.0,0.0,1.0,0.0,1.0
0.0,0.0,0.0,280.0,48.0,0.0,531.0,123.0,3.0,280.0,0.0,811.0,0.0,0.0,0.0,0.0,123.0,0.0,0.0,1.0,123.0,0.0,3.0,235.0,2671.9019843,0.0,531.0,0.0,0.0,811.0,1.0,0.0,1.0
0.0,0.0,0.0,0.0,0.0,0.0,0.0,0.0,1.0,157.0,0.0,0.0,0.0,0.0,0.0,0.0,0.0,0.0,0.0,0.0,0.0,0.0,1.0,0.0,2338.9888331,0.0,0.0,0.0,0.0,0.0,1.0,0.0,1.0
0.0,200.0,1.0,200.0,15.0,0.0,0.0,199.0,2.0,396.0,0.0,200.0,200.0,40.0,0.0,0.0,199.0,40.0,0.0,0.0,3.0,0.0,2.0,40.0,2337.8043027,0.0,0.0,0.0,0.0,0.0,1.0,0.0,1.0
0.0,50.0,1.0,50.0,5.0,0.0,0.0,325.0,1.0,492.0,0.0,50.0,50.0,10.0,0.0,0.0,325.0,10.0,0.0,0.0,0.0,0.0,1.0,0.0,2338.9888331,0.0,0.0,0.0,0.0,0.0,1.0,0.0,1.0
0.0,0.0,0.0,435.0,94.0,0.0,492.0,278.0,1.0,435.0,0.0,927.0,0.0,0.0,0.0,0.0,278.0,0.0,0.0,1.0,278.0,0.0,1.0,235.0,2632.6087511,0.0,493.0,0.0,0.0,927.0,1.0,0.0,1.0
0.0,0.0,0.0,0.0,0.0,0.0,0.0,0.0,1.0,157.0,0.0,0.0,0.0,0.0,0.0,0.0,0.0,0.0,0.0,0.0,0.0,0.0,1.0,0.0,2338.9888331,0.0,0.0,0.0,0.0,0.0,1.0,0.0,1.0
0.0,0.0,0.0,234.0,77.0,0.0,530.0,77.0,1.0,234.0,0.0,764.0,0.0,0.0,0.0,0.0,77.0,0.0,0.0,1.0,77.0,0.0,1.0,234.0,2654.4318563,0.0,529.0,0.0,0.0,764.0,1.0,0.0,1.0
0.0,0.0,0.0,157.0,28.0,0.0,309.0,0.0,3.0,157.0,0.0,466.0,0.0,0.0,0.0,0.0,0.0,0.0,0.0,0.0,0.0,0.0,3.0,157.0,2538.9794472,0.0,309.0,0.0,0.0,466.0,1.0,0.0,1.0
0.0,0.0,0.0,157.0,78.0,0.0,611.0,0.0,1.0,157.0,0.0,768.0,0.0,0.0,0.0,1.0,0.0,0.0,0.0,0.0,0.0,0.0,1.0,157.0,2692.1263052,0.0,611.0,0.0,0.0,768.0,1.0,0.0,1.0
0.0,0.0,0.0,157.0,76.0,0.0,598.0,0.0,1.0,157.0,0.0,755.0,0.0,0.0,0.0,0.0,0.0,0.0,0.0,1.0,0.0,0.0,1.0,157.0,2692.1263052,315.0,598.0,0.0,0.0,755.0,1.0,0.0,1.0
0.0,0.0,0.0,0.0,0.0,0.0,0.0,0.0,1.0,157.0,0.0,0.0,0.0,0.0,0.0,0.0,0.0,0.0,0.0,0.0,0.0,0.0,1.0,0.0,2338.9888331,0.0,0.0,0.0,0.0,0.0,1.0,0.0,1.0
0.0,0.0,0.0,618.0,74.0,0.0,117.0,461.0,1.0,618.0,0.0,735.0,0.0,0.0,0.0,1.0,461.0,0.0,0.0,0.0,461.0,0.0,1.0,235.0,2410.4098914,735.0,117.0,0.0,0.0,735.0,1.0,0.0,1.0
0.0,0.0,0.0,316.0,49.0,0.0,174.0,159.0,1.0,316.0,0.0,490.0,0.0,0.0,0.0,0.0,159.0,0.0,0.0,1.0,159.0,1.0,1.0,236.0,2444.1365065,251.0,175.0,0.0,0.0,490.0,1.0,0.0,1.0
0.0,426.0,1.0,759.0,64.0,0.0,100.0,517.0,2.0,759.0,85.0,859.0,426.0,85.0,0.0,0.0,517.0,85.0,0.0,0.0,517.0,0.0,2.0,157.0,2397.3218535,0.0,102.0,0.0,0.0,433.0,1.0,0.0,1.0
0.0,0.0,0.0,157.0,25.0,245.0,88.0,0.0,1.0,157.0,0.0,245.0,0.0,0.0,0.0,0.0,0.0,0.0,1.0,1.0,0.0,1.0,1.0,157.0,2392.5546279,0.0,88.0,0.0,0.0,245.0,1.0,0.0,1.0
0.0,1541.0,1.0,1051.0,63.0,0.0,667.0,517.0,6.0,1051.0,346.0,1718.0,1541.0,308.0,0.0,0.0,517.0,308.0,0.0,0.0,517.0,0.0,6.0,226.0,2898.4829277,0.0,667.0,0.0,0.0,177.0,1.0,0.0,1.0
0.0,0.0,0.0,300.0,15.0,0.0,0.0,517.0,4.0,685.0,0.0,300.0,0.0,0.0,0.0,0.0,517.0,0.0,0.0,0.0,132.0,0.0,4.0,0.0,2402.8884673,0.0,0.0,0.0,0.0,300.0,1.0,0.0,1.0
0.0,0.0,0.0,690.0,111.0,0.0,407.0,533.0,1.0,690.0,0.0,1097.0,0.0,0.0,0.0,0.0,533.0,0.0,0.0,1.0,533.0,0.0,1.0,235.0,2583.0107936,0.0,407.0,0.0,0.0,1097.0,1.0,0.0,1.0
0.0,0.0,0.0,406.0,81.0,0.0,1236.0,238.0,4.0,406.0,0.0,1642.0,0.0,0.0,0.0,0.0,238.0,0.0,0.0,0.0,238.0,0.0,4.0,252.0,3138.9221915,0.0,1236.0,0.0,0.0,1642.0,1.0,0.0,1.0
0.0,0.0,0.0,100.0,5.0,0.0,0.0,0.0,4.0,168.0,0.0,100.0,0.0,0.0,0.0,0.0,0.0,0.0,0.0,0.0,0.0,0.0,4.0,100.0,2402.8884673,0.0,0.0,0.0,0.0,100.0,1.0,0.0,1.0
0.0,0.0,0.0,319.0,74.0,0.0,416.0,162.0,1.0,319.0,0.0,735.0,0.0,0.0,0.0,0.0,162.0,0.0,0.0,1.0,162.0,0.0,1.0,235.0,2586.9786299,735.0,416.0,0.0,0.0,735.0,1.0,0.0,1.0
0.0,0.0,0.0,218.0,37.0,0.0,540.0,50.0,4.0,218.0,0.0,758.0,0.0,0.0,0.0,1.0,50.0,0.0,0.0,0.0,50.0,0.0,4.0,218.0,2724.283252,0.0,540.0,0.0,0.0,758.0,1.0,0.0,1.0
0.0,0.0,0.0,0.0,0.0,0.0,0.0,517.0,2.0,674.0,0.0,0.0,0.0,0.0,0.0,0.0,517.0,0.0,0.0,0.0,0.0,0.0,2.0,0.0,2337.8043027,0.0,0.0,0.0,0.0,0.0,1.0,0.0,1.0
0.0,0.0,0.0,925.0,70.0,0.0,502.0,683.0,4.0,925.0,0.0,1427.0,0.0,0.0,0.0,0.0,682.0,0.0,0.0,1.0,683.0,0.0,4.0,252.0,2702.4601474,0.0,503.0,0.0,0.0,1427.0,1.0,0.0,1.0
0.0,166.0,1.0,166.0,17.0,0.0,0.0,517.0,1.0,707.0,0.0,166.0,166.0,33.0,0.0,0.0,517.0,33.0,0.0,0.0,0.0,0.0,1.0,0.0,2338.9888331,0.0,0.0,0.0,0.0,0.0,1.0,0.0,1.0
0.0,0.0,0.0,282.0,92.0,0.0,624.0,125.0,1.0,282.0,0.0,906.0,0.0,0.0,0.0,0.0,125.0,0.0,0.0,1.0,125.0,0.0,1.0,236.0,2692.126299,0.0,625.0,0.0,0.0,906.0,1.0,0.0,1.0
0.0,0.0,0.0,157.0,74.0,0.0,578.0,0.0,1.0,157.0,0.0,735.0,0.0,0.0,0.0,1.0,0.0,0.0,0.0,0.0,0.0,0.0,1.0,157.0,2684.190632,735.0,578.0,0.0,0.0,735.0,1.0,0.0,1.0
0.0,0.0,0.0,633.0,76.0,0.0,122.0,476.0,1.0,633.0,0.0,755.0,0.0,0.0,0.0,0.0,476.0,0.0,0.0,1.0,476.0,0.0,1.0,235.0,2412.3938115,289.0,122.0,0.0,0.0,755.0,1.0,0.0,1.0
0.0,0.0,0.0,693.0,74.0,0.0,42.0,536.0,1.0,693.0,0.0,735.0,0.0,0.0,0.0,1.0,536.0,0.0,0.0,0.0,536.0,0.0,1.0,235.0,2364.7797675,735.0,42.0,0.0,0.0,735.0,1.0,0.0,1.0
0.0,778.0,1.0,514.0,33.0,0.0,264.0,162.0,5.0,514.0,232.0,778.0,778.0,155.0,0.0,0.0,162.0,155.0,0.0,0.0,162.0,0.0,5.0,295.0,2641.7580654,0.0,263.0,0.0,0.0,0.0,1.0,0.0,1.0
0.0,859.0,1.0,1118.0,47.0,259.0,0.0,517.0,5.0,1509.0,0.0,1118.0,859.0,172.0,0.0,0.0,517.0,171.0,1.0,0.0,126.0,0.0,5.0,0.0,2483.0445958,0.0,0.0,0.0,0.0,259.0,1.0,0.0,1.0
0.0,2626.0,1.0,798.0,130.0,0.0,1828.0,0.0,4.0,798.0,525.0,2626.0,2626.0,525.0,0.0,0.0,0.0,525.0,0.0,0.0,0.0,0.0,4.0,168.0,3492.0596632,0.0,1828.0,0.0,0.0,0.0,1.0,0.0,1.0
0.0,0.0,0.0,513.0,111.0,0.0,583.0,356.0,1.0,513.0,0.0,1096.0,0.0,0.0,0.0,0.0,356.0,0.0,0.0,1.0,356.0,0.0,1.0,236.0,2686.1745465,0.0,584.0,0.0,0.0,1096.0,1.0,0.0,1.0
0.0,2029.0,1.0,1909.0,100.0,0.0,120.0,517.0,4.0,1909.0,568.0,2029.0,2029.0,406.0,0.0,0.0,517.0,405.0,0.0,0.0,517.0,0.0,4.0,212.0,2474.3095311,0.0,120.0,0.0,0.0,0.0,1.0,0.0,1.0
0.0,160.0,1.0,160.0,16.0,0.0,0.0,325.0,1.0,514.0,0.0,160.0,0.0,32.0,0.0,0.0,325.0,32.0,0.0,0.0,0.0,0.0,1.0,0.0,2338.9888331,0.0,0.0,0.0,0.0,0.0,1.0,0.0,1.0
0.0,2932.0,1.0,1127.0,108.0,0.0,1805.0,315.0,6.0,1127.0,879.0,2932.0,2932.0,586.0,0.0,0.0,315.0,586.0,0.0,0.0,315.0,0.0,6.0,339.0,3574.9991016,0.0,1804.0,0.0,0.0,0.0,1.0,0.0,1.0
0.0,553.0,1.0,553.0,33.0,0.0,0.0,389.0,3.0,740.0,0.0,553.0,553.0,111.0,0.0,0.0,390.0,110.0,0.0,0.0,202.0,0.0,3.0,48.0,2354.4750413,0.0,0.0,0.0,0.0,0.0,1.0,0.0,1.0
0.0,0.0,0.0,571.0,73.0,244.0,408.0,414.0,2.0,571.0,0.0,979.0,0.0,0.0,0.0,1.0,414.0,0.0,1.0,0.0,414.0,0.0,2.0,235.0,2581.8262676,735.0,408.0,0.0,0.0,979.0,1.0,0.0,1.0
0.0,0.0,0.0,733.0,55.0,0.0,0.0,695.0,2.0,852.0,0.0,733.0,0.0,0.0,0.0,0.0,695.0,0.0,0.0,2.0,576.0,1.0,2.0,116.0,2337.8043027,0.0,0.0,0.0,0.0,733.0,1.0,0.0,1.0
0.0,0.0,0.0,0.0,0.0,0.0,0.0,0.0,4.0,168.0,0.0,0.0,0.0,0.0,0.0,0.0,0.0,0.0,0.0,0.0,0.0,0.0,4.0,0.0,2402.8884673,0.0,0.0,0.0,0.0,0.0,1.0,0.0,1.0
0.0,0.0,0.0,398.0,57.0,0.0,357.0,241.0,2.0,398.0,0.0,755.0,0.0,0.0,0.0,1.0,241.0,0.0,0.0,0.0,241.0,0.0,2.0,235.0,2552.067494,54.0,357.0,0.0,0.0,755.0,1.0,0.0,1.0
0.0,0.0,0.0,674.0,75.0,0.0,322.0,517.0,2.0,674.0,0.0,996.0,0.0,0.0,0.0,0.0,517.0,0.0,0.0,0.0,517.0,0.0,2.0,197.0,2530.2443893,0.0,322.0,0.0,0.0,996.0,1.0,0.0,1.0
0.0,0.0,0.0,0.0,0.0,0.0,0.0,0.0,1.0,157.0,0.0,0.0,0.0,0.0,0.0,0.0,0.0,0.0,0.0,1.0,0.0,0.0,1.0,0.0,2338.9888331,0.0,0.0,0.0,0.0,0.0,1.0,0.0,1.0
0.0,0.0,0.0,157.0,27.0,266.0,109.0,0.0,1.0,157.0,0.0,266.0,0.0,0.0,0.0,0.0,0.0,0.0,1.0,0.0,0.0,1.0,1.0,157.0,2404.4581409,0.0,109.0,0.0,0.0,266.0,1.0,0.0,1.0
0.0,0.0,0.0,0.0,0.0,0.0,0.0,517.0,3.0,674.0,0.0,0.0,0.0,0.0,0.0,0.0,517.0,0.0,0.0,0.0,0.0,0.0,3.0,0.0,2354.4750413,0.0,0.0,0.0,0.0,0.0,1.0,0.0,1.0
0.0,0.0,0.0,157.0,97.0,0.0,1137.0,0.0,2.0,157.0,0.0,1294.0,0.0,0.0,0.0,1.0,0.0,0.0,0.0,0.0,0.0,0.0,2.0,157.0,3014.320472,0.0,1137.0,0.0,0.0,1294.0,1.0,0.0,1.0
0.0,0.0,0.0,364.0,76.0,0.0,391.0,207.0,1.0,364.0,0.0,755.0,0.0,0.0,0.0,0.0,207.0,0.0,0.0,1.0,207.0,0.0,1.0,235.0,2573.0912013,23.0,391.0,0.0,0.0,755.0,1.0,0.0,1.0
0.0,0.0,0.0,316.0,49.0,0.0,174.0,159.0,1.0,316.0,0.0,490.0,0.0,0.0,0.0,1.0,159.0,0.0,0.0,0.0,159.0,0.0,1.0,236.0,2444.1364996,490.0,175.0,0.0,0.0,490.0,1.0,0.0,1.0
0.0,0.0,0.0,0.0,0.0,0.0,0.0,0.0,1.0,157.0,0.0,0.0,0.0,0.0,0.0,0.0,0.0,0.0,0.0,0.0,0.0,0.0,1.0,0.0,2338.9888331,0.0,0.0,0.0,0.0,0.0,1.0,0.0,1.0
0.0,2708.0,1.0,929.0,114.0,0.0,1779.0,191.0,5.0,929.0,732.0,2708.0,2708.0,542.0,0.0,0.0,191.0,541.0,0.0,0.0,191.0,0.0,5.0,295.0,3542.4570182,0.0,1778.0,0.0,0.0,0.0,1.0,0.0,1.0
0.0,1100.0,1.0,636.0,111.0,0.0,464.0,259.0,1.0,636.0,330.0,1100.0,1100.0,220.0,0.0,0.0,258.0,220.0,0.0,0.0,259.0,0.0,1.0,236.0,2616.7374062,0.0,465.0,0.0,0.0,0.0,1.0,0.0,1.0
0.0,1680.0,1.0,725.0,126.0,0.0,955.0,232.0,2.0,725.0,504.0,1680.0,1680.0,336.0,0.0,0.0,232.0,336.0,0.0,0.0,232.0,0.0,2.0,236.0,2907.188881,0.0,956.0,0.0,0.0,0.0,1.0,0.0,1.0
0.0,0.0,0.0,0.0,0.0,0.0,0.0,0.0,1.0,157.0,0.0,0.0,0.0,0.0,0.0,0.0,0.0,0.0,0.0,0.0,0.0,0.0,1.0,0.0,2338.9888331,0.0,0.0,0.0,0.0,0.0,1.0,0.0,1.0
0.0,1052.0,1.0,895.0,52.0,0.0,157.0,517.0,4.0,895.0,210.0,1052.0,1052.0,210.0,0.0,0.0,517.0,210.0,0.0,0.0,517.0,0.0,4.0,168.0,2498.1165513,0.0,157.0,0.0,0.0,0.0,1.0,0.0,1.0
0.0,0.0,0.0,526.0,74.0,0.0,209.0,369.0,1.0,526.0,0.0,735.0,0.0,0.0,0.0,1.0,369.0,0.0,0.0,0.0,369.0,0.0,1.0,235.0,2463.9756894,735.0,209.0,0.0,0.0,735.0,1.0,0.0,1.0
0.0,0.0,0.0,0.0,0.0,0.0,0.0,0.0,1.0,157.0,0.0,0.0,0.0,0.0,0.0,0.0,0.0,0.0,0.0,0.0,0.0,0.0,1.0,0.0,2406.0332054,0.0,0.0,0.0,0.0,0.0,1.0,0.0,1.0
0.0,0.0,0.0,326.0,74.0,0.0,409.0,169.0,1.0,326.0,0.0,735.0,0.0,0.0,0.0,1.0,169.0,0.0,0.0,0.0,169.0,0.0,1.0,235.0,2054.0080444,735.0,409.0,0.0,0.0,735.0,1.0,0.0,1.0
0.0,0.0,0.0,443.0,74.0,0.0,292.0,286.0,1.0,443.0,0.0,735.0,0.0,0.0,0.0,1.0,286.0,0.0,0.0,0.0,286.0,0.0,1.0,235.0,2154.177805,735.0,292.0,0.0,0.0,735.0,1.0,0.0,1.0
0.0,1534.0,1.0,474.0,76.0,0.0,1060.0,0.0,4.0,474.0,306.0,1534.0,1534.0,306.0,0.0,0.0,0.0,306.0,0.0,0.0,0.0,0.0,4.0,168.0,2546.3255459,0.0,1059.0,0.0,0.0,0.0,1.0,0.0,1.0
0.0,0.0,0.0,392.0,57.0,0.0,363.0,235.0,2.0,392.0,0.0,755.0,0.0,0.0,0.0,1.0,235.0,0.0,0.0,0.0,235.0,0.0,2.0,235.0,2476.6472609,18.0,363.0,0.0,0.0,755.0,1.0,0.0,1.0
0.0,0.0,0.0,0.0,0.0,0.0,0.0,0.0,1.0,157.0,0.0,0.0,0.0,0.0,0.0,0.0,0.0,0.0,0.0,0.0,0.0,0.0,1.0,0.0,2406.0332054,0.0,0.0,0.0,0.0,0.0,1.0,0.0,1.0
0.0,0.0,0.0,50.0,4.0,0.0,0.0,0.0,2.0,157.0,0.0,50.0,0.0,0.0,0.0,0.0,0.0,0.0,0.0,0.0,0.0,0.0,2.0,50.0,2788.6045166,0.0,0.0,0.0,0.0,50.0,1.0,0.0,1.0
0.0,1308.0,1.0,795.0,65.0,0.0,513.0,366.0,4.0,795.0,392.0,1308.0,1308.0,262.0,0.0,0.0,366.0,261.0,0.0,0.0,366.0,0.0,4.0,252.0,3015.6924253,0.0,512.0,0.0,0.0,0.0,1.0,0.0,1.0
0.0,1538.0,1.0,819.0,76.0,0.0,719.0,344.0,4.0,819.0,461.0,1538.0,1538.0,308.0,0.0,0.0,344.0,307.0,0.0,0.0,344.0,1.0,4.0,252.0,2838.248848,0.0,719.0,0.0,0.0,0.0,1.0,0.0,1.0
0.0,0.0,0.0,0.0,0.0,0.0,0.0,0.0,1.0,157.0,0.0,0.0,0.0,0.0,0.0,0.0,0.0,0.0,0.0,0.0,0.0,0.0,1.0,0.0,2406.0332054,0.0,0.0,0.0,0.0,0.0,1.0,0.0,1.0
0.0,0.0,0.0,0.0,0.0,0.0,0.0,325.0,1.0,482.0,0.0,0.0,0.0,0.0,0.0,0.0,325.0,0.0,0.0,1.0,0.0,0.0,1.0,0.0,2406.0332054,0.0,0.0,0.0,0.0,0.0,1.0,0.0,1.0
0.0,0.0,0.0,0.0,0.0,0.0,0.0,0.0,1.0,157.0,0.0,0.0,0.0,0.0,0.0,0.0,0.0,0.0,0.0,0.0,0.0,0.0,1.0,0.0,2406.0332054,0.0,0.0,0.0,0.0,0.0,1.0,0.0,1.0
0.0,0.0,0.0,200.0,15.0,0.0,0.0,304.0,2.0,461.0,0.0,200.0,0.0,0.0,0.0,0.0,304.0,0.0,0.0,0.0,43.0,0.0,2.0,0.0,2788.6045166,0.0,0.0,0.0,0.0,200.0,1.0,0.0,1.0
0.0,1346.0,1.0,908.0,66.0,0.0,438.0,471.0,4.0,908.0,404.0,1346.0,1346.0,269.0,0.0,0.0,471.0,269.0,0.0,0.0,471.0,0.0,4.0,252.0,3078.6562759,0.0,439.0,0.0,0.0,0.0,1.0,0.0,1.0
0.0,0.0,0.0,481.0,76.0,0.0,274.0,0.0,1.0,481.0,0.0,755.0,0.0,0.0,0.0,1.0,0.0,0.0,0.0,0.0,0.0,0.0,1.0,157.0,2168.4877712,84.0,274.0,0.0,0.0,755.0,1.0,0.0,1.0
0.0,1510.0,1.0,1060.0,113.0,0.0,450.0,301.0,2.0,1060.0,453.0,1510.0,1510.0,302.0,0.0,0.0,301.0,302.0,0.0,0.0,301.0,0.0,2.0,236.0,2402.2354396,0.0,450.0,0.0,0.0,0.0,1.0,0.0,1.0
0.0,267.0,1.0,267.0,27.0,0.0,0.0,297.0,1.0,507.0,0.0,267.0,267.0,53.0,0.0,0.0,297.0,53.0,0.0,0.0,57.0,0.0,1.0,0.0,2406.0332054,0.0,0.0,0.0,0.0,0.0,1.0,0.0,1.0
0.0,0.0,0.0,0.0,0.0,0.0,0.0,0.0,1.0,157.0,0.0,0.0,0.0,0.0,0.0,0.0,0.0,0.0,0.0,0.0,0.0,0.0,1.0,0.0,2406.0332054,0.0,0.0,0.0,0.0,0.0,1.0,0.0,1.0
0.0,1288.0,1.0,931.0,80.0,52.0,409.0,517.0,3.0,931.0,257.0,1340.0,1288.0,258.0,0.0,0.0,517.0,257.0,1.0,0.0,517.0,0.0,3.0,157.0,2793.3927315,0.0,408.0,0.0,0.0,52.0,1.0,0.0,1.0
0.0,0.0,0.0,406.0,117.0,0.0,750.0,249.0,1.0,406.0,0.0,1156.0,0.0,0.0,0.0,0.0,248.0,0.0,0.0,1.0,249.0,0.0,1.0,236.0,1896.5984205,0.0,751.0,0.0,0.0,1156.0,1.0,0.0,1.0
0.0,1240.0,1.0,764.0,76.0,0.0,768.0,302.0,4.0,764.0,372.0,1532.0,1240.0,248.0,0.0,0.0,302.0,248.0,0.0,0.0,302.0,0.0,4.0,252.0,2795.3189506,0.0,767.0,0.0,0.0,292.0,1.0,0.0,1.0
0.0,0.0,0.0,0.0,0.0,0.0,0.0,350.0,2.0,507.0,0.0,0.0,0.0,0.0,0.0,0.0,350.0,0.0,0.0,0.0,0.0,0.0,2.0,0.0,2788.6045166,0.0,0.0,0.0,0.0,0.0,1.0,0.0,1.0
0.0,416.0,1.0,416.0,42.0,0.0,0.0,517.0,1.0,757.0,0.0,416.0,416.0,84.0,0.0,0.0,517.0,83.0,0.0,0.0,176.0,0.0,1.0,0.0,2406.0332054,0.0,0.0,0.0,0.0,0.0,1.0,0.0,1.0
0.0,0.0,0.0,543.0,74.0,0.0,192.0,386.0,1.0,543.0,0.0,735.0,0.0,0.0,0.0,1.0,386.0,0.0,0.0,0.0,386.0,0.0,1.0,235.0,2240.0376002,735.0,192.0,0.0,0.0,735.0,1.0,0.0,1.0
0.0,0.0,0.0,759.0,81.0,0.0,44.0,602.0,1.0,759.0,0.0,803.0,0.0,0.0,0.0,0.0,602.0,0.0,0.0,1.0,602.0,0.0,1.0,235.0,2365.9653004,0.0,44.0,0.0,0.0,803.0,1.0,0.0,1.0
0.0,1240.0,1.0,405.0,93.0,0.0,835.0,0.0,2.0,405.0,248.0,1240.0,1240.0,248.0,0.0,0.0,0.0,248.0,0.0,0.0,0.0,0.0,2.0,157.0,2070.2442305,0.0,835.0,0.0,0.0,0.0,1.0,0.0,1.0
0.0,0.0,0.0,0.0,0.0,0.0,0.0,517.0,1.0,674.0,0.0,0.0,0.0,0.0,0.0,0.0,517.0,0.0,0.0,0.0,0.0,0.0,1.0,0.0,2406.0332054,0.0,0.0,0.0,0.0,0.0,1.0,0.0,1.0
0.0,1088.0,1.0,892.0,65.0,0.0,196.0,518.0,3.0,892.0,325.0,1088.0,1088.0,218.0,0.0,0.0,517.0,217.0,0.0,1.0,518.0,1.0,3.0,235.0,2976.560294,0.0,196.0,0.0,0.0,0.0,1.0,0.0,1.0
0.0,0.0,0.0,0.0,0.0,0.0,0.0,517.0,2.0,674.0,0.0,0.0,0.0,0.0,0.0,0.0,517.0,0.0,0.0,0.0,0.0,0.0,2.0,0.0,2788.6045166,0.0,0.0,0.0,0.0,0.0,1.0,0.0,1.0
0.0,524.0,1.0,524.0,53.0,0.0,0.0,283.0,1.0,544.0,136.0,524.0,524.0,105.0,0.0,0.0,283.0,104.0,0.0,0.0,263.0,0.0,1.0,216.0,2406.0332054,0.0,0.0,0.0,0.0,0.0,1.0,0.0,1.0
0.0,1744.0,1.0,505.0,131.0,0.0,1239.0,0.0,2.0,505.0,348.0,1744.0,1744.0,349.0,0.0,0.0,0.0,348.0,0.0,0.0,0.0,0.0,2.0,157.0,1812.664846,0.0,1238.0,0.0,0.0,0.0,1.0,0.0,1.0
0.0,0.0,0.0,0.0,0.0,0.0,0.0,0.0,1.0,157.0,0.0,0.0,0.0,0.0,0.0,0.0,0.0,0.0,0.0,0.0,0.0,0.0,1.0,0.0,2406.0332054,0.0,0.0,0.0,0.0,0.0,1.0,0.0,1.0
0.0,1828.0,1.0,533.0,90.0,0.0,1295.0,0.0,4.0,533.0,365.0,1828.0,1828.0,365.0,0.0,0.0,0.0,365.0,0.0,0.0,0.0,0.0,4.0,168.0,2343.1240297,0.0,1294.0,0.0,0.0,0.0,1.0,0.0,1.0
0.0,0.0,0.0,221.0,22.0,0.0,0.0,189.0,1.0,346.0,0.0,221.0,0.0,0.0,0.0,0.0,189.0,0.0,0.0,0.0,64.0,0.0,1.0,110.0,2406.0332054,0.0,0.0,0.0,0.0,221.0,1.0,0.0,1.0
0.0,0.0,0.0,168.0,88.0,0.0,1618.0,0.0,4.0,168.0,0.0,1786.0,0.0,0.0,0.0,1.0,0.0,0.0,0.0,0.0,0.0,1.0,4.0,168.0,2065.5106923,600.0,1618.0,0.0,0.0,1786.0,1.0,0.0,1.0
0.0,2320.0,1.0,1303.0,76.0,0.0,1017.0,478.0,7.0,1303.0,696.0,2320.0,2320.0,464.0,0.0,0.0,478.0,464.0,0.0,0.0,478.0,0.0,7.0,339.0,3396.3921921,0.0,1018.0,0.0,0.0,0.0,1.0,0.0,1.0
0.0,0.0,0.0,287.0,81.0,0.0,510.0,130.0,1.0,287.0,0.0,797.0,0.0,0.0,0.0,0.0,130.0,0.0,0.0,1.0,130.0,0.0,1.0,235.0,1968.1482486,0.0,510.0,0.0,0.0,797.0,1.0,0.0,1.0
0.0,0.0,0.0,266.0,27.0,266.0,0.0,212.0,1.0,369.0,0.0,266.0,0.0,0.0,0.0,0.0,211.0,0.0,1.0,0.0,109.0,1.0,1.0,133.0,2406.0332054,0.0,0.0,0.0,0.0,266.0,1.0,0.0,1.0
0.0,0.0,0.0,0.0,0.0,0.0,0.0,0.0,1.0,157.0,0.0,0.0,0.0,0.0,0.0,0.0,0.0,0.0,0.0,0.0,0.0,0.0,1.0,0.0,2406.0332054,0.0,0.0,0.0,0.0,0.0,1.0,0.0,1.0
0.0,900.0,1.0,381.0,91.0,0.0,519.0,44.0,1.0,381.0,224.0,900.0,0.0,180.0,0.0,0.0,43.0,180.0,0.0,0.0,44.0,0.0,1.0,201.0,1959.5622712,0.0,520.0,0.0,0.0,0.0,1.0,0.0,1.0
0.0,0.0,0.0,714.0,66.0,0.0,403.0,557.0,3.0,714.0,0.0,1117.0,0.0,0.0,0.0,1.0,557.0,0.0,0.0,0.0,557.0,0.0,3.0,235.0,2799.1167164,0.0,403.0,0.0,0.0,1117.0,1.0,0.0,1.0
0.0,0.0,0.0,0.0,0.0,0.0,0.0,0.0,1.0,157.0,0.0,0.0,0.0,0.0,0.0,0.0,0.0,0.0,0.0,0.0,0.0,0.0,1.0,0.0,2406.0332054,0.0,0.0,0.0,0.0,0.0,1.0,0.0,1.0
0.0,0.0,0.0,124.0,13.0,0.0,0.0,0.0,1.0,157.0,0.0,124.0,0.0,0.0,0.0,0.0,0.0,0.0,0.0,1.0,0.0,1.0,1.0,124.0,2406.0332054,0.0,0.0,0.0,0.0,124.0,1.0,0.0,1.0
0.0,0.0,0.0,191.0,62.0,0.0,643.0,0.0,2.0,191.0,0.0,834.0,0.0,157.0,0.0,0.0,0.0,0.0,0.0,2.0,0.0,2.0,2.0,157.0,2236.2398348,0.0,643.0,0.0,0.0,834.0,1.0,0.0,1.0
0.0,0.0,0.0,0.0,0.0,0.0,0.0,0.0,1.0,157.0,0.0,0.0,0.0,0.0,0.0,0.0,0.0,0.0,0.0,0.0,0.0,0.0,1.0,0.0,2406.0332054,0.0,0.0,0.0,0.0,0.0,1.0,0.0,1.0
0.0,0.0,0.0,172.0,27.0,540.0,368.0,4.0,4.0,172.0,0.0,540.0,0.0,0.0,0.0,0.0,4.0,0.0,1.0,0.0,4.0,0.0,4.0,172.0,3138.758132,0.0,368.0,0.0,0.0,540.0,1.0,0.0,1.0
0.0,2000.0,1.0,1085.0,99.0,0.0,915.0,517.0,4.0,1085.0,427.0,2000.0,2000.0,400.0,0.0,0.0,517.0,400.0,0.0,0.0,517.0,0.0,4.0,168.0,2669.3912513,0.0,915.0,0.0,0.0,0.0,1.0,0.0,1.0
0.0,1076.0,1.0,889.0,81.0,0.0,187.0,517.0,2.0,889.0,219.0,1076.0,1076.0,215.0,0.0,0.0,517.0,215.0,0.0,0.0,517.0,0.0,2.0,157.0,2625.4709062,0.0,187.0,0.0,0.0,0.0,1.0,0.0,1.0
0.0,0.0,0.0,226.0,63.0,0.0,1924.0,0.0,8.0,226.0,0.0,2150.0,0.0,0.0,680.0,1.0,0.0,0.0,0.0,0.0,0.0,0.0,8.0,226.0,2954.7094714,1470.0,1924.0,0.0,0.0,2150.0,1.0,0.0,1.0
0.0,660.0,1.0,300.0,44.0,226.0,586.0,0.0,4.0,300.0,132.0,886.0,660.0,132.0,0.0,0.0,0.0,132.0,1.0,0.0,0.0,0.0,4.0,168.0,2952.7285755,0.0,586.0,0.0,0.0,226.0,1.0,0.0,1.0
0.0,1342.0,1.0,942.0,101.0,0.0,400.0,517.0,2.0,942.0,268.0,1342.0,0.0,268.0,0.0,0.0,517.0,268.0,0.0,0.0,517.0,0.0,2.0,157.0,2445.1653367,0.0,400.0,0.0,0.0,0.0,1.0,0.0,1.0
0.0,0.0,0.0,168.0,80.0,0.0,1454.0,0.0,4.0,168.0,0.0,1622.0,0.0,0.0,0.0,0.0,0.0,0.0,0.0,0.0,0.0,2.0,4.0,168.0,2205.7483579,0.0,1425.0,0.0,0.0,1622.0,1.0,0.0,1.0
0.0,1768.0,1.0,948.0,87.0,0.0,820.0,427.0,4.0,948.0,530.0,1768.0,1768.0,354.0,0.0,0.0,427.0,353.0,0.0,0.0,427.0,0.0,4.0,252.0,2752.3890538,0.0,820.0,0.0,0.0,0.0,1.0,0.0,1.0
0.0,0.0,0.0,683.0,76.0,0.0,72.0,526.0,1.0,683.0,0.0,755.0,0.0,0.0,0.0,0.0,526.0,0.0,0.0,1.0,526.0,0.0,1.0,235.0,2343.0693549,531.0,72.0,0.0,0.0,755.0,1.0,0.0,1.0
0.0,956.0,1.0,348.0,132.0,0.0,958.0,0.0,1.0,348.0,191.0,1306.0,956.0,191.0,0.0,0.0,0.0,191.0,0.0,1.0,0.0,1.0,1.0,157.0,1896.5984205,0.0,958.0,0.0,0.0,350.0,1.0,0.0,1.0
0.0,0.0,0.0,733.0,76.0,0.0,22.0,576.0,1.0,733.0,0.0,755.0,0.0,0.0,0.0,1.0,576.0,0.0,0.0,0.0,576.0,0.0,1.0,235.0,2385.9992524,38.0,22.0,0.0,0.0,755.0,1.0,0.0,1.0
0.0,0.0,0.0,168.0,50.0,0.0,853.0,0.0,4.0,168.0,0.0,1021.0,0.0,0.0,0.0,1.0,0.0,0.0,0.0,0.0,0.0,0.0,4.0,168.0,2723.7691214,295.0,853.0,0.0,0.0,1021.0,1.0,0.0,1.0
0.0,0.0,0.0,0.0,0.0,0.0,0.0,0.0,1.0,157.0,0.0,0.0,0.0,0.0,0.0,0.0,0.0,0.0,0.0,0.0,0.0,0.0,1.0,0.0,2406.0332054,0.0,0.0,0.0,0.0,0.0,1.0,0.0,1.0
0.0,0.0,0.0,327.0,24.0,327.0,0.0,515.0,2.0,672.0,0.0,327.0,0.0,0.0,0.0,0.0,515.0,0.0,1.0,0.0,170.0,0.0,2.0,0.0,2788.6045166,0.0,0.0,0.0,0.0,327.0,1.0,0.0,1.0
0.0,632.0,1.0,475.0,64.0,0.0,157.0,192.0,1.0,475.0,189.0,632.0,632.0,126.0,0.0,0.0,192.0,126.0,0.0,0.0,192.0,0.0,1.0,236.0,2268.6575315,0.0,157.0,0.0,0.0,0.0,1.0,0.0,1.0
0.0,0.0,0.0,0.0,0.0,0.0,0.0,0.0,2.0,157.0,0.0,0.0,0.0,0.0,0.0,0.0,0.0,0.0,0.0,0.0,0.0,0.0,2.0,0.0,2788.6045166,0.0,0.0,0.0,0.0,0.0,1.0,0.0,1.0
0.0,0.0,0.0,0.0,0.0,0.0,0.0,0.0,4.0,168.0,0.0,0.0,0.0,0.0,0.0,0.0,0.0,0.0,0.0,0.0,0.0,0.0,4.0,0.0,3456.4393746,0.0,0.0,0.0,0.0,0.0,1.0,0.0,1.0
0.0,200.0,1.0,197.0,20.0,0.0,3.0,0.0,1.0,197.0,40.0,200.0,200.0,40.0,0.0,0.0,0.0,40.0,0.0,0.0,0.0,0.0,1.0,157.0,2403.1712123,0.0,3.0,0.0,0.0,0.0,1.0,0.0,1.0
0.0,884.0,1.0,583.0,89.0,0.0,301.0,250.0,1.0,583.0,264.0,884.0,884.0,177.0,0.0,0.0,250.0,176.0,0.0,0.0,250.0,0.0,1.0,236.0,2145.5918255,0.0,300.0,0.0,0.0,0.0,1.0,0.0,1.0
0.0,0.0,0.0,193.0,55.0,0.0,542.0,36.0,2.0,193.0,0.0,735.0,0.0,0.0,0.0,0.0,36.0,0.0,0.0,1.0,36.0,0.0,2.0,193.0,2322.099631,735.0,542.0,0.0,0.0,735.0,1.0,0.0,1.0
0.0,1004.0,1.0,644.0,109.0,0.0,810.0,287.0,2.0,644.0,300.0,1454.0,1004.0,200.0,0.0,0.0,286.0,200.0,0.0,0.0,287.0,0.0,2.0,236.0,2093.1401763,0.0,809.0,0.0,0.0,450.0,1.0,0.0,1.0
0.0,0.0,0.0,408.0,74.0,0.0,327.0,251.0,1.0,408.0,0.0,735.0,0.0,0.0,0.0,1.0,251.0,0.0,0.0,0.0,251.0,0.0,1.0,235.0,2122.6958801,735.0,327.0,0.0,0.0,735.0,1.0,0.0,1.0
0.0,462.0,1.0,462.0,47.0,0.0,0.0,256.0,1.0,505.0,95.0,462.0,462.0,92.0,0.0,0.0,257.0,92.0,0.0,0.0,213.0,0.0,1.0,193.0,2406.0332054,0.0,0.0,0.0,0.0,0.0,1.0,0.0,1.0
0.0,0.0,0.0,0.0,0.0,0.0,0.0,0.0,1.0,157.0,0.0,0.0,0.0,0.0,0.0,0.0,0.0,0.0,0.0,0.0,0.0,0.0,1.0,0.0,2406.0332054,0.0,0.0,0.0,0.0,0.0,1.0,0.0,1.0
0.0,205.0,1.0,198.0,21.0,0.0,7.0,0.0,1.0,198.0,41.0,205.0,205.0,41.0,0.0,0.0,0.0,41.0,0.0,0.0,0.0,0.0,1.0,157.0,2397.4472266,0.0,7.0,0.0,0.0,0.0,1.0,0.0,1.0
0.0,0.0,0.0,0.0,0.0,0.0,0.0,0.0,1.0,157.0,0.0,0.0,0.0,0.0,0.0,0.0,0.0,0.0,0.0,0.0,0.0,0.0,1.0,0.0,2406.0332054,0.0,0.0,0.0,0.0,0.0,1.0,0.0,1.0
0.0,0.0,0.0,483.0,76.0,0.0,272.0,326.0,1.0,483.0,0.0,755.0,0.0,0.0,0.0,1.0,326.0,0.0,0.0,0.0,326.0,0.0,1.0,235.0,2171.3497658,314.0,272.0,0.0,0.0,755.0,1.0,0.0,1.0
0.0,0.0,0.0,0.0,0.0,0.0,0.0,0.0,1.0,157.0,0.0,0.0,0.0,0.0,0.0,0.0,0.0,0.0,0.0,0.0,0.0,0.0,1.0,0.0,2406.0332054,0.0,0.0,0.0,0.0,0.0,1.0,0.0,1.0
0.0,0.0,0.0,493.0,74.0,0.0,242.0,336.0,1.0,493.0,0.0,735.0,0.0,0.0,0.0,1.0,336.0,0.0,0.0,0.0,336.0,0.0,1.0,235.0,2197.1077024,735.0,242.0,0.0,0.0,735.0,1.0,0.0,1.0
0.0,0.0,0.0,193.0,74.0,0.0,542.0,36.0,1.0,193.0,0.0,735.0,0.0,0.0,0.0,0.0,36.0,0.0,0.0,1.0,36.0,0.0,1.0,193.0,1939.5283191,735.0,542.0,0.0,0.0,735.0,1.0,0.0,1.0
0.0,0.0,0.0,334.0,76.0,0.0,421.0,177.0,1.0,334.0,0.0,755.0,0.0,0.0,0.0,0.0,177.0,0.0,0.0,1.0,177.0,0.0,1.0,235.0,2042.5600719,263.0,421.0,0.0,0.0,755.0,1.0,0.0,1.0
0.0,0.0,0.0,157.0,18.0,244.0,87.0,0.0,2.0,157.0,0.0,244.0,0.0,0.0,0.0,0.0,0.0,0.0,1.0,0.0,0.0,0.0,2.0,157.0,2711.3307015,0.0,87.0,0.0,0.0,244.0,1.0,0.0,1.0
0.0,0.0,0.0,168.0,57.0,409.0,996.0,0.0,4.0,168.0,0.0,1164.0,0.0,0.0,0.0,1.0,0.0,0.0,1.0,0.0,0.0,0.0,4.0,168.0,2600.703415,18.0,996.0,0.0,0.0,1164.0,1.0,0.0,1.0
0.0,0.0,0.0,0.0,0.0,0.0,0.0,0.0,1.0,157.0,0.0,0.0,0.0,0.0,0.0,0.0,0.0,0.0,0.0,0.0,0.0,0.0,1.0,0.0,2406.0332036,0.0,0.0,0.0,0.0,0.0,1.0,0.0,1.0
0.0,0.0,0.0,25.0,3.0,0.0,0.0,0.0,1.0,157.0,0.0,25.0,0.0,0.0,0.0,0.0,0.0,0.0,0.0,0.0,0.0,0.0,1.0,25.0,2406.0332036,0.0,0.0,0.0,0.0,25.0,1.0,0.0,1.0
0.0,0.0,0.0,207.0,74.0,0.0,528.0,50.0,1.0,207.0,0.0,735.0,0.0,0.0,0.0,1.0,50.0,0.0,0.0,0.0,50.0,0.0,1.0,207.0,1950.9762894,735.0,528.0,0.0,0.0,735.0,1.0,0.0,1.0
0.0,2073.0,1.0,582.0,102.0,0.0,1491.0,0.0,4.0,582.0,414.0,2073.0,2073.0,415.0,0.0,0.0,0.0,414.0,0.0,0.0,0.0,0.0,4.0,168.0,2174.2664327,0.0,1490.0,0.0,0.0,0.0,1.0,0.0,1.0
0.0,0.0,0.0,0.0,0.0,0.0,0.0,0.0,2.0,157.0,0.0,0.0,0.0,0.0,0.0,0.0,0.0,0.0,0.0,0.0,0.0,0.0,2.0,0.0,2788.6045182,0.0,0.0,0.0,0.0,0.0,1.0,0.0,1.0
0.0,140.0,1.0,140.0,8.0,0.0,0.0,0.0,3.0,185.0,0.0,140.0,140.0,28.0,0.0,0.0,0.0,28.0,0.0,0.0,0.0,0.0,3.0,112.0,3145.4178898,0.0,0.0,0.0,0.0,0.0,1.0,0.0,1.0
0.0,1212.0,1.0,399.0,91.0,0.0,813.0,0.0,2.0,399.0,242.0,1212.0,1212.0,242.0,0.0,0.0,0.0,242.0,0.0,0.0,0.0,0.0,2.0,157.0,2090.2781828,0.0,813.0,0.0,0.0,0.0,1.0,0.0,1.0
0.0,0.0,0.0,218.0,74.0,0.0,517.0,61.0,1.0,218.0,0.0,735.0,0.0,0.0,0.0,1.0,61.0,0.0,0.0,0.0,61.0,0.0,1.0,218.0,2778.9985165,735.0,517.0,0.0,0.0,735.0,1.0,0.0,1.0
0.0,0.0,0.0,352.0,78.0,0.0,416.0,195.0,1.0,352.0,0.0,768.0,0.0,0.0,0.0,0.0,195.0,0.0,0.0,1.0,195.0,0.0,1.0,236.0,2798.7643721,0.0,416.0,0.0,0.0,768.0,1.0,0.0,1.0
0.0,836.0,1.0,396.0,63.0,0.0,440.0,72.0,2.0,396.0,239.0,836.0,836.0,167.0,0.0,0.0,73.0,167.0,0.0,2.0,72.0,2.0,2.0,229.0,2755.657334,0.0,437.0,0.0,0.0,0.0,1.0,0.0,1.0
0.0,0.0,0.0,0.0,0.0,0.0,0.0,517.0,3.0,674.0,0.0,0.0,0.0,0.0,0.0,0.0,517.0,0.0,0.0,0.0,0.0,0.0,3.0,0.0,2795.4393677,0.0,0.0,0.0,0.0,0.0,1.0,0.0,1.0
0.0,960.0,1.0,877.0,47.0,0.0,83.0,517.0,4.0,877.0,192.0,960.0,960.0,192.0,0.0,0.0,517.0,192.0,0.0,0.0,517.0,0.0,4.0,168.0,2724.915175,0.0,83.0,0.0,0.0,0.0,1.0,0.0,1.0
0.0,408.0,1.0,422.0,47.0,0.0,204.0,0.0,2.0,422.0,81.0,626.0,408.0,82.0,0.0,0.0,0.0,81.0,0.0,0.0,0.0,0.0,2.0,157.0,2800.2899111,0.0,204.0,0.0,0.0,218.0,1.0,0.0,1.0
0.0,1248.0,1.0,923.0,74.0,0.0,325.0,517.0,3.0,923.0,249.0,1248.0,1248.0,250.0,0.0,0.0,517.0,249.0,0.0,0.0,517.0,0.0,3.0,157.0,2732.9537597,0.0,324.0,0.0,0.0,0.0,1.0,0.0,1.0
0.0,0.0,0.0,157.0,85.0,0.0,983.0,0.0,2.0,157.0,0.0,1140.0,0.0,0.0,0.0,0.0,0.0,0.0,0.0,1.0,0.0,0.0,2.0,157.0,2651.7271901,0.0,983.0,0.0,0.0,1140.0,1.0,0.0,1.0
0.0,0.0,0.0,168.0,24.0,493.0,325.0,0.0,4.0,168.0,0.0,493.0,0.0,0.0,0.0,0.0,0.0,0.0,1.0,0.0,0.0,0.0,4.0,168.0,2678.3697732,0.0,325.0,0.0,0.0,493.0,1.0,0.0,1.0
0.0,400.0,1.0,754.0,46.0,365.0,11.0,517.0,3.0,754.0,80.0,765.0,400.0,80.0,0.0,0.0,517.0,80.0,1.0,0.0,517.0,0.0,3.0,157.0,2792.8889347,0.0,11.0,0.0,0.0,365.0,1.0,0.0,1.0
0.0,240.0,1.0,240.0,10.0,0.0,0.0,325.0,5.0,570.0,0.0,240.0,240.0,48.0,0.0,0.0,325.0,48.0,0.0,0.0,0.0,0.0,5.0,0.0,2676.0696628,0.0,0.0,0.0,0.0,0.0,1.0,0.0,1.0
0.0,1032.0,1.0,363.0,86.0,409.0,1078.0,0.0,3.0,363.0,206.0,1441.0,1032.0,206.0,0.0,0.0,0.0,206.0,1.0,0.0,0.0,0.0,3.0,157.0,2588.8542964,0.0,1077.0,0.0,0.0,409.0,1.0,0.0,1.0
0.0,0.0,0.0,0.0,0.0,0.0,0.0,0.0,1.0,300.0,0.0,0.0,0.0,0.0,0.0,0.0,0.0,0.0,0.0,0.0,0.0,0.0,1.0,0.0,2878.4654027,0.0,0.0,0.0,0.0,0.0,1.0,0.0,1.0
0.0,0.0,0.0,0.0,0.0,0.0,0.0,325.0,1.0,482.0,0.0,0.0,0.0,0.0,0.0,0.0,325.0,0.0,0.0,0.0,0.0,0.0,1.0,0.0,2878.4654027,0.0,0.0,0.0,0.0,0.0,1.0,0.0,1.0
0.0,1404.0,1.0,1023.0,52.0,0.0,381.0,517.0,6.0,1023.0,280.0,1404.0,1404.0,281.0,0.0,0.0,517.0,280.0,0.0,0.0,517.0,0.0,6.0,226.0,2558.36246,0.0,380.0,0.0,0.0,0.0,1.0,0.0,1.0
0.0,549.0,1.0,490.0,27.0,0.0,59.0,213.0,4.0,490.0,163.0,549.0,549.0,110.0,0.0,0.0,213.0,109.0,0.0,0.0,213.0,0.0,4.0,252.0,2729.3784328,0.0,58.0,0.0,0.0,0.0,1.0,0.0,1.0
0.0,0.0,0.0,725.0,93.0,0.0,522.0,528.0,2.0,725.0,0.0,1247.0,0.0,0.0,0.0,1.0,528.0,0.0,0.0,1.0,528.0,1.0,2.0,235.0,2739.7171279,0.0,522.0,0.0,0.0,1247.0,1.0,0.0,1.0
0.0,346.0,1.0,226.0,26.0,0.0,120.0,0.0,2.0,226.0,69.0,346.0,346.0,69.0,0.0,0.0,0.0,69.0,0.0,0.0,0.0,0.0,2.0,157.0,2816.8677255,0.0,119.0,0.0,0.0,0.0,1.0,0.0,1.0
0.0,682.0,1.0,539.0,69.0,0.0,143.0,246.0,1.0,539.0,204.0,682.0,682.0,136.0,0.0,0.0,246.0,136.0,0.0,0.0,246.0,0.0,1.0,236.0,2851.0482481,0.0,143.0,0.0,0.0,0.0,1.0,0.0,1.0
0.0,0.0,0.0,157.0,74.0,0.0,571.0,0.0,1.0,157.0,0.0,728.0,0.0,0.0,0.0,0.0,0.0,0.0,0.0,1.0,0.0,0.0,1.0,157.0,2768.7967846,0.0,571.0,0.0,0.0,728.0,1.0,0.0,1.0
0.0,0.0,0.0,313.0,74.0,0.0,422.0,156.0,1.0,313.0,0.0,735.0,0.0,0.0,0.0,1.0,156.0,0.0,0.0,0.0,156.0,0.0,1.0,235.0,2797.4891556,735.0,422.0,0.0,0.0,735.0,1.0,0.0,1.0
0.0,0.0,0.0,0.0,0.0,0.0,0.0,325.0,4.0,493.0,0.0,0.0,0.0,0.0,0.0,0.0,325.0,0.0,0.0,0.0,0.0,0.0,4.0,0.0,2740.8553812,0.0,0.0,0.0,0.0,0.0,1.0,0.0,1.0
0.0,0.0,0.0,157.0,94.0,0.0,770.0,0.0,1.0,157.0,0.0,927.0,0.0,0.0,0.0,0.0,0.0,0.0,0.0,1.0,0.0,0.0,1.0,157.0,2764.9711351,0.0,770.0,0.0,0.0,927.0,1.0,0.0,1.0
0.0,0.0,0.0,307.0,15.0,307.0,0.0,256.0,4.0,424.0,0.0,307.0,0.0,0.0,0.0,0.0,256.0,0.0,1.0,0.0,139.0,0.0,4.0,135.0,2740.8553812,0.0,0.0,0.0,0.0,307.0,1.0,0.0,1.0
0.0,0.0,0.0,0.0,0.0,0.0,0.0,0.0,1.0,157.0,0.0,0.0,0.0,0.0,0.0,0.0,0.0,0.0,0.0,0.0,0.0,0.0,1.0,0.0,2878.4654027,0.0,0.0,0.0,0.0,0.0,1.0,0.0,1.0
0.0,0.0,0.0,685.0,40.0,409.0,124.0,517.0,4.0,685.0,0.0,809.0,0.0,0.0,0.0,0.0,517.0,0.0,1.0,0.0,517.0,0.0,4.0,168.0,2716.6262679,0.0,124.0,0.0,0.0,809.0,1.0,0.0,1.0
0.0,0.0,0.0,0.0,0.0,0.0,0.0,517.0,3.0,674.0,0.0,0.0,0.0,0.0,0.0,0.0,517.0,0.0,0.0,0.0,0.0,0.0,3.0,0.0,2795.4393677,0.0,0.0,0.0,0.0,0.0,1.0,0.0,1.0
0.0,0.0,0.0,157.0,38.0,0.0,218.0,0.0,1.0,157.0,0.0,375.0,0.0,0.0,375.0,0.0,0.0,0.0,0.0,0.0,0.0,0.0,1.0,157.0,2836.3832585,0.0,218.0,0.0,0.0,375.0,1.0,0.0,1.0
0.0,0.0,0.0,0.0,0.0,0.0,0.0,0.0,7.0,226.0,0.0,0.0,0.0,0.0,0.0,0.0,0.0,0.0,0.0,0.0,0.0,0.0,7.0,0.0,2550.9614836,0.0,0.0,0.0,0.0,0.0,1.0,0.0,1.0
0.0,0.0,0.0,302.0,74.0,0.0,433.0,145.0,1.0,302.0,0.0,735.0,0.0,0.0,0.0,0.0,145.0,0.0,0.0,1.0,145.0,0.0,1.0,235.0,2795.5763309,735.0,433.0,0.0,0.0,735.0,1.0,0.0,1.0
0.0,1181.0,1.0,822.0,58.0,0.0,359.0,418.0,4.0,822.0,354.0,1181.0,1181.0,236.0,0.0,0.0,418.0,236.0,0.0,0.0,418.0,0.0,4.0,252.0,2671.9936907,0.0,359.0,0.0,0.0,0.0,1.0,0.0,1.0
0.0,1353.0,1.0,944.0,101.0,0.0,409.0,517.0,2.0,944.0,270.0,1353.0,1353.0,270.0,0.0,0.0,517.0,270.0,0.0,0.0,517.0,0.0,2.0,157.0,2761.3958082,0.0,408.0,0.0,0.0,0.0,1.0,0.0,1.0
0.0,0.0,0.0,0.0,0.0,0.0,0.0,0.0,1.0,157.0,0.0,0.0,0.0,0.0,0.0,0.0,0.0,0.0,0.0,0.0,0.0,0.0,1.0,0.0,2878.4654027,0.0,0.0,0.0,0.0,0.0,1.0,0.0,1.0
0.0,0.0,0.0,231.0,67.0,0.0,429.0,74.0,1.0,231.0,0.0,660.0,0.0,0.0,0.0,0.0,74.0,0.0,0.0,1.0,74.0,0.0,1.0,231.0,2796.2139391,0.0,430.0,0.0,0.0,660.0,1.0,0.0,1.0
0.0,394.0,1.0,235.0,40.0,0.0,159.0,0.0,1.0,235.0,78.0,394.0,394.0,79.0,0.0,0.0,0.0,78.0,0.0,0.0,0.0,0.0,1.0,157.0,2847.8602069,0.0,158.0,0.0,0.0,0.0,1.0,0.0,1.0
0.0,0.0,0.0,285.0,86.0,0.0,570.0,128.0,1.0,285.0,0.0,855.0,0.0,0.0,0.0,0.0,128.0,0.0,0.0,1.0,128.0,0.0,1.0,235.0,2769.4343928,0.0,570.0,0.0,0.0,855.0,1.0,0.0,1.0
0.0,0.0,0.0,157.0,86.0,0.0,1289.0,0.0,3.0,157.0,0.0,1446.0,0.0,0.0,0.0,0.0,0.0,0.0,0.0,1.0,0.0,0.0,3.0,157.0,2548.684977,0.0,1289.0,0.0,0.0,1446.0,1.0,0.0,1.0
0.0,0.0,0.0,227.0,74.0,0.0,508.0,70.0,1.0,227.0,0.0,735.0,0.0,0.0,0.0,0.0,70.0,0.0,0.0,1.0,70.0,0.0,1.0,227.0,2780.9113412,735.0,508.0,0.0,0.0,735.0,1.0,0.0,1.0
0.0,0.0,0.0,169.0,61.0,0.0,650.0,12.0,2.0,169.0,0.0,819.0,0.0,0.0,0.0,0.0,12.0,0.0,0.0,1.0,12.0,0.0,2.0,169.0,2715.4880146,0.0,650.0,0.0,0.0,819.0,1.0,0.0,1.0
0.0,0.0,0.0,157.0,115.0,0.0,978.0,0.0,1.0,157.0,0.0,1135.0,0.0,0.0,0.0,0.0,0.0,0.0,0.0,1.0,0.0,0.0,1.0,157.0,2764.9711351,0.0,978.0,0.0,0.0,1135.0,1.0,0.0,1.0
0.0,0.0,0.0,157.0,52.0,0.0,353.0,0.0,1.0,157.0,0.0,510.0,0.0,0.0,0.0,0.0,184.0,0.0,0.0,1.0,0.0,0.0,1.0,157.0,2810.8789287,15.0,169.0,0.0,0.0,510.0,1.0,0.0,1.0
0.0,0.0,0.0,239.0,83.0,0.0,581.0,82.0,1.0,239.0,0.0,820.0,0.0,0.0,0.0,0.0,82.0,0.0,0.0,1.0,82.0,0.0,1.0,236.0,2766.8839598,0.0,581.0,0.0,0.0,820.0,1.0,0.0,1.0
0.0,0.0,0.0,0.0,0.0,0.0,0.0,0.0,1.0,157.0,0.0,0.0,0.0,0.0,0.0,0.0,0.0,0.0,0.0,0.0,0.0,0.0,1.0,0.0,2878.4654027,0.0,0.0,0.0,0.0,0.0,1.0,0.0,1.0
0.0,0.0,0.0,0.0,0.0,0.0,0.0,450.0,2.0,607.0,0.0,0.0,0.0,0.0,0.0,0.0,450.0,0.0,0.0,0.0,0.0,0.0,2.0,0.0,2839.8216223,0.0,0.0,0.0,0.0,0.0,1.0,0.0,1.0
0.0,0.0,0.0,365.0,74.0,0.0,370.0,208.0,1.0,365.0,0.0,735.0,0.0,0.0,0.0,0.0,208.0,0.0,0.0,1.0,208.0,0.0,1.0,235.0,2807.6908875,735.0,370.0,0.0,0.0,735.0,1.0,0.0,1.0
0.0,0.0,0.0,157.0,25.0,0.0,88.0,0.0,1.0,157.0,0.0,245.0,0.0,0.0,0.0,0.0,0.0,0.0,0.0,0.0,0.0,0.0,1.0,157.0,2861.24998,0.0,88.0,0.0,0.0,245.0,1.0,0.0,1.0
0.0,0.0,0.0,0.0,0.0,0.0,0.0,0.0,1.0,157.0,0.0,0.0,0.0,0.0,0.0,0.0,0.0,0.0,0.0,0.0,0.0,0.0,1.0,0.0,2878.4654027,0.0,0.0,0.0,0.0,0.0,1.0,0.0,1.0
0.0,0.0,0.0,338.0,74.0,0.0,399.0,181.0,1.0,338.0,0.0,737.0,0.0,0.0,0.0,0.0,181.0,0.0,0.0,1.0,181.0,0.0,1.0,235.0,2801.9524133,0.0,399.0,0.0,0.0,737.0,1.0,0.0,1.0
0.0,0.0,0.0,0.0,0.0,0.0,0.0,40.0,1.0,197.0,0.0,0.0,0.0,0.0,0.0,0.0,0.0,0.0,0.0,0.0,0.0,0.0,1.0,0.0,2878.4654027,0.0,0.0,0.0,0.0,0.0,1.0,0.0,1.0
0.0,0.0,0.0,390.0,56.0,0.0,352.0,233.0,2.0,390.0,0.0,742.0,0.0,0.0,0.0,0.0,232.0,0.0,0.0,0.0,233.0,0.0,2.0,236.0,2772.2351483,0.0,353.0,0.0,0.0,742.0,1.0,0.0,1.0
0.0,0.0,0.0,157.0,25.0,0.0,88.0,0.0,1.0,157.0,0.0,245.0,0.0,0.0,245.0,0.0,0.0,0.0,0.0,0.0,0.0,0.0,1.0,157.0,2861.24998,0.0,88.0,0.0,0.0,245.0,1.0,0.0,1.0
0.0,2572.0,1.0,1515.0,154.0,0.0,1608.0,481.0,4.0,1515.0,771.0,3123.0,2572.0,514.0,0.0,0.0,517.0,514.0,0.0,0.0,481.0,0.0,4.0,252.0,2432.890599,0.0,1572.0,0.0,0.0,551.0,1.0,0.0,1.0
0.0,0.0,0.0,674.0,83.0,0.0,428.0,517.0,2.0,674.0,0.0,1102.0,0.0,0.0,0.0,1.0,516.0,0.0,0.0,0.0,517.0,0.0,2.0,236.0,2757.5701587,1102.0,430.0,0.0,0.0,1102.0,1.0,0.0,1.0
0.0,1220.0,1.0,420.0,123.0,0.0,800.0,19.0,1.0,420.0,263.0,1220.0,1220.0,244.0,0.0,0.0,19.0,244.0,0.0,0.0,19.0,0.0,1.0,176.0,2764.9711351,0.0,801.0,0.0,0.0,0.0,1.0,0.0,1.0
0.0,1838.0,1.0,593.0,82.0,0.0,1645.0,0.0,6.0,593.0,367.0,2238.0,1838.0,368.0,0.0,0.0,0.0,367.0,0.0,0.0,0.0,0.0,6.0,226.0,2316.7089353,0.0,1644.0,0.0,0.0,400.0,1.0,0.0,1.0
0.0,1134.0,1.0,463.0,85.0,0.0,671.0,0.0,2.0,463.0,226.0,1134.0,1134.0,226.0,0.0,0.0,0.0,226.0,0.0,0.0,0.0,0.0,2.0,157.0,2711.0247568,0.0,669.0,0.0,0.0,0.0,1.0,0.0,1.0
0.0,0.0,0.0,0.0,0.0,0.0,0.0,0.0,1.0,157.0,0.0,0.0,0.0,0.0,0.0,0.0,0.0,0.0,0.0,0.0,0.0,0.0,1.0,0.0,2878.4654027,0.0,0.0,0.0,0.0,0.0,1.0,0.0,1.0
0.0,0.0,0.0,334.0,91.0,0.0,569.0,177.0,1.0,334.0,0.0,903.0,0.0,0.0,0.0,1.0,177.0,0.0,0.0,0.0,177.0,0.0,1.0,235.0,2769.4343928,0.0,569.0,0.0,0.0,903.0,1.0,0.0,1.0
0.0,560.0,1.0,560.0,57.0,0.0,0.0,445.0,1.0,714.0,14.0,560.0,560.0,112.0,0.0,0.0,445.0,112.0,0.0,0.0,291.0,0.0,1.0,82.0,2878.4654027,0.0,0.0,0.0,0.0,0.0,1.0,0.0,1.0
0.0,0.0,0.0,206.0,77.0,0.0,554.0,49.0,1.0,206.0,0.0,760.0,0.0,0.0,0.0,0.0,49.0,0.0,0.0,1.0,49.0,0.0,1.0,206.0,2771.9848258,0.0,554.0,0.0,0.0,760.0,1.0,0.0,1.0
0.0,0.0,0.0,80.0,8.0,0.0,0.0,0.0,1.0,157.0,0.0,80.0,0.0,0.0,0.0,0.0,0.0,0.0,0.0,0.0,0.0,0.0,1.0,80.0,2878.4654027,0.0,0.0,0.0,0.0,80.0,1.0,0.0,1.0
0.0,1280.0,1.0,413.0,96.0,0.0,867.0,0.0,2.0,413.0,256.0,1280.0,1280.0,256.0,0.0,0.0,0.0,256.0,0.0,0.0,0.0,0.0,2.0,157.0,2673.4058704,0.0,867.0,0.0,0.0,0.0,1.0,0.0,1.0
0.0,961.0,1.0,768.0,127.0,0.0,493.0,419.0,1.0,768.0,288.0,1261.0,961.0,192.0,0.0,0.0,419.0,192.0,0.0,0.0,419.0,0.0,1.0,235.0,2784.0993824,0.0,493.0,0.0,0.0,300.0,1.0,0.0,1.0
0.0,0.0,0.0,217.0,16.0,0.0,0.0,295.0,2.0,452.0,0.0,217.0,0.0,0.0,0.0,0.0,295.0,0.0,0.0,0.0,60.0,0.0,2.0,0.0,2839.8216223,0.0,0.0,0.0,0.0,217.0,1.0,0.0,1.0
0.0,0.0,0.0,0.0,0.0,0.0,0.0,0.0,2.0,157.0,0.0,0.0,0.0,0.0,0.0,0.0,0.0,0.0,0.0,0.0,0.0,0.0,2.0,0.0,2839.8216223,0.0,0.0,0.0,0.0,0.0,1.0,0.0,1.0
0.0,0.0,0.0,595.0,85.0,0.0,1122.0,358.0,4.0,595.0,0.0,1717.0,0.0,0.0,0.0,0.0,358.0,0.0,0.0,0.0,358.0,0.0,4.0,252.0,2525.9814027,0.0,1121.0,0.0,0.0,1717.0,1.0,0.0,1.0
0.0,1526.0,1.0,990.0,83.0,0.0,696.0,517.0,4.0,990.0,456.0,1686.0,1526.0,305.0,0.0,0.0,517.0,305.0,0.0,0.0,517.0,0.0,4.0,250.0,2607.595258,0.0,695.0,0.0,0.0,160.0,1.0,0.0,1.0
0.0,0.0,0.0,0.0,0.0,0.0,0.0,0.0,1.0,157.0,0.0,0.0,0.0,0.0,0.0,0.0,0.0,0.0,0.0,0.0,0.0,0.0,1.0,0.0,2878.4654027,0.0,0.0,0.0,0.0,0.0,1.0,0.0,1.0
0.0,1320.0,1.0,421.0,99.0,0.0,899.0,0.0,2.0,421.0,264.0,1320.0,1320.0,264.0,0.0,0.0,0.0,264.0,0.0,0.0,0.0,0.0,2.0,157.0,2667.6673962,0.0,899.0,0.0,0.0,0.0,1.0,0.0,1.0
0.0,832.0,1.0,832.0,84.0,0.0,0.0,517.0,1.0,840.0,158.0,832.0,832.0,166.0,0.0,0.0,517.0,166.0,0.0,0.0,509.0,0.0,1.0,149.0,2878.4654027,0.0,0.0,0.0,0.0,0.0,1.0,0.0,1.0
0.0,1600.0,1.0,1063.0,59.0,0.0,537.0,517.0,6.0,1063.0,320.0,1600.0,1600.0,320.0,0.0,0.0,517.0,320.0,0.0,0.0,517.0,0.0,6.0,226.0,2528.3948725,0.0,537.0,0.0,0.0,0.0,1.0,0.0,1.0
0.0,50.0,1.0,50.0,2.0,0.0,0.0,0.0,5.0,207.0,0.0,50.0,50.0,10.0,0.0,0.0,0.0,10.0,0.0,0.0,0.0,0.0,5.0,40.0,2676.0696628,0.0,0.0,0.0,0.0,0.0,1.0,0.0,1.0
0.0,1400.0,1.0,437.0,83.0,0.0,963.0,0.0,3.0,437.0,280.0,1400.0,1400.0,280.0,0.0,0.0,0.0,280.0,0.0,0.0,0.0,0.0,3.0,157.0,2611.170585,0.0,963.0,0.0,0.0,0.0,1.0,0.0,1.0
0.0,0.0,0.0,157.0,15.0,0.0,43.0,0.0,2.0,157.0,0.0,200.0,0.0,0.0,0.0,0.0,0.0,0.0,0.0,0.0,0.0,0.0,2.0,157.0,2831.5327151,0.0,43.0,0.0,0.0,200.0,1.0,0.0,1.0
0.0,0.0,0.0,518.0,74.0,0.0,217.0,361.0,1.0,518.0,0.0,735.0,0.0,0.0,0.0,1.0,361.0,0.0,0.0,0.0,361.0,0.0,1.0,235.0,2836.3832585,735.0,217.0,0.0,0.0,735.0,1.0,0.0,1.0
0.0,1642.0,1.0,807.0,144.0,0.0,1118.0,322.0,2.0,807.0,492.0,1925.0,1642.0,328.0,0.0,0.0,322.0,328.0,0.0,0.0,322.0,0.0,2.0,235.0,2625.5852521,0.0,1118.0,0.0,0.0,283.0,1.0,0.0,1.0
0.0,0.0,0.0,498.0,54.0,0.0,228.0,341.0,2.0,498.0,0.0,726.0,0.0,0.0,0.0,1.0,341.0,0.0,0.0,0.0,341.0,0.0,2.0,236.0,2657.6867005,0.0,229.0,0.0,0.0,726.0,1.0,0.0,1.0
0.0,0.0,0.0,168.0,16.0,0.0,147.0,0.0,4.0,168.0,0.0,315.0,0.0,0.0,0.0,0.0,0.0,0.0,0.0,0.0,0.0,0.0,4.0,168.0,1993.3511464,0.0,147.0,0.0,0.0,315.0,1.0,0.0,1.0
0.0,0.0,0.0,0.0,0.0,0.0,0.0,325.0,1.0,482.0,0.0,0.0,0.0,0.0,0.0,0.0,0.0,0.0,0.0,0.0,0.0,0.0,1.0,0.0,2597.2772812,0.0,0.0,0.0,0.0,0.0,1.0,0.0,1.0
0.0,0.0,0.0,226.0,62.0,0.0,1680.0,0.0,7.0,226.0,0.0,1906.0,0.0,0.0,0.0,1.0,0.0,0.0,0.0,0.0,0.0,0.0,7.0,226.0,4431.8982829,0.0,1680.0,0.0,0.0,1906.0,1.0,0.0,1.0
0.0,0.0,0.0,296.0,74.0,0.0,439.0,139.0,1.0,296.0,0.0,735.0,0.0,0.0,0.0,0.0,139.0,0.0,0.0,1.0,139.0,0.0,1.0,235.0,3406.9677485,735.0,439.0,0.0,0.0,735.0,1.0,0.0,1.0
0.0,0.0,0.0,0.0,0.0,0.0,0.0,0.0,1.0,157.0,0.0,0.0,0.0,0.0,0.0,0.0,0.0,0.0,0.0,0.0,0.0,0.0,1.0,0.0,2597.2772812,0.0,0.0,0.0,0.0,0.0,1.0,0.0,1.0
0.0,1479.0,1.0,1038.0,54.0,0.0,441.0,517.0,6.0,1038.0,295.0,1479.0,1296.0,296.0,0.0,0.0,517.0,295.0,0.0,0.0,517.0,1.0,6.0,226.0,2114.169985,0.0,440.0,0.0,0.0,0.0,1.0,0.0,1.0
0.0,1462.0,1.0,449.0,87.0,0.0,1013.0,0.0,3.0,449.0,292.0,1462.0,0.0,292.0,0.0,0.0,0.0,292.0,0.0,0.0,0.0,2.0,3.0,157.0,3791.5493908,0.0,1013.0,0.0,0.0,0.0,1.0,0.0,1.0
0.0,0.0,0.0,0.0,0.0,0.0,0.0,0.0,1.0,157.0,0.0,0.0,0.0,0.0,0.0,0.0,0.0,0.0,0.0,0.0,0.0,0.0,1.0,0.0,2597.2772812,0.0,0.0,0.0,0.0,0.0,1.0,0.0,1.0
0.0,451.0,1.0,451.0,46.0,0.0,0.0,238.0,1.0,485.0,101.0,451.0,0.0,90.0,0.0,0.0,238.0,90.0,0.0,0.0,204.0,0.0,1.0,201.0,2597.2772812,0.0,0.0,0.0,0.0,0.0,1.0,0.0,1.0
0.0,0.0,0.0,684.0,149.0,0.0,795.0,452.0,1.0,684.0,0.0,1479.0,0.0,0.0,0.0,0.0,452.0,0.0,0.0,1.0,452.0,0.0,1.0,236.0,3689.1326083,0.0,796.0,0.0,0.0,1479.0,1.0,0.0,1.0
0.0,0.0,0.0,0.0,0.0,0.0,0.0,0.0,1.0,157.0,0.0,0.0,0.0,0.0,0.0,0.0,0.0,0.0,0.0,0.0,0.0,0.0,1.0,0.0,2597.2772812,0.0,0.0,0.0,0.0,0.0,1.0,0.0,1.0
0.0,0.0,0.0,168.0,72.0,0.0,1287.0,0.0,4.0,168.0,0.0,1455.0,0.0,0.0,0.0,0.0,0.0,0.0,0.0,0.0,0.0,0.0,4.0,168.0,4091.1855391,0.0,1287.0,0.0,0.0,1455.0,1.0,0.0,1.0
0.0,0.0,0.0,0.0,0.0,0.0,0.0,375.0,3.0,532.0,0.0,0.0,0.0,0.0,0.0,0.0,375.0,0.0,0.0,0.0,0.0,0.0,3.0,0.0,1926.8077085,0.0,0.0,0.0,0.0,0.0,1.0,0.0,1.0
0.0,1238.0,1.0,404.0,93.0,0.0,834.0,0.0,2.0,404.0,247.0,1238.0,1238.0,248.0,0.0,0.0,0.0,247.0,0.0,0.0,0.0,0.0,2.0,157.0,3774.0781024,0.0,833.0,0.0,0.0,0.0,1.0,0.0,1.0
0.0,0.0,0.0,316.0,49.0,0.0,174.0,159.0,1.0,316.0,0.0,490.0,0.0,0.0,0.0,1.0,159.0,0.0,0.0,0.0,159.0,0.0,1.0,236.0,2922.3802719,490.0,175.0,0.0,0.0,490.0,1.0,0.0,1.0
0.0,0.0,0.0,157.0,59.0,0.0,423.0,0.0,1.0,157.0,0.0,580.0,0.0,0.0,0.0,0.0,0.0,0.0,0.0,0.0,0.0,0.0,1.0,157.0,3376.2976551,0.0,423.0,0.0,0.0,580.0,1.0,0.0,1.0
0.0,0.0,0.0,307.0,77.0,0.0,451.0,150.0,1.0,307.0,0.0,758.0,0.0,0.0,0.0,0.0,150.0,0.0,0.0,1.0,150.0,1.0,1.0,236.0,3431.5038233,244.0,452.0,0.0,0.0,758.0,1.0,0.0,1.0
0.0,0.0,0.0,693.0,56.0,0.0,242.0,536.0,3.0,693.0,0.0,935.0,0.0,0.0,0.0,1.0,536.0,0.0,0.0,0.0,536.0,0.0,3.0,235.0,2374.591073,735.0,242.0,0.0,0.0,935.0,1.0,0.0,1.0
0.0,0.0,0.0,543.0,74.0,0.0,192.0,386.0,1.0,543.0,0.0,735.0,0.0,0.0,0.0,1.0,386.0,0.0,0.0,0.0,386.0,0.0,1.0,235.0,2953.0503653,735.0,192.0,0.0,0.0,735.0,1.0,0.0,1.0
0.0,0.0,0.0,327.0,24.0,327.0,0.0,485.0,2.0,642.0,0.0,327.0,0.0,0.0,0.0,0.0,485.0,0.0,1.0,0.0,170.0,0.0,2.0,0.0,2234.4394107,0.0,0.0,0.0,0.0,327.0,1.0,0.0,1.0
0.0,0.0,0.0,40.0,4.0,0.0,0.0,0.0,1.0,157.0,0.0,40.0,0.0,0.0,0.0,0.0,0.0,0.0,0.0,0.0,0.0,0.0,1.0,40.0,2597.2772812,0.0,0.0,0.0,0.0,40.0,1.0,0.0,1.0
0.0,0.0,0.0,258.0,76.0,0.0,497.0,101.0,1.0,258.0,0.0,755.0,0.0,0.0,0.0,0.0,101.0,0.0,0.0,1.0,101.0,0.0,1.0,235.0,3517.380085,170.0,497.0,0.0,0.0,755.0,1.0,0.0,1.0
0.0,0.0,0.0,312.0,76.0,0.0,443.0,155.0,1.0,312.0,0.0,755.0,0.0,0.0,0.0,1.0,155.0,0.0,0.0,0.0,155.0,0.0,1.0,235.0,3413.1017672,30.0,443.0,0.0,0.0,755.0,1.0,0.0,1.0
0.0,0.0,0.0,0.0,0.0,0.0,0.0,0.0,4.0,168.0,0.0,0.0,0.0,0.0,0.0,0.0,0.0,0.0,0.0,0.0,0.0,0.0,4.0,0.0,1717.3203053,0.0,0.0,0.0,0.0,0.0,1.0,0.0,1.0
0.0,245.0,1.0,245.0,18.0,0.0,0.0,517.0,2.0,723.0,0.0,245.0,0.0,49.0,0.0,0.0,517.0,49.0,0.0,0.0,39.0,0.0,2.0,0.0,2234.4394107,0.0,0.0,0.0,0.0,0.0,1.0,0.0,1.0
0.0,1700.0,1.0,1141.0,101.0,0.0,559.0,644.0,3.0,1141.0,510.0,1700.0,1700.0,340.0,0.0,0.0,644.0,340.0,0.0,1.0,644.0,1.0,3.0,236.0,2957.3228487,0.0,559.0,0.0,0.0,0.0,1.0,0.0,1.0
0.0,0.0,0.0,327.0,24.0,327.0,0.0,517.0,2.0,674.0,0.0,327.0,0.0,0.0,0.0,0.0,517.0,0.0,1.0,0.0,170.0,0.0,2.0,0.0,2234.4394107,0.0,0.0,0.0,0.0,327.0,1.0,0.0,1.0
0.0,0.0,0.0,0.0,0.0,0.0,0.0,0.0,3.0,157.0,0.0,0.0,0.0,0.0,0.0,0.0,0.0,0.0,0.0,0.0,0.0,0.0,3.0,0.0,1926.8077085,0.0,0.0,0.0,0.0,0.0,1.0,0.0,1.0
0.0,0.0,0.0,714.0,62.0,0.0,752.0,517.0,5.0,714.0,0.0,1466.0,0.0,0.0,0.0,0.0,517.0,0.0,0.0,0.0,517.0,0.0,5.0,197.0,2992.2654256,0.0,781.0,0.0,0.0,1466.0,1.0,0.0,1.0
0.0,0.0,0.0,0.0,0.0,0.0,0.0,0.0,2.0,157.0,0.0,0.0,0.0,0.0,0.0,0.0,0.0,0.0,0.0,0.0,0.0,0.0,2.0,0.0,2234.4394107,0.0,0.0,0.0,0.0,0.0,1.0,0.0,1.0
0.0,0.0,0.0,0.0,0.0,0.0,0.0,350.0,1.0,507.0,0.0,0.0,0.0,0.0,0.0,0.0,350.0,0.0,0.0,0.0,0.0,0.0,1.0,0.0,2597.2772812,0.0,0.0,0.0,0.0,0.0,1.0,0.0,1.0
0.0,0.0,0.0,0.0,0.0,0.0,0.0,40.0,1.0,197.0,0.0,0.0,0.0,0.0,0.0,0.0,0.0,0.0,0.0,0.0,0.0,0.0,1.0,0.0,2597.2772812,0.0,0.0,0.0,0.0,0.0,1.0,0.0,1.0
0.0,0.0,0.0,158.0,56.0,0.0,397.0,1.0,1.0,158.0,0.0,555.0,0.0,0.0,0.0,1.0,1.0,0.0,0.0,0.0,1.0,0.0,1.0,158.0,3333.3595242,0.0,397.0,0.0,0.0,555.0,1.0,0.0,1.0
0.0,285.0,1.0,285.0,12.0,0.0,0.0,310.0,5.0,564.0,0.0,285.0,285.0,57.0,0.0,0.0,309.0,57.0,0.0,0.0,31.0,0.0,5.0,17.0,1605.9772012,0.0,0.0,0.0,0.0,0.0,1.0,0.0,1.0
0.0,0.0,0.0,0.0,0.0,0.0,0.0,325.0,1.0,482.0,0.0,0.0,0.0,0.0,0.0,0.0,325.0,0.0,0.0,0.0,0.0,0.0,1.0,0.0,2597.2772812,0.0,0.0,0.0,0.0,0.0,1.0,0.0,1.0
0.0,1350.0,1.0,1046.0,136.0,0.0,304.0,349.0,1.0,1046.0,405.0,1350.0,1350.0,270.0,0.0,0.0,349.0,270.0,0.0,0.0,349.0,0.0,1.0,236.0,3161.6070008,0.0,304.0,0.0,0.0,0.0,1.0,0.0,1.0
0.0,1475.0,1.0,816.0,88.0,0.0,659.0,364.0,3.0,816.0,443.0,1475.0,1475.0,295.0,0.0,0.0,364.0,295.0,0.0,0.0,364.0,0.0,3.0,236.0,3141.3434095,0.0,660.0,0.0,0.0,0.0,1.0,0.0,1.0
0.0,0.0,0.0,593.0,94.0,0.0,342.0,436.0,1.0,593.0,0.0,935.0,0.0,0.0,0.0,0.0,436.0,0.0,0.0,1.0,436.0,0.0,1.0,235.0,3229.0812064,0.0,342.0,0.0,0.0,935.0,1.0,0.0,1.0
0.0,0.0,0.0,319.0,76.0,0.0,436.0,162.0,1.0,319.0,0.0,755.0,0.0,0.0,0.0,0.0,162.0,0.0,0.0,1.0,162.0,0.0,1.0,235.0,3400.8337298,221.0,436.0,0.0,0.0,755.0,1.0,0.0,1.0
0.0,0.0,0.0,0.0,0.0,0.0,0.0,0.0,2.0,157.0,0.0,0.0,0.0,0.0,0.0,0.0,0.0,0.0,0.0,0.0,0.0,0.0,2.0,0.0,2234.4394107,0.0,0.0,0.0,0.0,0.0,1.0,0.0,1.0
0.0,800.0,1.0,612.0,81.0,0.0,188.0,295.0,1.0,612.0,240.0,800.0,800.0,160.0,0.0,0.0,294.0,160.0,0.0,0.0,295.0,0.0,1.0,236.0,2946.9163466,0.0,189.0,0.0,0.0,0.0,1.0,0.0,1.0
0.0,0.0,0.0,0.0,0.0,0.0,0.0,517.0,5.0,714.0,0.0,0.0,0.0,0.0,0.0,0.0,517.0,0.0,0.0,0.0,0.0,0.0,5.0,0.0,1605.9772012,0.0,0.0,0.0,0.0,0.0,1.0,0.0,1.0
0.0,0.0,0.0,373.0,38.0,0.0,2.0,216.0,1.0,373.0,0.0,375.0,0.0,0.0,0.0,0.0,216.0,0.0,0.0,0.0,216.0,0.0,1.0,235.0,2603.4112999,0.0,2.0,0.0,0.0,375.0,1.0,0.0,1.0
0.0,0.0,0.0,735.0,27.0,0.0,0.0,671.0,6.0,897.0,0.0,735.0,0.0,0.0,0.0,1.0,671.0,0.0,0.0,0.0,509.0,0.0,6.0,177.0,1298.345499,735.0,0.0,0.0,0.0,735.0,1.0,0.0,1.0
0.0,0.0,0.0,157.0,23.0,0.0,74.0,0.0,1.0,157.0,0.0,231.0,0.0,0.0,0.0,0.0,0.0,0.0,0.0,0.0,0.0,0.0,1.0,157.0,2738.3597111,0.0,74.0,0.0,0.0,231.0,1.0,0.0,1.0
0.0,0.0,0.0,0.0,0.0,0.0,0.0,0.0,1.0,157.0,0.0,0.0,0.0,0.0,0.0,0.0,0.0,0.0,0.0,0.0,0.0,0.0,1.0,0.0,2597.2772812,0.0,0.0,0.0,0.0,0.0,1.0,0.0,1.0
0.0,320.0,1.0,320.0,14.0,0.0,0.0,271.0,5.0,532.0,0.0,320.0,320.0,64.0,0.0,0.0,256.0,64.0,0.0,0.0,59.0,0.0,5.0,84.0,1605.9772012,0.0,0.0,0.0,0.0,0.0,1.0,0.0,1.0
0.0,0.0,0.0,243.0,32.0,0.0,512.0,46.0,5.0,243.0,0.0,755.0,0.0,0.0,0.0,0.0,32.0,0.0,0.0,1.0,46.0,0.0,5.0,243.0,2550.6160798,222.0,556.0,0.0,0.0,755.0,1.0,0.0,1.0
0.0,1494.0,1.0,972.0,112.0,0.0,522.0,517.0,2.0,972.0,423.0,1494.0,1494.0,299.0,0.0,0.0,517.0,298.0,0.0,0.0,517.0,0.0,2.0,212.0,3197.4803453,0.0,521.0,0.0,0.0,0.0,1.0,0.0,1.0
0.0,684.0,1.0,684.0,34.0,0.0,0.0,517.0,4.0,821.0,0.0,684.0,684.0,137.0,0.0,0.0,517.0,136.0,0.0,0.0,380.0,0.0,4.0,31.0,1717.3203053,0.0,0.0,0.0,0.0,0.0,1.0,0.0,1.0
0.0,0.0,0.0,263.0,90.0,0.0,632.0,106.0,1.0,263.0,0.0,895.0,0.0,0.0,0.0,0.0,106.0,0.0,0.0,1.0,106.0,0.0,1.0,235.0,3689.1326083,0.0,632.0,0.0,0.0,895.0,1.0,0.0,1.0
0.0,0.0,0.0,0.0,0.0,0.0,0.0,0.0,1.0,157.0,0.0,0.0,0.0,0.0,0.0,0.0,0.0,0.0,0.0,0.0,0.0,0.0,1.0,0.0,2597.2772812,0.0,0.0,0.0,0.0,0.0,1.0,0.0,1.0
0.0,0.0,0.0,264.0,42.0,0.0,291.0,8.0,2.0,264.0,0.0,555.0,0.0,0.0,0.0,1.0,8.0,0.0,0.0,0.0,8.0,0.0,2.0,165.0,2774.2330556,0.0,292.0,0.0,0.0,555.0,1.0,0.0,1.0
0.0,0.0,0.0,157.0,109.0,0.0,918.0,0.0,1.0,157.0,0.0,1075.0,0.0,0.0,0.0,0.0,0.0,0.0,0.0,1.0,0.0,0.0,1.0,157.0,3689.1326083,0.0,918.0,0.0,0.0,1075.0,1.0,0.0,1.0
0.0,0.0,0.0,0.0,0.0,0.0,0.0,325.0,1.0,482.0,0.0,0.0,0.0,0.0,0.0,0.0,0.0,0.0,0.0,0.0,0.0,0.0,1.0,0.0,2597.2772812,0.0,0.0,0.0,0.0,0.0,1.0,0.0,1.0
0.0,0.0,0.0,0.0,0.0,0.0,0.0,0.0,1.0,157.0,0.0,0.0,0.0,0.0,0.0,0.0,0.0,0.0,0.0,1.0,0.0,1.0,1.0,0.0,2597.2772812,0.0,0.0,0.0,0.0,0.0,1.0,0.0,1.0
0.0,1550.0,1.0,698.0,116.0,0.0,852.0,153.0,2.0,698.0,463.0,1550.0,1550.0,310.0,0.0,0.0,153.0,310.0,0.0,0.0,153.0,0.0,2.0,236.0,3804.7481958,0.0,853.0,0.0,0.0,0.0,1.0,0.0,1.0
0.0,0.0,0.0,157.0,67.0,0.0,733.0,0.0,2.0,157.0,0.0,890.0,0.0,0.0,0.0,0.0,0.0,0.0,0.0,0.0,0.0,0.0,2.0,157.0,3583.9235229,0.0,733.0,0.0,0.0,890.0,1.0,0.0,1.0
0.0,0.0,0.0,168.0,61.0,327.0,1070.0,0.0,4.0,168.0,0.0,1238.0,0.0,0.0,0.0,0.0,0.0,0.0,1.0,2.0,0.0,1.0,4.0,168.0,3686.3403054,0.0,1070.0,0.0,0.0,1238.0,1.0,0.0,1.0
0.0,1880.0,1.0,533.0,112.0,0.0,1347.0,0.0,3.0,533.0,376.0,1880.0,1880.0,376.0,0.0,0.0,0.0,376.0,0.0,0.0,0.0,1.0,3.0,157.0,4411.0852787,0.0,1347.0,0.0,0.0,0.0,1.0,0.0,1.0
0.0,0.0,0.0,588.0,74.0,0.0,147.0,431.0,1.0,588.0,0.0,735.0,0.0,0.0,0.0,1.0,431.0,0.0,0.0,0.0,431.0,0.0,1.0,235.0,2873.3081223,735.0,147.0,0.0,0.0,735.0,1.0,0.0,1.0
0.0,1050.0,1.0,651.0,63.0,0.0,399.0,284.0,3.0,651.0,315.0,1050.0,1050.0,210.0,0.0,0.0,284.0,210.0,0.0,0.0,284.0,0.0,3.0,236.0,2662.8899515,0.0,399.0,0.0,0.0,0.0,1.0,0.0,1.0
0.0,0.0,0.0,464.0,80.0,0.0,326.0,307.0,1.0,464.0,0.0,790.0,0.0,0.0,0.0,0.0,307.0,0.0,0.0,1.0,307.0,0.0,1.0,236.0,3198.411113,0.0,327.0,0.0,0.0,790.0,1.0,0.0,1.0
0.0,1751.0,1.0,805.0,104.0,0.0,946.0,298.0,3.0,805.0,525.0,1751.0,1751.0,350.0,0.0,0.0,298.0,350.0,0.0,0.0,298.0,0.0,3.0,235.0,3668.869017,0.0,945.0,0.0,0.0,0.0,1.0,0.0,1.0
0.0,0.0,0.0,50.0,2.0,0.0,0.0,0.0,4.0,168.0,0.0,50.0,0.0,0.0,0.0,0.0,0.0,0.0,0.0,0.0,0.0,0.0,4.0,50.0,1717.3203053,0.0,0.0,0.0,0.0,50.0,1.0,0.0,1.0
0.0,0.0,0.0,0.0,0.0,0.0,0.0,0.0,1.0,157.0,0.0,0.0,0.0,0.0,0.0,0.0,0.0,0.0,0.0,0.0,0.0,0.0,1.0,0.0,2597.2772812,0.0,0.0,0.0,0.0,0.0,1.0,0.0,1.0
0.0,1202.0,1.0,1202.0,90.0,0.0,0.0,490.0,2.0,1733.0,0.0,1202.0,1202.0,240.0,0.0,0.0,490.0,240.0,0.0,0.0,0.0,0.0,2.0,0.0,2234.4394107,0.0,0.0,0.0,0.0,0.0,1.0,0.0,1.0
0.0,1108.0,1.0,853.0,112.0,0.0,255.0,475.0,1.0,853.0,331.0,1108.0,1108.0,222.0,0.0,0.0,475.0,221.0,0.0,0.0,475.0,0.0,1.0,235.0,3069.5967205,0.0,254.0,0.0,0.0,0.0,1.0,0.0,1.0
0.0,0.0,0.0,0.0,0.0,0.0,0.0,0.0,1.0,157.0,0.0,0.0,0.0,0.0,0.0,0.0,0.0,0.0,0.0,0.0,0.0,0.0,1.0,0.0,2597.2772812,0.0,0.0,0.0,0.0,0.0,1.0,0.0,1.0
0.0,0.0,0.0,583.0,76.0,0.0,172.0,426.0,1.0,583.0,0.0,755.0,0.0,0.0,0.0,1.0,426.0,0.0,0.0,0.0,426.0,0.0,1.0,235.0,2916.2462532,293.0,172.0,0.0,0.0,755.0,1.0,0.0,1.0
0.0,0.0,0.0,0.0,0.0,0.0,0.0,0.0,1.0,157.0,0.0,0.0,0.0,0.0,0.0,0.0,0.0,0.0,0.0,0.0,0.0,0.0,1.0,0.0,2597.2772812,0.0,0.0,0.0,0.0,0.0,1.0,0.0,1.0
0.0,0.0,0.0,303.0,74.0,0.0,432.0,146.0,1.0,303.0,0.0,735.0,0.0,0.0,0.0,1.0,146.0,0.0,0.0,0.0,146.0,0.0,1.0,235.0,3394.6997111,735.0,432.0,0.0,0.0,735.0,1.0,0.0,1.0
0.0,0.0,0.0,356.0,24.0,409.0,53.0,199.0,3.0,356.0,0.0,409.0,0.0,0.0,0.0,0.0,199.0,0.0,1.0,0.0,199.0,0.0,3.0,235.0,2024.9520076,0.0,53.0,0.0,0.0,409.0,1.0,0.0,1.0
0.0,0.0,0.0,168.0,13.0,0.0,92.0,0.0,4.0,168.0,0.0,260.0,0.0,0.0,0.0,0.0,0.0,0.0,0.0,0.0,0.0,0.0,4.0,168.0,1889.0728287,0.0,92.0,0.0,0.0,260.0,1.0,0.0,1.0
0.0,1512.0,1.0,968.0,64.0,0.0,544.0,469.0,5.0,968.0,453.0,1512.0,1512.0,303.0,0.0,0.0,469.0,302.0,0.0,0.0,469.0,0.0,5.0,296.0,2611.9562667,0.0,543.0,0.0,0.0,0.0,1.0,0.0,1.0
0.0,0.0,0.0,0.0,0.0,0.0,0.0,0.0,1.0,157.0,0.0,0.0,0.0,0.0,0.0,0.0,0.0,0.0,0.0,0.0,0.0,0.0,1.0,0.0,2597.2772812,0.0,0.0,0.0,0.0,0.0,1.0,0.0,1.0
0.0,0.0,0.0,0.0,0.0,0.0,0.0,0.0,1.0,157.0,0.0,0.0,0.0,0.0,0.0,0.0,0.0,0.0,0.0,0.0,0.0,0.0,1.0,0.0,2597.2772812,0.0,0.0,0.0,0.0,0.0,1.0,0.0,1.0
0.0,1375.0,1.0,1086.0,103.0,0.0,289.0,454.0,2.0,1086.0,413.0,1375.0,1375.0,275.0,0.0,0.0,453.0,275.0,0.0,0.0,454.0,0.0,2.0,236.0,2549.2325665,0.0,290.0,0.0,0.0,0.0,1.0,0.0,1.0
0.0,2270.0,1.0,867.0,135.0,0.0,1403.0,256.0,3.0,867.0,681.0,2270.0,2270.0,454.0,0.0,0.0,256.0,454.0,0.0,0.0,256.0,0.0,3.0,236.0,2489.8651341,0.0,1403.0,0.0,0.0,0.0,1.0,0.0,1.0
0.0,0.0,0.0,421.0,76.0,0.0,334.0,264.0,1.0,421.0,0.0,755.0,0.0,0.0,0.0,1.0,264.0,0.0,0.0,0.0,264.0,0.0,1.0,235.0,2725.9441888,154.0,335.0,0.0,0.0,755.0,1.0,0.0,1.0
0.0,0.0,0.0,0.0,0.0,0.0,0.0,0.0,2.0,157.0,0.0,0.0,0.0,0.0,0.0,0.0,0.0,0.0,0.0,0.0,0.0,0.0,2.0,0.0,2520.6360835,0.0,0.0,0.0,0.0,0.0,1.0,0.0,1.0
0.0,1335.0,1.0,941.0,79.0,0.0,394.0,517.0,3.0,941.0,278.0,1335.0,1335.0,267.0,0.0,0.0,517.0,267.0,0.0,0.0,517.0,0.0,3.0,157.0,2390.5991809,0.0,394.0,0.0,0.0,0.0,1.0,0.0,1.0
0.0,0.0,0.0,0.0,0.0,0.0,0.0,325.0,1.0,482.0,0.0,0.0,0.0,0.0,0.0,0.0,325.0,0.0,0.0,0.0,0.0,0.0,1.0,0.0,2692.7459727,0.0,0.0,0.0,0.0,0.0,1.0,0.0,1.0
0.0,853.0,1.0,436.0,96.0,0.0,1173.0,0.0,3.0,436.0,170.0,1609.0,853.0,171.0,0.0,0.0,0.0,170.0,0.0,0.0,0.0,0.0,3.0,157.0,2467.1851647,0.0,1172.0,0.0,0.0,756.0,1.0,0.0,1.0
0.0,0.0,0.0,0.0,0.0,0.0,0.0,0.0,1.0,157.0,0.0,0.0,0.0,0.0,0.0,0.0,0.0,0.0,0.0,0.0,0.0,0.0,1.0,0.0,2692.7459727,0.0,0.0,0.0,0.0,0.0,1.0,0.0,1.0
0.0,0.0,0.0,0.0,0.0,0.0,0.0,0.0,1.0,157.0,0.0,0.0,0.0,0.0,0.0,0.0,0.0,0.0,0.0,0.0,0.0,0.0,1.0,0.0,2692.7459727,0.0,0.0,0.0,0.0,0.0,1.0,0.0,1.0
0.0,0.0,0.0,168.0,24.0,493.0,325.0,0.0,4.0,168.0,0.0,493.0,0.0,0.0,0.0,0.0,0.0,0.0,1.0,0.0,0.0,0.0,4.0,168.0,2219.8040724,0.0,325.0,0.0,0.0,493.0,1.0,0.0,1.0
0.0,0.0,0.0,728.0,76.0,0.0,27.0,571.0,1.0,728.0,0.0,755.0,0.0,0.0,0.0,0.0,571.0,0.0,0.0,1.0,571.0,0.0,1.0,235.0,2695.7042296,486.0,27.0,0.0,0.0,755.0,1.0,0.0,1.0
0.0,1329.0,1.0,635.0,62.0,0.0,823.0,173.0,5.0,635.0,397.0,1458.0,1329.0,266.0,0.0,0.0,173.0,265.0,0.0,0.0,173.0,0.0,5.0,295.0,2110.1462728,0.0,822.0,0.0,0.0,129.0,1.0,0.0,1.0
0.0,577.0,1.0,419.0,72.0,0.0,1043.0,136.0,4.0,419.0,173.0,1462.0,577.0,116.0,0.0,0.0,136.0,115.0,0.0,0.0,136.0,0.0,4.0,252.0,2290.4735425,0.0,1044.0,0.0,0.0,885.0,1.0,0.0,1.0
0.0,202.0,1.0,197.0,15.0,0.0,5.0,0.0,2.0,197.0,40.0,202.0,0.0,40.0,0.0,0.0,0.0,40.0,0.0,0.0,0.0,0.0,2.0,157.0,2521.2934738,0.0,5.0,0.0,0.0,0.0,1.0,0.0,1.0
0.0,1675.0,1.0,1168.0,65.0,0.0,599.0,167.0,6.0,1168.0,502.0,1767.0,1675.0,335.0,0.0,0.0,167.0,335.0,0.0,0.0,167.0,0.0,6.0,339.0,1918.9720616,0.0,599.0,0.0,0.0,92.0,1.0,0.0,1.0
0.0,934.0,1.0,644.0,46.0,0.0,290.0,290.0,4.0,644.0,279.0,934.0,934.0,187.0,0.0,0.0,290.0,186.0,0.0,0.0,290.0,1.0,4.0,252.0,2216.1884251,0.0,289.0,0.0,0.0,0.0,1.0,0.0,1.0
0.0,0.0,0.0,0.0,0.0,0.0,0.0,0.0,1.0,157.0,0.0,0.0,0.0,0.0,0.0,0.0,0.0,0.0,0.0,0.0,0.0,0.0,1.0,0.0,2692.7459727,0.0,0.0,0.0,0.0,0.0,1.0,0.0,1.0
0.0,0.0,0.0,157.0,15.0,0.0,43.0,0.0,2.0,157.0,0.0,200.0,0.0,0.0,0.0,0.0,0.0,0.0,0.0,0.0,0.0,0.0,2.0,157.0,2524.9091211,0.0,43.0,0.0,0.0,200.0,1.0,0.0,1.0
0.0,0.0,0.0,344.0,76.0,0.0,411.0,187.0,1.0,344.0,0.0,755.0,0.0,0.0,0.0,1.0,187.0,0.0,0.0,0.0,187.0,0.0,1.0,235.0,2733.5041787,250.0,411.0,0.0,0.0,755.0,1.0,0.0,1.0
0.0,0.0,0.0,362.0,101.0,0.0,636.0,205.0,1.0,362.0,0.0,998.0,0.0,0.0,0.0,0.0,205.0,0.0,0.0,1.0,205.0,0.0,1.0,236.0,2751.25372,0.0,637.0,0.0,0.0,998.0,1.0,0.0,1.0
0.0,0.0,0.0,193.0,74.0,0.0,542.0,36.0,1.0,193.0,0.0,735.0,0.0,0.0,0.0,1.0,36.0,0.0,0.0,0.0,36.0,0.0,1.0,193.0,2746.3232917,735.0,542.0,0.0,0.0,735.0,1.0,0.0,1.0
0.0,0.0,0.0,342.0,23.0,0.0,45.0,185.0,3.0,342.0,0.0,387.0,0.0,0.0,0.0,0.0,185.0,0.0,0.0,0.0,185.0,0.0,3.0,235.0,2356.0861838,0.0,45.0,0.0,0.0,387.0,1.0,0.0,1.0
0.0,0.0,0.0,0.0,0.0,0.0,0.0,0.0,1.0,157.0,0.0,0.0,0.0,0.0,0.0,0.0,0.0,0.0,0.0,0.0,0.0,0.0,1.0,0.0,2692.7459727,0.0,0.0,0.0,0.0,0.0,1.0,0.0,1.0
0.0,2445.0,1.0,715.0,90.0,0.0,1730.0,0.0,6.0,715.0,489.0,2445.0,2445.0,489.0,0.0,0.0,0.0,489.0,0.0,1.0,0.0,2.0,6.0,226.0,2030.3997374,0.0,1730.0,0.0,0.0,0.0,1.0,0.0,1.0
0.0,0.0,0.0,60.0,4.0,0.0,0.0,325.0,2.0,482.0,0.0,60.0,0.0,0.0,0.0,0.0,0.0,0.0,0.0,0.0,0.0,0.0,2.0,0.0,2520.6360835,0.0,0.0,0.0,0.0,60.0,1.0,0.0,1.0
0.0,1126.0,1.0,544.0,114.0,0.0,582.0,162.0,1.0,544.0,337.0,1126.0,1126.0,225.0,0.0,0.0,162.0,225.0,0.0,0.0,162.0,0.0,1.0,235.0,2750.2676343,0.0,582.0,0.0,0.0,0.0,1.0,0.0,1.0
0.0,0.0,0.0,649.0,66.0,0.0,0.0,782.0,1.0,939.0,0.0,649.0,0.0,0.0,0.0,0.0,782.0,0.0,0.0,1.0,492.0,0.0,1.0,0.0,2692.7459727,0.0,0.0,0.0,0.0,649.0,1.0,0.0,1.0
0.0,0.0,0.0,735.0,74.0,0.0,0.0,666.0,1.0,823.0,0.0,735.0,0.0,0.0,0.0,1.0,666.0,0.0,0.0,0.0,578.0,0.0,1.0,147.0,2692.7459727,735.0,0.0,0.0,0.0,735.0,1.0,0.0,1.0
0.0,0.0,0.0,436.0,76.0,0.0,319.0,279.0,1.0,436.0,0.0,755.0,0.0,0.0,0.0,0.0,279.0,0.0,0.0,1.0,279.0,0.0,1.0,235.0,2724.3007129,409.0,319.0,0.0,0.0,755.0,1.0,0.0,1.0
0.0,0.0,0.0,0.0,0.0,0.0,0.0,0.0,3.0,157.0,0.0,0.0,0.0,0.0,0.0,0.0,0.0,0.0,0.0,0.0,0.0,0.0,3.0,0.0,2351.4844511,0.0,0.0,0.0,0.0,0.0,1.0,0.0,1.0
0.0,0.0,0.0,330.0,65.0,0.0,540.0,173.0,2.0,330.0,0.0,870.0,0.0,0.0,0.0,0.0,173.0,0.0,0.0,0.0,173.0,0.0,2.0,236.0,2573.8847072,0.0,540.0,0.0,0.0,870.0,1.0,0.0,1.0
0.0,1946.0,1.0,1875.0,82.0,0.0,71.0,517.0,5.0,1875.0,489.0,1946.0,1946.0,389.0,0.0,0.0,517.0,389.0,0.0,0.0,517.0,1.0,5.0,201.0,2036.1898509,0.0,71.0,0.0,0.0,0.0,1.0,0.0,1.0
0.0,0.0,0.0,568.0,74.0,0.0,167.0,411.0,1.0,568.0,0.0,735.0,0.0,0.0,0.0,1.0,411.0,0.0,0.0,0.0,411.0,0.0,1.0,235.0,2709.5094284,735.0,167.0,0.0,0.0,735.0,1.0,0.0,1.0
0.0,0.0,0.0,0.0,0.0,0.0,0.0,0.0,1.0,157.0,0.0,0.0,0.0,0.0,0.0,0.0,0.0,0.0,0.0,0.0,0.0,0.0,1.0,0.0,2692.7459727,0.0,0.0,0.0,0.0,0.0,1.0,0.0,1.0
0.0,1848.0,1.0,733.0,78.0,0.0,1115.0,167.0,5.0,733.0,536.0,1848.0,144.0,370.0,0.0,0.0,167.0,369.0,0.0,0.0,167.0,0.0,5.0,295.0,2139.0714513,0.0,1114.0,0.0,0.0,0.0,1.0,0.0,1.0
0.0,1464.0,1.0,802.0,87.0,0.0,662.0,286.0,3.0,802.0,438.0,1464.0,1464.0,293.0,0.0,0.0,287.0,292.0,0.0,0.0,286.0,0.0,3.0,235.0,2416.8947977,0.0,660.0,0.0,0.0,0.0,1.0,0.0,1.0
0.0,1641.0,1.0,828.0,92.0,0.0,1341.0,303.0,5.0,828.0,492.0,2169.0,0.0,328.0,0.0,0.0,303.0,328.0,0.0,0.0,303.0,1.0,5.0,295.0,2161.4227256,0.0,1341.0,0.0,0.0,528.0,1.0,0.0,1.0
0.0,0.0,0.0,523.0,74.0,0.0,212.0,366.0,1.0,523.0,0.0,735.0,0.0,0.0,0.0,1.0,366.0,0.0,0.0,0.0,366.0,0.0,1.0,235.0,2713.7824662,735.0,212.0,0.0,0.0,735.0,1.0,0.0,1.0
0.0,0.0,0.0,319.0,76.0,0.0,438.0,162.0,1.0,319.0,0.0,757.0,0.0,0.0,0.0,0.0,162.0,0.0,0.0,1.0,162.0,0.0,1.0,235.0,2736.1337402,0.0,438.0,0.0,0.0,757.0,1.0,0.0,1.0
0.0,0.0,0.0,157.0,76.0,0.0,598.0,0.0,1.0,157.0,0.0,755.0,0.0,0.0,0.0,0.0,0.0,0.0,0.0,1.0,0.0,0.0,1.0,157.0,2751.25372,142.0,598.0,0.0,0.0,755.0,1.0,0.0,1.0
0.0,0.0,0.0,168.0,14.0,0.0,112.0,0.0,4.0,168.0,0.0,280.0,0.0,0.0,0.0,0.0,0.0,0.0,0.0,0.0,0.0,0.0,4.0,168.0,2198.7675791,0.0,111.0,0.0,0.0,280.0,1.0,0.0,1.0
0.0,450.0,1.0,423.0,41.0,0.0,122.0,176.0,2.0,423.0,135.0,545.0,450.0,90.0,0.0,0.0,176.0,90.0,0.0,0.0,176.0,0.0,2.0,235.0,2532.7978062,0.0,122.0,0.0,0.0,95.0,1.0,0.0,1.0
0.0,0.0,0.0,443.0,74.0,0.0,292.0,286.0,1.0,443.0,0.0,735.0,0.0,0.0,0.0,1.0,286.0,0.0,0.0,0.0,286.0,0.0,1.0,235.0,2721.671151,735.0,292.0,0.0,0.0,735.0,1.0,0.0,1.0
0.0,1866.0,1.0,892.0,120.0,0.0,1124.0,362.0,3.0,892.0,559.0,2016.0,1866.0,373.0,0.0,0.0,362.0,373.0,0.0,0.0,362.0,0.0,3.0,235.0,2462.5834318,0.0,1124.0,0.0,0.0,150.0,1.0,0.0,1.0
0.0,0.0,0.0,245.0,25.0,0.0,0.0,296.0,1.0,453.0,0.0,245.0,0.0,0.0,245.0,0.0,296.0,0.0,0.0,1.0,88.0,0.0,1.0,27.0,2692.7459727,0.0,0.0,0.0,0.0,245.0,1.0,0.0,1.0
0.0,1421.0,1.0,510.0,61.0,0.0,1352.0,0.0,7.0,510.0,284.0,1862.0,1421.0,284.0,0.0,0.0,0.0,284.0,0.0,0.0,0.0,0.0,7.0,226.0,1842.8411733,0.0,1351.0,0.0,0.0,441.0,1.0,0.0,1.0
0.0,0.0,0.0,272.0,77.0,327.0,755.0,115.0,2.0,272.0,0.0,1027.0,0.0,0.0,0.0,0.0,115.0,0.0,1.0,0.0,115.0,0.0,2.0,235.0,2595.249896,0.0,755.0,0.0,0.0,1027.0,1.0,0.0,1.0
0.0,0.0,0.0,180.0,7.0,0.0,0.0,505.0,6.0,731.0,0.0,180.0,0.0,0.0,0.0,0.0,505.0,0.0,0.0,0.0,0.0,0.0,6.0,0.0,1859.8069239,0.0,0.0,0.0,0.0,180.0,1.0,0.0,1.0
0.0,1134.0,1.0,598.0,115.0,0.0,536.0,215.0,1.0,598.0,339.0,1134.0,1134.0,227.0,0.0,0.0,215.0,226.0,0.0,0.0,215.0,0.0,1.0,236.0,2745.6659014,0.0,535.0,0.0,0.0,0.0,1.0,0.0,1.0
0.0,1442.0,1.0,603.0,71.0,0.0,839.0,147.0,4.0,603.0,432.0,1442.0,1442.0,288.0,0.0,0.0,147.0,288.0,0.0,0.0,147.0,0.0,4.0,252.0,2270.4231347,0.0,838.0,0.0,0.0,0.0,1.0,0.0,1.0
0.0,822.0,1.0,835.0,67.0,73.0,60.0,497.0,2.0,835.0,246.0,895.0,822.0,164.0,0.0,0.0,497.0,164.0,1.0,0.0,497.0,0.0,2.0,236.0,2526.5525971,0.0,59.0,0.0,0.0,73.0,1.0,0.0,1.0
0.0,0.0,0.0,332.0,87.0,0.0,526.0,175.0,1.0,332.0,0.0,858.0,0.0,0.0,0.0,1.0,175.0,0.0,0.0,0.0,175.0,0.0,1.0,236.0,2744.6798156,0.0,527.0,0.0,0.0,858.0,1.0,0.0,1.0
0.0,0.0,0.0,0.0,0.0,0.0,0.0,0.0,1.0,157.0,0.0,0.0,0.0,0.0,0.0,0.0,0.0,0.0,0.0,0.0,0.0,0.0,1.0,0.0,2692.7459727,0.0,0.0,0.0,0.0,0.0,1.0,0.0,1.0
0.0,2420.0,1.0,891.0,102.0,0.0,1529.0,210.0,5.0,891.0,694.0,2420.0,2420.0,484.0,0.0,0.0,210.0,484.0,0.0,0.0,210.0,0.0,5.0,296.0,2179.8296573,0.0,1529.0,0.0,0.0,0.0,1.0,0.0,1.0
0.0,0.0,0.0,157.0,28.0,0.0,305.0,0.0,3.0,157.0,0.0,462.0,0.0,0.0,0.0,0.0,0.0,0.0,0.0,0.0,0.0,0.0,3.0,157.0,2381.7244102,0.0,305.0,0.0,0.0,462.0,1.0,0.0,1.0
0.0,2042.0,1.0,1146.0,101.0,0.0,896.0,392.0,4.0,1146.0,612.0,2042.0,2042.0,408.0,0.0,0.0,392.0,408.0,0.0,0.0,392.0,0.0,4.0,252.0,2276.0109532,0.0,896.0,0.0,0.0,0.0,1.0,0.0,1.0
0.0,328.0,1.0,328.0,33.0,0.0,0.0,272.0,1.0,494.0,0.0,328.0,328.0,66.0,0.0,0.0,311.0,65.0,0.0,0.0,106.0,0.0,1.0,69.0,2692.7459727,0.0,0.0,0.0,0.0,0.0,1.0,0.0,1.0
0.0,788.0,1.0,314.0,112.0,0.0,1562.0,0.0,3.0,314.0,157.0,1876.0,788.0,158.0,0.0,0.0,0.0,157.0,0.0,0.0,0.0,0.0,3.0,157.0,2505.6425041,0.0,1561.0,0.0,0.0,1088.0,1.0,0.0,1.0
0.0,0.0,0.0,0.0,0.0,0.0,0.0,0.0,1.0,157.0,0.0,0.0,0.0,0.0,0.0,0.0,0.0,0.0,0.0,0.0,0.0,0.0,1.0,0.0,2692.7459727,0.0,0.0,0.0,0.0,0.0,1.0,0.0,1.0
0.0,1206.0,1.0,456.0,90.0,0.0,750.0,0.0,2.0,456.0,241.0,1206.0,1206.0,241.0,0.0,0.0,0.0,241.0,0.0,0.0,0.0,0.0,2.0,157.0,2594.5925055,0.0,750.0,0.0,0.0,0.0,1.0,0.0,1.0
0.0,840.0,1.0,656.0,50.0,0.0,184.0,331.0,3.0,656.0,252.0,840.0,840.0,168.0,0.0,0.0,331.0,168.0,0.0,0.0,331.0,0.0,3.0,236.0,2369.8913827,0.0,184.0,0.0,0.0,0.0,1.0,0.0,1.0
0.0,0.0,0.0,468.0,74.0,0.0,267.0,311.0,1.0,468.0,0.0,735.0,0.0,0.0,0.0,1.0,311.0,0.0,0.0,0.0,311.0,0.0,1.0,235.0,2719.3702846,735.0,267.0,0.0,0.0,735.0,1.0,0.0,1.0
0.0,0.0,0.0,739.0,85.0,0.0,105.0,582.0,1.0,739.0,0.0,844.0,0.0,0.0,0.0,0.0,582.0,0.0,0.0,1.0,582.0,0.0,1.0,236.0,2703.2642194,0.0,106.0,0.0,0.0,844.0,1.0,0.0,1.0
0.0,0.0,0.0,157.0,74.0,0.0,578.0,0.0,1.0,157.0,0.0,735.0,0.0,0.0,0.0,0.0,0.0,0.0,0.0,1.0,0.0,0.0,1.0,157.0,2749.9389392,735.0,578.0,0.0,0.0,735.0,1.0,0.0,1.0
0.0,754.0,1.0,754.0,56.0,0.0,0.0,517.0,2.0,824.0,80.0,754.0,754.0,151.0,0.0,0.0,517.0,150.0,0.0,0.0,447.0,0.0,2.0,87.0,2520.6360833,0.0,0.0,0.0,0.0,0.0,1.0,0.0,1.0
0.0,0.0,0.0,354.0,33.0,0.0,322.0,186.0,4.0,354.0,0.0,676.0,0.0,0.0,0.0,0.0,186.0,0.0,0.0,0.0,186.0,0.0,4.0,252.0,2219.4753773,0.0,322.0,0.0,0.0,676.0,1.0,0.0,1.0
0.0,0.0,0.0,157.0,74.0,0.0,578.0,0.0,1.0,157.0,0.0,735.0,0.0,0.0,0.0,1.0,0.0,0.0,0.0,0.0,0.0,0.0,1.0,157.0,2749.9389392,735.0,578.0,0.0,0.0,735.0,1.0,0.0,1.0
0.0,0.0,0.0,157.0,69.0,0.0,1008.0,0.0,3.0,157.0,0.0,1165.0,0.0,0.0,0.0,0.0,0.0,0.0,0.0,1.0,0.0,0.0,3.0,157.0,2451.0790994,0.0,1008.0,0.0,0.0,1165.0,1.0,0.0,1.0
0.0,1200.0,1.0,437.0,51.0,0.0,763.0,0.0,5.0,437.0,240.0,1200.0,0.0,240.0,0.0,0.0,0.0,240.0,0.0,0.0,0.0,0.0,5.0,197.0,2104.2297592,0.0,763.0,0.0,0.0,0.0,1.0,0.0,1.0
0.0,0.0,0.0,543.0,74.0,0.0,192.0,386.0,1.0,543.0,0.0,735.0,0.0,0.0,0.0,0.0,386.0,0.0,0.0,1.0,386.0,0.0,1.0,235.0,2711.8102946,735.0,192.0,0.0,0.0,735.0,1.0,0.0,1.0
0.0,1264.0,1.0,409.0,97.0,0.0,1219.0,0.0,3.0,409.0,252.0,1628.0,1264.0,253.0,0.0,0.0,0.0,252.0,0.0,0.0,0.0,0.0,3.0,157.0,2471.7868975,0.0,1218.0,0.0,0.0,364.0,1.0,0.0,1.0
0.0,1316.0,1.0,797.0,78.0,0.0,519.0,377.0,3.0,797.0,394.0,1316.0,1316.0,263.0,0.0,0.0,377.0,263.0,0.0,0.0,377.0,0.0,3.0,235.0,2402.7609036,0.0,519.0,0.0,0.0,0.0,1.0,0.0,1.0
0.0,0.0,0.0,223.0,109.0,0.0,852.0,66.0,1.0,223.0,0.0,1075.0,0.0,0.0,0.0,0.0,66.0,0.0,0.0,1.0,66.0,0.0,1.0,223.0,2751.2537198,0.0,852.0,0.0,0.0,1075.0,1.0,0.0,1.0
0.0,0.0,0.0,352.0,103.0,0.0,666.0,195.0,1.0,352.0,0.0,1018.0,0.0,0.0,0.0,1.0,195.0,0.0,0.0,0.0,195.0,0.0,1.0,236.0,2751.2537198,0.0,666.0,0.0,0.0,1018.0,1.0,0.0,1.0
0.0,0.0,0.0,161.0,98.0,0.0,809.0,4.0,1.0,161.0,0.0,970.0,0.0,0.0,0.0,0.0,4.0,0.0,0.0,1.0,4.0,0.0,1.0,161.0,2751.2537198,0.0,809.0,0.0,0.0,970.0,1.0,0.0,1.0
0.0,0.0,0.0,317.0,36.0,0.0,170.0,160.0,2.0,317.0,0.0,487.0,0.0,0.0,0.0,0.0,160.0,0.0,0.0,1.0,160.0,0.0,2.0,235.0,2537.3995391,0.0,170.0,0.0,0.0,487.0,1.0,0.0,1.0
0.0,963.0,1.0,349.0,95.0,0.0,917.0,0.0,2.0,349.0,192.0,1266.0,0.0,193.0,0.0,0.0,0.0,192.0,0.0,0.0,0.0,0.0,2.0,157.0,2611.355961,0.0,917.0,0.0,0.0,303.0,1.0,0.0,1.0
0.0,608.0,1.0,608.0,61.0,0.0,0.0,375.0,1.0,653.0,136.0,608.0,0.0,122.0,0.0,0.0,375.0,121.0,0.0,1.0,330.0,0.0,1.0,190.0,2692.7459727,0.0,0.0,0.0,0.0,0.0,1.0,0.0,1.0
0.0,1954.0,1.0,675.0,116.0,0.0,1279.0,128.0,3.0,675.0,518.0,1954.0,1954.0,391.0,0.0,0.0,128.0,390.0,0.0,0.0,128.0,0.0,3.0,236.0,2477.7034113,0.0,1278.0,0.0,0.0,0.0,1.0,0.0,1.0
0.0,0.0,0.0,443.0,74.0,0.0,292.0,286.0,1.0,443.0,0.0,735.0,0.0,0.0,0.0,1.0,286.0,0.0,0.0,0.0,286.0,0.0,1.0,235.0,2721.6711512,735.0,292.0,0.0,0.0,735.0,1.0,0.0,1.0
0.0,524.0,1.0,470.0,53.0,0.0,54.0,209.0,1.0,470.0,156.0,524.0,524.0,105.0,0.0,0.0,209.0,104.0,0.0,0.0,209.0,0.0,1.0,236.0,2698.3337913,0.0,53.0,0.0,0.0,0.0,1.0,0.0,1.0
0.0,0.0,0.0,0.0,0.0,0.0,0.0,0.0,1.0,157.0,0.0,0.0,0.0,0.0,0.0,0.0,0.0,0.0,0.0,0.0,0.0,0.0,1.0,0.0,2692.7459727,0.0,0.0,0.0,0.0,0.0,1.0,0.0,1.0
0.0,0.0,0.0,548.0,107.0,0.0,516.0,391.0,1.0,548.0,0.0,1064.0,0.0,0.0,0.0,0.0,391.0,0.0,0.0,1.0,391.0,0.0,1.0,236.0,2743.6937301,0.0,517.0,0.0,0.0,1064.0,1.0,0.0,1.0
0.0,0.0,0.0,0.0,0.0,0.0,0.0,0.0,1.0,157.0,0.0,0.0,0.0,0.0,0.0,0.0,0.0,0.0,0.0,0.0,0.0,0.0,1.0,0.0,2692.7459727,0.0,0.0,0.0,0.0,0.0,1.0,0.0,1.0
0.0,0.0,0.0,564.0,39.0,0.0,350.0,367.0,5.0,564.0,0.0,914.0,0.0,0.0,0.0,0.0,366.0,0.0,0.0,0.0,367.0,0.0,5.0,296.0,2815.5426077,0.0,350.0,0.0,0.0,914.0,1.0,0.0,1.0
0.0,1432.0,1.0,565.0,71.0,0.0,867.0,111.0,4.0,565.0,397.0,1432.0,1432.0,286.0,0.0,0.0,111.0,286.0,0.0,0.0,111.0,0.0,4.0,252.0,2603.2441927,0.0,866.0,0.0,0.0,0.0,1.0,0.0,1.0
0.0,0.0,0.0,157.0,76.0,0.0,598.0,0.0,1.0,157.0,0.0,755.0,0.0,0.0,0.0,0.0,0.0,0.0,0.0,1.0,0.0,0.0,1.0,157.0,2504.6544422,463.0,598.0,0.0,0.0,755.0,1.0,0.0,1.0
0.0,0.0,0.0,218.0,74.0,0.0,517.0,61.0,1.0,218.0,0.0,735.0,0.0,0.0,0.0,1.0,61.0,0.0,0.0,0.0,61.0,0.0,1.0,218.0,2530.2880371,735.0,517.0,0.0,0.0,735.0,1.0,0.0,1.0
0.0,0.0,0.0,0.0,0.0,0.0,0.0,459.0,1.0,616.0,0.0,0.0,0.0,0.0,0.0,0.0,459.0,0.0,0.0,1.0,0.0,1.0,1.0,0.0,2712.0535288,0.0,0.0,0.0,0.0,0.0,1.0,0.0,1.0
0.0,0.0,0.0,0.0,0.0,0.0,0.0,0.0,1.0,157.0,0.0,0.0,0.0,0.0,0.0,0.0,0.0,0.0,0.0,0.0,0.0,0.0,1.0,0.0,2712.0535288,0.0,0.0,0.0,0.0,0.0,1.0,0.0,1.0
0.0,0.0,0.0,671.0,73.0,244.0,308.0,514.0,2.0,671.0,0.0,979.0,0.0,0.0,0.0,1.0,514.0,0.0,1.0,0.0,514.0,0.0,2.0,235.0,2681.9979549,735.0,308.0,0.0,0.0,979.0,1.0,0.0,1.0
0.0,0.0,0.0,226.0,44.0,755.0,1264.0,0.0,8.0,226.0,0.0,1490.0,0.0,0.0,0.0,1.0,0.0,0.0,1.0,0.0,0.0,0.0,8.0,226.0,2624.0066697,735.0,1264.0,0.0,0.0,1490.0,1.0,0.0,1.0
0.0,1632.0,1.0,1000.0,122.0,0.0,632.0,517.0,2.0,1000.0,350.0,1632.0,1632.0,326.0,0.0,0.0,517.0,326.0,0.0,0.0,517.0,1.0,2.0,157.0,2568.9771044,0.0,632.0,0.0,0.0,0.0,1.0,0.0,1.0
0.0,0.0,0.0,0.0,0.0,0.0,0.0,40.0,1.0,197.0,0.0,0.0,0.0,0.0,0.0,0.0,40.0,0.0,0.0,0.0,0.0,0.0,1.0,0.0,2712.0535288,0.0,0.0,0.0,0.0,0.0,1.0,0.0,1.0
0.0,2048.0,1.0,890.0,153.0,0.0,1158.0,324.0,2.0,890.0,613.0,2048.0,2048.0,410.0,0.0,0.0,325.0,409.0,0.0,0.0,324.0,0.0,2.0,235.0,2393.0374298,0.0,1157.0,0.0,0.0,0.0,1.0,0.0,1.0
0.0,1630.0,1.0,494.0,90.0,0.0,1336.0,0.0,4.0,494.0,326.0,1830.0,1630.0,326.0,0.0,0.0,0.0,326.0,0.0,0.0,0.0,0.0,4.0,168.0,2440.1213156,0.0,1336.0,0.0,0.0,200.0,1.0,0.0,1.0
0.0,182.0,1.0,182.0,18.0,0.0,0.0,325.0,1.0,518.0,0.0,182.0,182.0,36.0,0.0,0.0,325.0,36.0,0.0,0.0,0.0,0.0,1.0,0.0,2712.0535288,0.0,0.0,0.0,0.0,0.0,1.0,0.0,1.0
0.0,0.0,0.0,283.0,76.0,0.0,472.0,126.0,1.0,283.0,0.0,755.0,0.0,0.0,0.0,0.0,126.0,0.0,0.0,1.0,126.0,0.0,1.0,235.0,2546.6003248,499.0,472.0,0.0,0.0,755.0,1.0,0.0,1.0
0.0,1192.0,1.0,395.0,120.0,0.0,797.0,0.0,1.0,395.0,238.0,1192.0,1192.0,238.0,0.0,0.0,0.0,238.0,0.0,0.0,0.0,0.0,1.0,157.0,2504.6544422,0.0,797.0,0.0,0.0,0.0,1.0,0.0,1.0
0.0,832.0,1.0,840.0,64.0,0.0,232.0,517.0,3.0,840.0,166.0,1072.0,832.0,166.0,0.0,0.0,517.0,166.0,0.0,0.0,517.0,0.0,3.0,157.0,2776.6148657,0.0,231.0,0.0,0.0,240.0,1.0,0.0,1.0
0.0,0.0,0.0,0.0,0.0,0.0,0.0,0.0,2.0,157.0,0.0,0.0,0.0,0.0,0.0,0.0,0.0,0.0,0.0,0.0,0.0,0.0,2.0,0.0,2790.3581519,0.0,0.0,0.0,0.0,0.0,1.0,0.0,1.0
0.0,0.0,0.0,0.0,0.0,0.0,0.0,0.0,3.0,157.0,0.0,0.0,0.0,0.0,0.0,0.0,0.0,0.0,0.0,0.0,0.0,0.0,3.0,0.0,2858.1763043,0.0,0.0,0.0,0.0,0.0,1.0,0.0,1.0
0.0,0.0,0.0,453.0,108.0,0.0,1362.0,296.0,3.0,453.0,0.0,1815.0,0.0,0.0,0.0,0.0,296.0,0.0,0.0,1.0,296.0,0.0,3.0,235.0,2381.6244704,0.0,1362.0,0.0,0.0,1815.0,1.0,0.0,1.0
0.0,1640.0,1.0,496.0,81.0,0.0,1144.0,0.0,4.0,496.0,328.0,1640.0,1640.0,328.0,0.0,0.0,0.0,328.0,0.0,0.0,0.0,0.0,4.0,168.0,2506.5356299,0.0,1144.0,0.0,0.0,0.0,1.0,0.0,1.0
0.0,1553.0,1.0,900.0,92.0,0.0,653.0,114.0,3.0,900.0,424.0,1553.0,1553.0,311.0,0.0,0.0,114.0,310.0,0.0,0.0,114.0,0.0,3.0,236.0,2629.8042763,0.0,652.0,0.0,0.0,0.0,1.0,0.0,1.0
0.0,0.0,0.0,0.0,0.0,0.0,0.0,0.0,1.0,157.0,0.0,0.0,0.0,0.0,0.0,0.0,0.0,0.0,0.0,0.0,0.0,0.0,1.0,0.0,2712.0535288,0.0,0.0,0.0,0.0,0.0,1.0,0.0,1.0
0.0,0.0,0.0,0.0,0.0,0.0,0.0,517.0,1.0,674.0,0.0,0.0,0.0,0.0,0.0,0.0,517.0,0.0,0.0,0.0,0.0,0.0,1.0,0.0,2712.0535288,0.0,0.0,0.0,0.0,0.0,1.0,0.0,1.0
0.0,331.0,1.0,319.0,35.0,606.0,618.0,23.0,6.0,319.0,89.0,937.0,331.0,66.0,0.0,0.0,23.0,66.0,1.0,0.0,23.0,0.0,6.0,249.0,2788.9825241,0.0,618.0,0.0,0.0,606.0,1.0,0.0,1.0
0.0,0.0,0.0,706.0,89.0,327.0,1089.0,287.0,4.0,706.0,0.0,1795.0,0.0,0.0,0.0,1.0,287.0,0.0,1.0,0.0,287.0,0.0,4.0,252.0,2526.3434078,1468.0,1089.0,0.0,0.0,1795.0,1.0,0.0,1.0
0.0,0.0,0.0,0.0,0.0,0.0,0.0,333.0,2.0,490.0,0.0,0.0,0.0,0.0,0.0,0.0,333.0,0.0,0.0,0.0,0.0,0.0,2.0,0.0,2790.3581519,0.0,0.0,0.0,0.0,0.0,1.0,0.0,1.0
0.0,0.0,0.0,110.0,7.0,0.0,0.0,0.0,3.0,157.0,0.0,110.0,0.0,0.0,0.0,0.0,0.0,0.0,0.0,0.0,0.0,0.0,3.0,110.0,2858.1763043,0.0,0.0,0.0,0.0,110.0,1.0,0.0,1.0
0.0,1368.0,1.0,760.0,117.0,0.0,808.0,267.0,2.0,760.0,410.0,1568.0,1368.0,274.0,0.0,0.0,267.0,273.0,0.0,0.0,267.0,0.0,2.0,236.0,2507.2234437,0.0,807.0,0.0,0.0,200.0,1.0,0.0,1.0
0.0,1458.0,1.0,709.0,87.0,0.0,749.0,261.0,3.0,709.0,436.0,1458.0,1458.0,292.0,0.0,0.0,261.0,291.0,0.0,0.0,261.0,0.0,3.0,235.0,2596.0145375,0.0,748.0,0.0,0.0,0.0,1.0,0.0,1.0
0.0,0.0,0.0,157.0,98.0,0.0,809.0,0.0,1.0,157.0,0.0,966.0,0.0,0.0,0.0,1.0,0.0,0.0,0.0,0.0,0.0,0.0,1.0,157.0,2504.6544422,0.0,809.0,0.0,0.0,966.0,1.0,0.0,1.0
0.0,0.0,0.0,0.0,0.0,0.0,0.0,0.0,2.0,157.0,0.0,0.0,0.0,0.0,0.0,0.0,0.0,0.0,0.0,0.0,0.0,0.0,2.0,0.0,2790.3581519,0.0,0.0,0.0,0.0,0.0,1.0,0.0,1.0
0.0,0.0,0.0,327.0,74.0,0.0,408.0,170.0,1.0,327.0,0.0,735.0,0.0,0.0,0.0,1.0,170.0,0.0,0.0,0.0,170.0,0.0,1.0,235.0,2568.7384296,735.0,408.0,0.0,0.0,735.0,1.0,0.0,1.0
0.0,1050.0,1.0,630.0,157.0,0.0,920.0,263.0,1.0,630.0,315.0,1550.0,0.0,210.0,0.0,0.0,263.0,210.0,0.0,0.0,263.0,0.0,1.0,236.0,2504.6544422,0.0,921.0,0.0,0.0,500.0,1.0,0.0,1.0
0.0,1136.0,1.0,901.0,115.0,0.0,235.0,517.0,1.0,901.0,227.0,1136.0,1136.0,227.0,0.0,0.0,517.0,227.0,0.0,0.0,517.0,0.0,1.0,157.0,2629.3269268,0.0,235.0,0.0,0.0,0.0,1.0,0.0,1.0
0.0,1144.0,1.0,726.0,73.0,0.0,760.0,330.0,4.0,726.0,342.0,1486.0,1144.0,229.0,0.0,0.0,330.0,228.0,0.0,0.0,330.0,0.0,4.0,252.0,2641.6945852,0.0,759.0,0.0,0.0,342.0,1.0,0.0,1.0
0.0,50.0,1.0,50.0,5.0,0.0,0.0,325.0,1.0,492.0,0.0,50.0,0.0,10.0,0.0,0.0,224.0,10.0,0.0,0.0,0.0,0.0,1.0,0.0,2712.0535288,0.0,0.0,0.0,0.0,0.0,1.0,0.0,1.0
0.0,0.0,0.0,50.0,5.0,0.0,0.0,325.0,1.0,482.0,0.0,50.0,0.0,0.0,0.0,0.0,325.0,0.0,0.0,0.0,0.0,0.0,1.0,0.0,2712.0535288,0.0,0.0,0.0,0.0,50.0,1.0,0.0,1.0
0.0,1561.0,1.0,1285.0,117.0,0.0,276.0,368.0,2.0,1285.0,468.0,1561.0,1561.0,312.0,0.0,0.0,368.0,312.0,0.0,0.0,368.0,0.0,2.0,235.0,2693.649589,0.0,276.0,0.0,0.0,0.0,1.0,0.0,1.0
0.0,1024.0,1.0,411.0,101.0,0.0,944.0,0.0,2.0,411.0,204.0,1355.0,1024.0,205.0,0.0,0.0,0.0,204.0,0.0,0.0,0.0,0.0,2.0,157.0,2459.451744,0.0,943.0,0.0,0.0,331.0,1.0,0.0,1.0
0.0,0.0,0.0,0.0,0.0,0.0,0.0,0.0,1.0,157.0,0.0,0.0,0.0,0.0,0.0,0.0,0.0,0.0,0.0,0.0,0.0,0.0,1.0,0.0,2712.0535288,0.0,0.0,0.0,0.0,0.0,1.0,0.0,1.0
0.0,140.0,1.0,140.0,6.0,0.0,0.0,0.0,5.0,225.0,0.0,140.0,140.0,28.0,0.0,0.0,0.0,28.0,0.0,0.0,0.0,0.0,5.0,112.0,2937.8847656,0.0,0.0,0.0,0.0,0.0,1.0,0.0,1.0
0.0,0.0,0.0,634.0,38.0,0.0,0.0,517.0,3.0,674.0,0.0,634.0,0.0,0.0,0.0,0.0,687.0,0.0,0.0,0.0,477.0,0.0,3.0,117.0,2858.1763043,0.0,0.0,0.0,0.0,634.0,1.0,0.0,1.0
0.0,0.0,0.0,533.0,74.0,0.0,202.0,376.0,1.0,533.0,0.0,735.0,0.0,0.0,0.0,0.0,376.0,0.0,0.0,1.0,376.0,0.0,1.0,235.0,2640.9785609,735.0,202.0,0.0,0.0,735.0,1.0,0.0,1.0
0.0,0.0,0.0,274.0,81.0,0.0,530.0,117.0,1.0,274.0,0.0,804.0,0.0,0.0,0.0,1.0,117.0,0.0,0.0,0.0,117.0,0.0,1.0,236.0,2526.7925469,0.0,531.0,0.0,0.0,804.0,1.0,0.0,1.0
0.0,0.0,0.0,157.0,70.0,0.0,538.0,0.0,1.0,157.0,0.0,695.0,0.0,0.0,0.0,1.0,0.0,0.0,0.0,0.0,0.0,0.0,1.0,157.0,2523.2970567,695.0,538.0,0.0,0.0,695.0,1.0,0.0,1.0
0.0,0.0,0.0,593.0,74.0,0.0,142.0,436.0,1.0,593.0,0.0,735.0,0.0,0.0,0.0,0.0,436.0,0.0,0.0,1.0,436.0,0.0,1.0,235.0,2661.9515022,735.0,142.0,0.0,0.0,735.0,1.0,0.0,1.0
0.0,708.0,1.0,298.0,72.0,0.0,410.0,0.0,1.0,298.0,141.0,708.0,708.0,142.0,0.0,0.0,0.0,141.0,0.0,0.0,0.0,0.0,1.0,157.0,2568.7384296,0.0,409.0,0.0,0.0,0.0,1.0,0.0,1.0
0.0,0.0,0.0,348.0,76.0,0.0,407.0,191.0,1.0,348.0,0.0,755.0,0.0,0.0,0.0,1.0,191.0,0.0,0.0,0.0,191.0,0.0,1.0,235.0,2568.7384296,338.0,407.0,0.0,0.0,755.0,1.0,0.0,1.0
0.0,0.0,0.0,0.0,0.0,0.0,0.0,0.0,3.0,157.0,0.0,0.0,0.0,0.0,0.0,0.0,0.0,0.0,0.0,0.0,0.0,0.0,3.0,0.0,2858.1763043,0.0,0.0,0.0,0.0,0.0,1.0,0.0,1.0
0.0,0.0,0.0,0.0,0.0,0.0,0.0,0.0,1.0,157.0,0.0,0.0,0.0,0.0,0.0,0.0,0.0,0.0,0.0,0.0,0.0,0.0,1.0,0.0,2712.0535288,0.0,0.0,0.0,0.0,0.0,1.0,0.0,1.0
0.0,0.0,0.0,157.0,74.0,0.0,578.0,0.0,1.0,157.0,0.0,735.0,0.0,0.0,0.0,0.0,0.0,0.0,0.0,1.0,0.0,1.0,1.0,157.0,2509.3150958,735.0,578.0,0.0,0.0,735.0,1.0,0.0,1.0
0.0,0.0,0.0,0.0,0.0,0.0,0.0,517.0,1.0,674.0,0.0,0.0,0.0,0.0,0.0,0.0,517.0,0.0,0.0,0.0,0.0,0.0,1.0,0.0,2712.0535288,0.0,0.0,0.0,0.0,0.0,1.0,0.0,1.0
0.0,0.0,0.0,0.0,0.0,0.0,0.0,325.0,2.0,482.0,0.0,0.0,0.0,0.0,0.0,0.0,325.0,0.0,0.0,0.0,0.0,0.0,2.0,0.0,2790.3581519,0.0,0.0,0.0,0.0,0.0,1.0,0.0,1.0
0.0,4830.0,1.0,2075.0,158.0,0.0,2755.0,0.0,7.0,2075.0,966.0,4830.0,4830.0,966.0,0.0,0.0,0.0,966.0,0.0,0.0,0.0,0.0,7.0,226.0,2043.5166178,0.0,2755.0,0.0,0.0,0.0,1.0,0.0,1.0
0.0,0.0,0.0,334.0,111.0,0.0,769.0,177.0,1.0,334.0,0.0,1103.0,0.0,0.0,0.0,0.0,177.0,0.0,0.0,1.0,177.0,0.0,1.0,235.0,2504.6544422,0.0,769.0,0.0,0.0,1103.0,1.0,0.0,1.0
0.0,0.0,0.0,0.0,0.0,0.0,0.0,88.0,2.0,245.0,0.0,0.0,0.0,0.0,0.0,0.0,88.0,0.0,0.0,0.0,0.0,0.0,2.0,0.0,2790.3581519,0.0,0.0,0.0,0.0,0.0,1.0,0.0,1.0
0.0,0.0,0.0,0.0,0.0,0.0,0.0,0.0,1.0,157.0,0.0,0.0,0.0,0.0,0.0,0.0,0.0,0.0,0.0,0.0,0.0,0.0,1.0,0.0,2712.0535288,0.0,0.0,0.0,0.0,0.0,1.0,0.0,1.0
0.0,1350.0,1.0,714.0,101.0,0.0,636.0,287.0,2.0,714.0,405.0,1350.0,1350.0,270.0,0.0,0.0,286.0,270.0,0.0,0.0,287.0,0.0,2.0,236.0,2567.811941,0.0,637.0,0.0,0.0,0.0,1.0,0.0,1.0
0.0,172.0,1.0,172.0,17.0,0.0,0.0,325.0,1.0,516.0,0.0,172.0,172.0,34.0,0.0,0.0,325.0,34.0,0.0,0.0,0.0,0.0,1.0,0.0,2712.0535288,0.0,0.0,0.0,0.0,0.0,1.0,0.0,1.0
0.0,0.0,0.0,0.0,0.0,0.0,0.0,0.0,1.0,157.0,0.0,0.0,0.0,0.0,0.0,0.0,0.0,0.0,0.0,0.0,0.0,0.0,1.0,0.0,2712.0535288,0.0,0.0,0.0,0.0,0.0,1.0,0.0,1.0
0.0,3132.0,1.0,987.0,83.0,0.0,2145.0,135.0,9.0,987.0,761.0,3132.0,3132.0,626.0,0.0,0.0,135.0,626.0,0.0,0.0,135.0,0.0,9.0,339.0,2374.9003752,0.0,2145.0,0.0,0.0,0.0,1.0,0.0,1.0
0.0,0.0,0.0,576.0,34.0,0.0,0.0,429.0,3.0,586.0,0.0,576.0,0.0,0.0,0.0,0.0,428.0,0.0,0.0,1.0,419.0,1.0,3.0,226.0,2858.1763043,0.0,0.0,0.0,0.0,576.0,1.0,0.0,1.0
0.0,0.0,0.0,157.0,18.0,0.0,143.0,0.0,3.0,157.0,0.0,300.0,0.0,0.0,0.0,0.0,0.0,0.0,0.0,0.0,0.0,0.0,3.0,157.0,2808.0742778,0.0,143.0,0.0,0.0,300.0,1.0,0.0,1.0
0.0,442.0,1.0,495.0,58.0,327.0,274.0,0.0,2.0,495.0,88.0,769.0,442.0,88.0,0.0,0.0,0.0,88.0,1.0,0.0,0.0,0.0,2.0,157.0,2693.649589,0.0,273.0,0.0,0.0,327.0,1.0,0.0,1.0
0.0,940.0,1.0,723.0,95.0,0.0,217.0,378.0,1.0,723.0,282.0,940.0,940.0,188.0,0.0,0.0,378.0,188.0,0.0,0.0,378.0,0.0,1.0,236.0,2635.1527439,0.0,218.0,0.0,0.0,0.0,1.0,0.0,1.0
0.0,272.0,1.0,272.0,27.0,0.0,0.0,295.0,1.0,506.0,0.0,272.0,0.0,54.0,0.0,0.0,295.0,54.0,0.0,1.0,61.0,0.0,1.0,2.0,2712.0535288,0.0,0.0,0.0,0.0,0.0,1.0,0.0,1.0
0.0,0.0,0.0,0.0,0.0,0.0,0.0,0.0,1.0,157.0,0.0,0.0,0.0,0.0,0.0,0.0,0.0,0.0,0.0,0.0,0.0,0.0,1.0,0.0,2712.0535288,0.0,0.0,0.0,0.0,0.0,1.0,0.0,1.0
0.0,0.0,0.0,358.0,76.0,0.0,397.0,201.0,1.0,358.0,0.0,755.0,0.0,0.0,0.0,1.0,201.0,0.0,0.0,0.0,201.0,0.0,1.0,235.0,2572.2339198,386.0,397.0,0.0,0.0,755.0,1.0,0.0,1.0
0.0,0.0,0.0,358.0,90.0,0.0,850.0,201.0,2.0,358.0,0.0,1208.0,0.0,0.0,0.0,0.0,200.0,0.0,0.0,2.0,201.0,0.0,2.0,236.0,2493.2414828,0.0,851.0,0.0,0.0,1208.0,1.0,0.0,1.0
0.0,306.0,1.0,346.0,102.0,0.0,666.0,128.0,1.0,346.0,91.0,1012.0,306.0,61.0,0.0,1.0,128.0,61.0,0.0,0.0,128.0,0.0,1.0,235.0,2504.6544422,0.0,666.0,0.0,0.0,706.0,1.0,0.0,1.0
0.0,0.0,0.0,0.0,0.0,0.0,0.0,0.0,1.0,157.0,0.0,0.0,0.0,0.0,0.0,0.0,0.0,0.0,0.0,0.0,0.0,0.0,1.0,0.0,2712.0535288,0.0,0.0,0.0,0.0,0.0,1.0,0.0,1.0
0.0,0.0,0.0,0.0,0.0,0.0,0.0,0.0,3.0,157.0,0.0,0.0,0.0,0.0,0.0,0.0,0.0,0.0,0.0,0.0,0.0,0.0,3.0,0.0,2858.1763043,0.0,0.0,0.0,0.0,0.0,1.0,0.0,1.0
0.0,944.0,1.0,345.0,86.0,0.0,801.0,0.0,2.0,345.0,188.0,1146.0,944.0,189.0,0.0,0.0,0.0,188.0,0.0,0.0,0.0,0.0,2.0,157.0,2509.5537706,0.0,799.0,0.0,0.0,202.0,1.0,0.0,1.0
0.0,0.0,0.0,0.0,0.0,0.0,0.0,0.0,1.0,157.0,0.0,0.0,0.0,0.0,0.0,0.0,0.0,0.0,0.0,0.0,0.0,0.0,1.0,0.0,2712.0535288,0.0,0.0,0.0,0.0,0.0,1.0,0.0,1.0
0.0,0.0,0.0,344.0,76.0,0.0,411.0,187.0,1.0,344.0,0.0,755.0,0.0,0.0,0.0,1.0,187.0,0.0,0.0,0.0,187.0,0.0,1.0,235.0,2567.5732662,535.0,411.0,0.0,0.0,755.0,1.0,0.0,1.0
0.0,0.0,0.0,611.0,84.0,0.0,798.0,454.0,3.0,611.0,0.0,1409.0,0.0,0.0,409.0,0.0,454.0,0.0,0.0,0.0,454.0,0.0,3.0,235.0,2578.5370864,0.0,798.0,0.0,0.0,1409.0,1.0,0.0,1.0
0.0,1680.0,1.0,493.0,100.0,0.0,1187.0,0.0,3.0,493.0,336.0,1680.0,1680.0,336.0,0.0,0.0,0.0,336.0,0.0,0.0,0.0,1.0,3.0,157.0,2442.2129677,0.0,1187.0,0.0,0.0,0.0,1.0,0.0,1.0
0.0,0.0,0.0,157.0,106.0,0.0,895.0,0.0,1.0,157.0,0.0,1052.0,0.0,0.0,0.0,0.0,0.0,0.0,0.0,1.0,0.0,0.0,1.0,157.0,2504.6544422,0.0,895.0,0.0,0.0,1052.0,1.0,0.0,1.0
0.0,0.0,0.0,448.0,78.0,0.0,327.0,291.0,1.0,448.0,0.0,775.0,0.0,0.0,0.0,1.0,291.0,0.0,0.0,0.0,291.0,0.0,1.0,235.0,2596.7023514,0.0,327.0,0.0,0.0,775.0,1.0,0.0,1.0
0.0,2141.0,1.0,746.0,127.0,0.0,1395.0,161.0,3.0,746.0,589.0,2141.0,2141.0,428.0,0.0,0.0,361.0,428.0,0.0,0.0,161.0,0.0,3.0,235.0,2369.9728364,0.0,1194.0,0.0,0.0,0.0,1.0,0.0,1.0
0.0,0.0,0.0,331.0,74.0,0.0,404.0,174.0,1.0,331.0,0.0,735.0,0.0,0.0,0.0,1.0,174.0,0.0,0.0,0.0,174.0,0.0,1.0,235.0,2569.903593,735.0,404.0,0.0,0.0,735.0,1.0,0.0,1.0
0.0,476.0,1.0,476.0,48.0,0.0,0.0,517.0,1.0,769.0,0.0,476.0,476.0,95.0,0.0,0.0,517.0,95.0,0.0,0.0,224.0,0.0,1.0,0.0,2712.0535288,0.0,0.0,0.0,0.0,0.0,1.0,0.0,1.0
0.0,0.0,0.0,348.0,114.0,0.0,778.0,191.0,1.0,348.0,0.0,1126.0,0.0,0.0,0.0,1.0,191.0,0.0,0.0,0.0,191.0,0.0,1.0,236.0,2670.8997223,0.0,779.0,0.0,0.0,1126.0,1.0,0.0,1.0
0.0,0.0,0.0,0.0,0.0,0.0,0.0,0.0,1.0,157.0,0.0,0.0,0.0,0.0,0.0,0.0,0.0,0.0,0.0,0.0,0.0,0.0,1.0,0.0,2330.1136725,0.0,0.0,0.0,0.0,0.0,1.0,0.0,1.0
0.0,0.0,0.0,749.0,97.0,0.0,874.0,592.0,3.0,749.0,0.0,1623.0,0.0,0.0,0.0,1.0,592.0,0.0,0.0,0.0,592.0,0.0,3.0,235.0,3087.3270594,0.0,874.0,0.0,0.0,1623.0,1.0,0.0,1.0
0.0,0.0,0.0,574.0,58.0,0.0,199.0,417.0,2.0,574.0,0.0,773.0,0.0,0.0,0.0,0.0,417.0,0.0,0.0,2.0,417.0,2.0,2.0,235.0,2563.2162098,0.0,199.0,0.0,0.0,773.0,1.0,0.0,1.0
0.0,0.0,0.0,167.0,74.0,0.0,568.0,10.0,1.0,167.0,0.0,735.0,0.0,0.0,0.0,1.0,10.0,0.0,0.0,0.0,10.0,0.0,1.0,167.0,2657.4980237,735.0,568.0,0.0,0.0,735.0,1.0,0.0,1.0
0.0,569.0,1.0,569.0,57.0,0.0,0.0,301.0,1.0,571.0,168.0,569.0,0.0,114.0,0.0,0.0,301.0,113.0,0.0,0.0,299.0,0.0,1.0,234.0,2330.1136725,0.0,0.0,0.0,0.0,0.0,1.0,0.0,1.0
0.0,764.0,1.0,455.0,87.0,0.0,409.0,146.0,1.0,455.0,228.0,864.0,764.0,153.0,0.0,0.0,146.0,152.0,0.0,0.0,146.0,0.0,1.0,236.0,2565.600662,0.0,409.0,0.0,0.0,100.0,1.0,0.0,1.0
0.0,0.0,0.0,693.0,74.0,0.0,42.0,536.0,1.0,693.0,0.0,735.0,0.0,0.0,0.0,1.0,536.0,0.0,0.0,0.0,536.0,0.0,1.0,235.0,2355.0025413,735.0,42.0,0.0,0.0,735.0,1.0,0.0,1.0
0.0,0.0,0.0,0.0,0.0,0.0,0.0,0.0,1.0,157.0,0.0,0.0,0.0,0.0,0.0,0.0,0.0,0.0,0.0,0.0,0.0,0.0,1.0,0.0,2330.1136725,0.0,0.0,0.0,0.0,0.0,1.0,0.0,1.0
0.0,0.0,0.0,0.0,0.0,0.0,0.0,0.0,1.0,157.0,0.0,0.0,0.0,0.0,0.0,0.0,0.0,0.0,0.0,1.0,0.0,0.0,1.0,0.0,2330.1136725,0.0,0.0,0.0,0.0,0.0,1.0,0.0,1.0
0.0,908.0,1.0,338.0,86.0,244.0,814.0,0.0,2.0,338.0,181.0,1152.0,908.0,182.0,0.0,0.0,0.0,181.0,1.0,0.0,0.0,0.0,2.0,157.0,2917.4039583,0.0,813.0,0.0,0.0,244.0,1.0,0.0,1.0
0.0,2019.0,1.0,767.0,100.0,0.0,1252.0,196.0,4.0,767.0,599.0,2019.0,2019.0,404.0,0.0,0.0,196.0,403.0,0.0,0.0,196.0,0.0,4.0,252.0,3469.7628097,0.0,1251.0,0.0,0.0,0.0,1.0,0.0,1.0
0.0,0.0,0.0,0.0,0.0,0.0,0.0,655.0,1.0,812.0,0.0,0.0,0.0,0.0,0.0,0.0,0.0,0.0,0.0,1.0,0.0,0.0,1.0,0.0,2330.1136725,0.0,0.0,0.0,0.0,0.0,1.0,0.0,1.0
0.0,0.0,0.0,433.0,76.0,0.0,322.0,276.0,1.0,433.0,0.0,755.0,0.0,0.0,0.0,1.0,276.0,0.0,0.0,0.0,276.0,0.0,1.0,235.0,2515.8229243,304.0,322.0,0.0,0.0,755.0,1.0,0.0,1.0
0.0,0.0,0.0,0.0,0.0,0.0,0.0,0.0,1.0,157.0,0.0,0.0,0.0,0.0,0.0,0.0,0.0,0.0,0.0,0.0,0.0,1.0,1.0,0.0,2330.1136725,0.0,0.0,0.0,0.0,0.0,1.0,0.0,1.0
0.0,0.0,0.0,621.0,42.0,0.0,379.0,424.0,5.0,621.0,0.0,1000.0,0.0,0.0,0.0,0.0,423.0,0.0,0.0,0.0,424.0,0.0,5.0,296.0,3164.8828751,0.0,380.0,0.0,0.0,1000.0,1.0,0.0,1.0
0.0,0.0,0.0,0.0,0.0,0.0,0.0,0.0,1.0,157.0,0.0,0.0,0.0,0.0,0.0,0.0,0.0,0.0,0.0,0.0,0.0,0.0,1.0,0.0,2330.1136725,0.0,0.0,0.0,0.0,0.0,1.0,0.0,1.0
0.0,0.0,0.0,0.0,0.0,0.0,0.0,0.0,1.0,157.0,0.0,0.0,0.0,0.0,0.0,0.0,0.0,0.0,0.0,0.0,0.0,0.0,1.0,0.0,2330.1136725,0.0,0.0,0.0,0.0,0.0,1.0,0.0,1.0
0.0,0.0,0.0,0.0,0.0,0.0,0.0,0.0,1.0,157.0,0.0,0.0,0.0,0.0,0.0,0.0,0.0,0.0,0.0,0.0,0.0,0.0,1.0,0.0,2330.1136725,0.0,0.0,0.0,0.0,0.0,1.0,0.0,1.0
0.0,400.0,1.0,431.0,37.0,0.0,69.0,194.0,2.0,431.0,120.0,500.0,400.0,80.0,0.0,0.0,194.0,80.0,0.0,0.0,194.0,0.0,2.0,236.0,2488.5496034,0.0,70.0,0.0,0.0,100.0,1.0,0.0,1.0
0.0,0.0,0.0,0.0,0.0,0.0,0.0,0.0,1.0,157.0,0.0,0.0,0.0,0.0,0.0,0.0,0.0,0.0,0.0,0.0,0.0,0.0,1.0,0.0,2330.1136725,0.0,0.0,0.0,0.0,0.0,1.0,0.0,1.0
0.0,0.0,0.0,200.0,76.0,0.0,555.0,43.0,1.0,200.0,0.0,755.0,0.0,0.0,0.0,0.0,43.0,0.0,0.0,1.0,43.0,0.0,1.0,200.0,2649.8399102,129.0,555.0,0.0,0.0,755.0,1.0,0.0,1.0
0.0,898.0,1.0,853.0,67.0,0.0,45.0,517.0,2.0,853.0,179.0,898.0,898.0,180.0,0.0,0.0,517.0,179.0,0.0,0.0,517.0,0.0,2.0,157.0,2475.1479048,0.0,44.0,0.0,0.0,0.0,1.0,0.0,1.0
0.0,800.0,1.0,504.0,60.0,0.0,296.0,187.0,2.0,504.0,240.0,800.0,0.0,160.0,0.0,0.0,186.0,160.0,0.0,0.0,187.0,0.0,2.0,236.0,2618.7375326,0.0,297.0,0.0,0.0,0.0,1.0,0.0,1.0
0.0,0.0,0.0,157.0,26.0,0.0,284.0,0.0,3.0,157.0,0.0,441.0,0.0,0.0,0.0,0.0,0.0,0.0,0.0,0.0,0.0,0.0,3.0,157.0,2748.455538,0.0,284.0,0.0,0.0,441.0,1.0,0.0,1.0
0.0,0.0,0.0,149.0,11.0,149.0,0.0,0.0,2.0,157.0,0.0,149.0,0.0,0.0,0.0,0.0,0.0,0.0,1.0,0.0,0.0,0.0,2.0,149.0,2448.3445076,0.0,0.0,0.0,0.0,149.0,1.0,0.0,1.0
0.0,151.0,1.0,151.0,15.0,0.0,0.0,325.0,1.0,512.0,0.0,151.0,151.0,30.0,0.0,0.0,325.0,30.0,0.0,0.0,0.0,0.0,1.0,0.0,2330.1136725,0.0,0.0,0.0,0.0,0.0,1.0,0.0,1.0
0.0,579.0,1.0,272.0,34.0,0.0,307.0,0.0,3.0,272.0,115.0,579.0,579.0,116.0,0.0,0.0,0.0,115.0,0.0,0.0,0.0,0.0,3.0,157.0,2761.8572366,0.0,306.0,0.0,0.0,0.0,1.0,0.0,1.0
0.0,0.0,0.0,157.0,24.0,409.0,252.0,0.0,3.0,157.0,0.0,409.0,0.0,0.0,0.0,0.0,0.0,0.0,1.0,0.0,0.0,0.0,3.0,157.0,2729.3102543,0.0,252.0,0.0,0.0,409.0,1.0,0.0,1.0
0.0,1216.0,1.0,717.0,72.0,0.0,499.0,317.0,3.0,717.0,364.0,1216.0,1216.0,243.0,0.0,0.0,317.0,243.0,0.0,0.0,317.0,0.0,3.0,235.0,2870.9853536,0.0,499.0,0.0,0.0,0.0,1.0,0.0,1.0
0.0,0.0,0.0,157.0,24.0,327.0,170.0,0.0,2.0,157.0,0.0,327.0,0.0,0.0,0.0,0.0,0.0,0.0,1.0,0.0,0.0,0.0,2.0,157.0,2545.9854545,0.0,170.0,0.0,0.0,327.0,1.0,0.0,1.0
0.0,0.0,0.0,473.0,76.0,0.0,282.0,316.0,1.0,473.0,0.0,755.0,0.0,0.0,0.0,1.0,316.0,0.0,0.0,0.0,316.0,0.0,1.0,235.0,2492.8485839,327.0,282.0,0.0,0.0,755.0,1.0,0.0,1.0
0.0,0.0,0.0,473.0,73.0,0.0,253.0,316.0,1.0,473.0,0.0,726.0,0.0,0.0,0.0,1.0,316.0,0.0,0.0,0.0,316.0,0.0,1.0,236.0,2475.6178286,0.0,254.0,0.0,0.0,726.0,1.0,0.0,1.0
0.0,1123.0,1.0,720.0,130.0,0.0,2353.0,299.0,5.0,720.0,336.0,3073.0,1123.0,225.0,0.0,0.0,300.0,224.0,0.0,0.0,299.0,0.0,5.0,295.0,4298.2836701,0.0,2351.0,0.0,0.0,1950.0,1.0,0.0,1.0
0.0,0.0,0.0,735.0,74.0,0.0,0.0,586.0,1.0,743.0,0.0,735.0,0.0,0.0,0.0,1.0,586.0,0.0,0.0,0.0,578.0,0.0,1.0,227.0,2330.1136725,735.0,0.0,0.0,0.0,735.0,1.0,0.0,1.0
0.0,0.0,0.0,157.0,84.0,0.0,966.0,0.0,2.0,157.0,0.0,1123.0,0.0,0.0,0.0,1.0,0.0,0.0,0.0,0.0,0.0,0.0,2.0,157.0,3003.5577349,121.0,966.0,0.0,0.0,1123.0,1.0,0.0,1.0
0.0,0.0,0.0,593.0,74.0,0.0,142.0,436.0,1.0,593.0,0.0,735.0,0.0,0.0,0.0,1.0,436.0,0.0,0.0,0.0,436.0,1.0,1.0,235.0,2412.4383924,735.0,142.0,0.0,0.0,735.0,1.0,0.0,1.0
0.0,0.0,0.0,233.0,39.0,0.0,422.0,76.0,3.0,233.0,0.0,655.0,0.0,0.0,0.0,1.0,76.0,0.0,0.0,0.0,76.0,0.0,3.0,233.0,2826.9512011,555.0,422.0,0.0,0.0,655.0,1.0,0.0,1.0
0.0,990.0,1.0,355.0,74.0,0.0,635.0,0.0,2.0,355.0,198.0,990.0,990.0,198.0,0.0,0.0,0.0,198.0,0.0,0.0,0.0,0.0,2.0,157.0,2814.0194263,0.0,635.0,0.0,0.0,0.0,1.0,0.0,1.0
0.0,1742.0,1.0,697.0,130.0,0.0,1045.0,102.0,2.0,697.0,450.0,1742.0,1742.0,348.0,0.0,0.0,101.0,348.0,0.0,0.0,102.0,0.0,2.0,236.0,3049.5064158,0.0,1046.0,0.0,0.0,0.0,1.0,0.0,1.0
0.0,1099.0,1.0,893.0,65.0,0.0,206.0,517.0,3.0,893.0,219.0,1099.0,1099.0,220.0,0.0,0.0,517.0,219.0,0.0,0.0,517.0,0.0,3.0,157.0,2702.5068571,0.0,205.0,0.0,0.0,0.0,1.0,0.0,1.0
0.0,0.0,0.0,844.0,66.0,0.0,726.0,647.0,5.0,844.0,0.0,1570.0,0.0,0.0,0.0,1.0,647.0,0.0,0.0,0.0,647.0,0.0,5.0,296.0,3363.9938256,78.0,727.0,0.0,0.0,1570.0,1.0,0.0,1.0
0.0,0.0,0.0,593.0,74.0,0.0,142.0,436.0,1.0,593.0,0.0,735.0,0.0,0.0,0.0,0.0,436.0,0.0,0.0,1.0,436.0,0.0,1.0,235.0,2412.4383924,735.0,142.0,0.0,0.0,735.0,1.0,0.0,1.0
0.0,7.0,1.0,7.0,1.0,0.0,0.0,0.0,1.0,158.0,0.0,7.0,0.0,1.0,0.0,0.0,0.0,1.0,0.0,0.0,0.0,0.0,1.0,6.0,2330.1136725,0.0,0.0,0.0,0.0,0.0,1.0,0.0,1.0
0.0,50.0,1.0,50.0,3.0,0.0,0.0,0.0,3.0,167.0,0.0,50.0,50.0,10.0,0.0,0.0,0.0,10.0,0.0,0.0,0.0,0.0,3.0,40.0,2583.8060982,0.0,0.0,0.0,0.0,0.0,1.0,0.0,1.0
0.0,0.0,0.0,728.0,82.0,0.0,88.0,571.0,1.0,728.0,0.0,816.0,0.0,0.0,0.0,1.0,571.0,0.0,0.0,0.0,571.0,0.0,1.0,236.0,2381.8059385,0.0,88.0,0.0,0.0,816.0,1.0,0.0,1.0
0.0,2181.0,1.0,1547.0,108.0,0.0,634.0,493.0,4.0,1547.0,654.0,2181.0,2181.0,437.0,0.0,0.0,493.0,436.0,0.0,0.0,493.0,1.0,4.0,252.0,3115.5750612,0.0,633.0,0.0,0.0,0.0,1.0,0.0,1.0
0.0,0.0,0.0,359.0,74.0,0.0,376.0,202.0,1.0,359.0,0.0,735.0,0.0,0.0,0.0,0.0,202.0,0.0,0.0,1.0,202.0,0.0,1.0,235.0,2546.4553783,735.0,376.0,0.0,0.0,735.0,1.0,0.0,1.0
0.0,0.0,0.0,393.0,84.0,0.0,442.0,236.0,1.0,393.0,0.0,835.0,0.0,0.0,0.0,1.0,236.0,0.0,0.0,0.0,236.0,0.0,1.0,235.0,2584.7459456,0.0,442.0,0.0,0.0,835.0,1.0,0.0,1.0
0.0,1702.0,1.0,537.0,72.0,0.0,1165.0,0.0,5.0,537.0,340.0,1702.0,0.0,340.0,0.0,0.0,0.0,340.0,0.0,0.0,0.0,4.0,5.0,197.0,3616.7115704,0.0,1165.0,0.0,0.0,0.0,1.0,0.0,1.0
0.0,1432.0,1.0,443.0,107.0,0.0,989.0,0.0,2.0,443.0,286.0,1432.0,1432.0,286.0,0.0,0.0,0.0,286.0,0.0,0.0,0.0,0.0,2.0,157.0,3016.9594335,0.0,989.0,0.0,0.0,0.0,1.0,0.0,1.0
0.0,1300.0,1.0,861.0,131.0,0.0,439.0,444.0,1.0,861.0,390.0,1300.0,1300.0,260.0,0.0,0.0,444.0,260.0,0.0,0.0,444.0,0.0,1.0,236.0,2582.8314173,0.0,439.0,0.0,0.0,0.0,1.0,0.0,1.0
0.0,1304.0,1.0,699.0,55.0,0.0,605.0,242.0,5.0,699.0,390.0,1304.0,1304.0,261.0,0.0,0.0,242.0,260.0,0.0,0.0,242.0,0.0,5.0,296.0,3295.0708043,0.0,604.0,0.0,0.0,0.0,1.0,0.0,1.0
0.0,0.0,0.0,324.0,84.0,0.0,507.0,167.0,1.0,324.0,0.0,831.0,0.0,0.0,0.0,0.0,167.0,0.0,0.0,1.0,167.0,0.0,1.0,235.0,2623.0365131,0.0,507.0,0.0,0.0,831.0,1.0,0.0,1.0
0.0,0.0,0.0,157.0,83.0,0.0,947.0,0.0,2.0,157.0,0.0,1104.0,0.0,0.0,0.0,0.0,0.0,0.0,0.0,1.0,0.0,0.0,2.0,157.0,2993.9850931,57.0,947.0,0.0,0.0,1104.0,1.0,0.0,1.0
0.0,1652.0,1.0,498.0,82.0,0.0,1154.0,0.0,4.0,498.0,330.0,1652.0,1652.0,330.0,0.0,0.0,0.0,330.0,0.0,0.0,0.0,0.0,4.0,168.0,3414.2414869,0.0,1154.0,0.0,0.0,0.0,1.0,0.0,1.0
0.0,2377.0,1.0,1103.0,100.0,0.0,1274.0,145.0,5.0,1103.0,620.0,2377.0,2377.0,475.0,0.0,0.0,145.0,475.0,0.0,0.0,145.0,0.0,5.0,296.0,3679.8910066,0.0,1274.0,0.0,0.0,0.0,1.0,0.0,1.0
0.0,193.0,1.0,193.0,14.0,0.0,0.0,40.0,2.0,235.0,14.0,193.0,193.0,39.0,0.0,0.0,40.0,38.0,0.0,0.0,0.0,0.0,2.0,155.0,2448.3445077,0.0,0.0,0.0,0.0,0.0,1.0,0.0,1.0
0.0,876.0,1.0,773.0,88.0,0.0,103.0,441.0,1.0,773.0,262.0,876.0,876.0,175.0,0.0,0.0,440.0,175.0,0.0,0.0,441.0,0.0,1.0,235.0,2389.4640519,0.0,104.0,0.0,0.0,0.0,1.0,0.0,1.0
0.0,0.0,0.0,0.0,0.0,0.0,0.0,100.0,1.0,257.0,0.0,0.0,0.0,0.0,0.0,0.0,100.0,0.0,0.0,1.0,0.0,0.0,1.0,0.0,2330.1136725,0.0,0.0,0.0,0.0,0.0,1.0,0.0,1.0
0.0,0.0,0.0,245.0,25.0,0.0,0.0,281.0,1.0,438.0,0.0,245.0,0.0,0.0,0.0,0.0,281.0,0.0,0.0,0.0,88.0,0.0,1.0,42.0,2330.1136725,0.0,0.0,0.0,0.0,245.0,1.0,0.0,1.0
0.0,0.0,0.0,0.0,0.0,0.0,0.0,325.0,4.0,493.0,0.0,0.0,0.0,0.0,0.0,0.0,325.0,0.0,0.0,0.0,0.0,0.0,4.0,0.0,2749.9001426,0.0,0.0,0.0,0.0,0.0,1.0,0.0,1.0
0.0,0.0,0.0,297.0,63.0,0.0,331.0,140.0,1.0,297.0,0.0,628.0,0.0,0.0,0.0,0.0,140.0,0.0,0.0,1.0,140.0,0.0,1.0,236.0,2521.5665094,0.0,331.0,0.0,0.0,628.0,1.0,0.0,1.0
0.0,0.0,0.0,0.0,0.0,0.0,0.0,0.0,2.0,157.0,0.0,0.0,0.0,0.0,0.0,0.0,0.0,0.0,0.0,0.0,0.0,0.0,2.0,0.0,2448.3445077,0.0,0.0,0.0,0.0,0.0,1.0,0.0,1.0
0.0,2076.0,1.0,1302.0,163.0,0.0,874.0,392.0,2.0,1302.0,622.0,2176.0,2076.0,415.0,0.0,0.0,392.0,415.0,0.0,0.0,392.0,0.0,2.0,235.0,2951.8654689,0.0,874.0,0.0,0.0,100.0,1.0,0.0,1.0
0.0,0.0,0.0,543.0,74.0,0.0,192.0,386.0,1.0,543.0,0.0,735.0,0.0,0.0,0.0,1.0,386.0,0.0,0.0,0.0,386.0,0.0,1.0,235.0,2441.1563179,735.0,192.0,0.0,0.0,735.0,1.0,0.0,1.0
0.0,0.0,0.0,0.0,0.0,0.0,0.0,0.0,3.0,157.0,0.0,0.0,0.0,0.0,0.0,0.0,0.0,0.0,0.0,0.0,0.0,0.0,3.0,0.0,2583.8060982,0.0,0.0,0.0,0.0,0.0,1.0,0.0,1.0
0.0,300.0,1.0,300.0,22.0,0.0,0.0,259.0,2.0,476.0,0.0,300.0,0.0,60.0,0.0,0.0,259.0,60.0,0.0,0.0,83.0,0.0,2.0,60.0,2448.3445077,0.0,0.0,0.0,0.0,0.0,1.0,0.0,1.0
0.0,0.0,0.0,743.0,142.0,0.0,662.0,513.0,1.0,743.0,0.0,1405.0,0.0,0.0,0.0,0.0,512.0,0.0,0.0,1.0,513.0,0.0,1.0,236.0,2670.8997223,0.0,663.0,0.0,0.0,1405.0,1.0,0.0,1.0
0.0,1740.0,1.0,1022.0,130.0,0.0,718.0,517.0,2.0,1022.0,348.0,1740.0,1352.0,348.0,0.0,0.0,517.0,348.0,0.0,0.0,517.0,0.0,2.0,157.0,2861.8826355,0.0,718.0,0.0,0.0,0.0,1.0,0.0,1.0
0.0,0.0,0.0,0.0,0.0,0.0,0.0,0.0,1.0,157.0,0.0,0.0,0.0,0.0,0.0,0.0,0.0,0.0,0.0,0.0,0.0,0.0,1.0,0.0,2330.1136725,0.0,0.0,0.0,0.0,0.0,1.0,0.0,1.0
0.0,0.0,0.0,157.0,76.0,0.0,598.0,0.0,1.0,157.0,0.0,755.0,0.0,0.0,0.0,0.0,0.0,0.0,0.0,1.0,0.0,0.0,1.0,157.0,2670.8997223,302.0,598.0,0.0,0.0,755.0,1.0,0.0,1.0
0.0,410.0,1.0,410.0,41.0,0.0,0.0,517.0,1.0,876.0,0.0,410.0,410.0,82.0,0.0,0.0,517.0,82.0,0.0,0.0,51.0,0.0,1.0,0.0,2330.1136725,0.0,0.0,0.0,0.0,0.0,1.0,0.0,1.0
0.0,419.0,1.0,719.0,54.0,0.0,0.0,517.0,2.0,764.0,38.0,719.0,0.0,84.0,0.0,0.0,517.0,83.0,0.0,0.0,472.0,0.0,2.0,112.0,2448.3445077,0.0,0.0,0.0,0.0,300.0,1.0,0.0,1.0
0.0,0.0,0.0,693.0,74.0,0.0,42.0,536.0,1.0,693.0,0.0,735.0,0.0,0.0,0.0,0.0,536.0,0.0,0.0,1.0,536.0,0.0,1.0,235.0,2355.0025413,735.0,42.0,0.0,0.0,735.0,1.0,0.0,1.0
0.0,0.0,0.0,637.0,27.0,0.0,98.0,411.0,6.0,637.0,0.0,735.0,0.0,0.0,0.0,1.0,411.0,0.0,0.0,0.0,411.0,0.0,6.0,339.0,3139.5240826,735.0,99.0,0.0,0.0,735.0,1.0,0.0,1.0
0.0,0.0,0.0,633.0,76.0,0.0,122.0,476.0,1.0,633.0,0.0,755.0,0.0,0.0,0.0,0.0,476.0,0.0,0.0,1.0,476.0,0.0,1.0,235.0,2400.9512222,470.0,122.0,0.0,0.0,755.0,1.0,0.0,1.0
0.0,827.0,1.0,624.0,84.0,0.0,203.0,302.0,1.0,624.0,248.0,827.0,827.0,165.0,0.0,0.0,302.0,165.0,0.0,0.0,302.0,0.0,1.0,236.0,2446.899903,0.0,203.0,0.0,0.0,0.0,1.0,0.0,1.0
0.0,0.0,0.0,157.0,90.0,0.0,1048.0,0.0,2.0,157.0,0.0,1205.0,0.0,0.0,0.0,0.0,0.0,0.0,0.0,2.0,0.0,2.0,2.0,157.0,1933.0696246,0.0,1048.0,0.0,0.0,1205.0,1.0,0.0,1.0
0.0,0.0,0.0,329.0,74.0,0.0,406.0,172.0,1.0,329.0,0.0,735.0,0.0,0.0,0.0,1.0,172.0,0.0,0.0,0.0,172.0,0.0,1.0,235.0,2236.8396533,735.0,406.0,0.0,0.0,735.0,1.0,0.0,1.0
0.0,890.0,1.0,383.0,53.0,0.0,507.0,48.0,3.0,383.0,226.0,890.0,0.0,178.0,0.0,0.0,325.0,178.0,0.0,0.0,48.0,1.0,3.0,205.0,2987.745993,0.0,230.0,0.0,0.0,0.0,1.0,0.0,1.0
0.0,0.0,0.0,252.0,76.0,0.0,765.0,95.0,2.0,252.0,0.0,1017.0,0.0,0.0,0.0,0.0,95.0,0.0,0.0,0.0,95.0,0.0,2.0,235.0,2266.7920085,0.0,766.0,0.0,0.0,1017.0,1.0,0.0,1.0
0.0,0.0,0.0,585.0,86.0,0.0,267.0,428.0,1.0,585.0,0.0,852.0,0.0,0.0,0.0,1.0,427.0,0.0,0.0,0.0,428.0,0.0,1.0,236.0,2397.8116205,0.0,268.0,0.0,0.0,852.0,1.0,0.0,1.0
0.0,2152.0,1.0,1212.0,106.0,0.0,940.0,300.0,4.0,1212.0,645.0,2152.0,2152.0,430.0,0.0,0.0,300.0,430.0,0.0,0.0,300.0,1.0,4.0,252.0,2837.0956236,0.0,940.0,0.0,0.0,0.0,1.0,0.0,1.0
0.0,0.0,0.0,0.0,0.0,0.0,0.0,325.0,1.0,482.0,0.0,0.0,0.0,0.0,0.0,0.0,325.0,0.0,0.0,0.0,0.0,0.0,1.0,0.0,2715.8294278,0.0,0.0,0.0,0.0,0.0,1.0,0.0,1.0
0.0,1796.0,1.0,527.0,89.0,0.0,1269.0,0.0,4.0,527.0,359.0,1796.0,1796.0,359.0,0.0,0.0,0.0,359.0,0.0,0.0,0.0,0.0,4.0,168.0,2448.4072042,0.0,1269.0,0.0,0.0,0.0,1.0,0.0,1.0
0.0,0.0,0.0,398.0,78.0,0.0,378.0,241.0,1.0,398.0,0.0,776.0,0.0,0.0,0.0,1.0,240.0,0.0,0.0,0.0,241.0,0.0,1.0,236.0,2268.2488256,0.0,379.0,0.0,0.0,776.0,1.0,0.0,1.0
0.0,0.0,0.0,163.0,95.0,0.0,1103.0,6.0,2.0,163.0,0.0,1266.0,0.0,0.0,0.0,1.0,6.0,0.0,0.0,0.0,6.0,0.0,2.0,163.0,1870.251294,0.0,1103.0,0.0,0.0,1266.0,1.0,0.0,1.0
0.0,644.0,1.0,285.0,65.0,0.0,359.0,0.0,1.0,285.0,128.0,644.0,0.0,129.0,0.0,0.0,0.0,128.0,0.0,1.0,0.0,0.0,1.0,157.0,2291.8056872,0.0,358.0,0.0,0.0,0.0,1.0,0.0,1.0
0.0,0.0,0.0,433.0,76.0,0.0,322.0,276.0,1.0,433.0,0.0,755.0,0.0,0.0,0.0,0.0,276.0,0.0,0.0,1.0,276.0,0.0,1.0,235.0,2334.9932994,138.0,322.0,0.0,0.0,755.0,1.0,0.0,1.0
0.0,0.0,0.0,769.0,79.0,0.0,14.0,612.0,1.0,769.0,0.0,783.0,0.0,0.0,0.0,0.0,612.0,0.0,0.0,1.0,612.0,0.0,1.0,235.0,2696.1986951,0.0,14.0,0.0,0.0,783.0,1.0,0.0,1.0
0.0,0.0,0.0,570.0,59.0,0.0,16.0,413.0,1.0,570.0,0.0,586.0,0.0,0.0,0.0,0.0,413.0,0.0,0.0,1.0,413.0,0.0,1.0,236.0,2696.1986951,0.0,17.0,0.0,0.0,586.0,1.0,0.0,1.0
0.0,0.0,0.0,607.0,54.0,0.0,484.0,439.0,4.0,607.0,0.0,1091.0,0.0,0.0,0.0,0.0,439.0,0.0,0.0,0.0,439.0,0.0,4.0,252.0,3371.0514475,0.0,484.0,0.0,0.0,1091.0,1.0,0.0,1.0
0.0,0.0,0.0,0.0,0.0,0.0,0.0,0.0,1.0,157.0,0.0,0.0,0.0,0.0,0.0,0.0,0.0,0.0,0.0,0.0,0.0,0.0,1.0,0.0,2715.8294278,0.0,0.0,0.0,0.0,0.0,1.0,0.0,1.0
0.0,0.0,0.0,0.0,0.0,0.0,0.0,0.0,1.0,157.0,0.0,0.0,0.0,0.0,0.0,0.0,0.0,0.0,0.0,0.0,0.0,0.0,1.0,0.0,2715.8294278,0.0,0.0,0.0,0.0,0.0,1.0,0.0,1.0
0.0,0.0,0.0,157.0,94.0,0.0,1100.0,0.0,2.0,157.0,0.0,1257.0,0.0,0.0,0.0,1.0,0.0,0.0,0.0,1.0,0.0,0.0,2.0,157.0,1874.1774302,296.0,1100.0,0.0,0.0,1257.0,1.0,0.0,1.0
0.0,0.0,0.0,624.0,76.0,0.0,397.0,467.0,2.0,624.0,0.0,1021.0,0.0,0.0,0.0,0.0,467.0,0.0,0.0,2.0,467.0,2.0,2.0,235.0,2698.6680168,333.0,397.0,0.0,0.0,1021.0,1.0,0.0,1.0
0.0,0.0,0.0,157.0,76.0,0.0,598.0,0.0,1.0,157.0,0.0,755.0,0.0,0.0,0.0,1.0,0.0,0.0,0.0,0.0,0.0,0.0,1.0,157.0,2016.9755014,439.0,598.0,0.0,0.0,755.0,1.0,0.0,1.0
0.0,0.0,0.0,157.0,82.0,0.0,658.0,0.0,1.0,157.0,0.0,815.0,0.0,0.0,0.0,1.0,0.0,0.0,0.0,0.0,0.0,0.0,1.0,157.0,2016.9755014,0.0,658.0,0.0,0.0,815.0,1.0,0.0,1.0
0.0,0.0,0.0,0.0,0.0,0.0,0.0,0.0,1.0,157.0,0.0,0.0,0.0,0.0,0.0,0.0,0.0,0.0,0.0,0.0,0.0,0.0,1.0,0.0,2715.8294278,0.0,0.0,0.0,0.0,0.0,1.0,0.0,1.0
0.0,0.0,0.0,0.0,0.0,0.0,0.0,325.0,1.0,482.0,0.0,0.0,0.0,0.0,0.0,0.0,325.0,0.0,0.0,0.0,0.0,0.0,1.0,0.0,2715.8294278,0.0,0.0,0.0,0.0,0.0,1.0,0.0,1.0
0.0,0.0,0.0,157.0,76.0,0.0,598.0,0.0,1.0,157.0,0.0,755.0,0.0,0.0,0.0,0.0,0.0,0.0,0.0,1.0,0.0,0.0,1.0,157.0,2016.9755014,199.0,598.0,0.0,0.0,755.0,1.0,0.0,1.0
0.0,0.0,0.0,0.0,0.0,0.0,0.0,0.0,1.0,157.0,0.0,0.0,0.0,0.0,0.0,0.0,0.0,0.0,0.0,1.0,0.0,0.0,1.0,0.0,2715.8294278,0.0,0.0,0.0,0.0,0.0,1.0,0.0,1.0
0.0,0.0,0.0,179.0,19.0,0.0,14.0,22.0,1.0,179.0,0.0,193.0,0.0,0.0,0.0,1.0,22.0,0.0,0.0,0.0,22.0,0.0,1.0,179.0,2696.1986951,193.0,15.0,0.0,0.0,193.0,1.0,0.0,1.0
0.0,1518.0,1.0,460.0,119.0,409.0,1542.0,0.0,3.0,460.0,303.0,2002.0,1518.0,304.0,0.0,0.0,0.0,303.0,1.0,0.0,0.0,0.0,3.0,157.0,1770.6408123,0.0,1541.0,0.0,0.0,484.0,1.0,0.0,1.0
0.0,514.0,1.0,259.0,39.0,0.0,255.0,0.0,2.0,259.0,102.0,514.0,514.0,103.0,0.0,0.0,0.0,102.0,0.0,0.0,0.0,0.0,2.0,157.0,2867.4922927,0.0,254.0,0.0,0.0,0.0,1.0,0.0,1.0
0.0,1032.0,1.0,746.0,77.0,0.0,286.0,383.0,2.0,746.0,309.0,1032.0,1032.0,206.0,0.0,0.0,383.0,206.0,0.0,0.0,383.0,0.0,2.0,236.0,2832.156972,0.0,287.0,0.0,0.0,0.0,1.0,0.0,1.0
0.0,0.0,0.0,507.0,82.0,0.0,301.0,350.0,1.0,507.0,0.0,808.0,0.0,0.0,0.0,1.0,350.0,0.0,0.0,0.0,350.0,0.0,1.0,236.0,2358.5501693,0.0,301.0,0.0,0.0,808.0,1.0,0.0,1.0
0.0,898.0,1.0,336.0,67.0,0.0,562.0,0.0,2.0,336.0,179.0,898.0,898.0,180.0,0.0,0.0,0.0,179.0,0.0,0.0,0.0,0.0,2.0,157.0,2506.2868892,0.0,561.0,0.0,0.0,0.0,1.0,0.0,1.0
0.0,0.0,0.0,447.0,74.0,0.0,288.0,290.0,1.0,447.0,0.0,735.0,0.0,0.0,0.0,1.0,290.0,0.0,0.0,0.0,290.0,0.0,1.0,235.0,2374.2547494,735.0,288.0,0.0,0.0,735.0,1.0,0.0,1.0
0.0,0.0,0.0,0.0,0.0,0.0,0.0,0.0,1.0,157.0,0.0,0.0,0.0,0.0,0.0,0.0,0.0,0.0,0.0,0.0,0.0,0.0,1.0,0.0,2715.8294278,0.0,0.0,0.0,0.0,0.0,1.0,0.0,1.0
0.0,508.0,1.0,433.0,51.0,0.0,75.0,175.0,1.0,433.0,151.0,508.0,508.0,101.0,0.0,0.0,175.0,101.0,0.0,0.0,175.0,0.0,1.0,235.0,2625.5280742,0.0,75.0,0.0,0.0,0.0,1.0,0.0,1.0
0.0,2196.0,1.0,596.0,131.0,0.0,1600.0,0.0,3.0,596.0,439.0,2196.0,2196.0,439.0,0.0,0.0,0.0,439.0,0.0,0.0,0.0,0.0,3.0,157.0,1703.8963483,0.0,1600.0,0.0,0.0,0.0,1.0,0.0,1.0
0.0,0.0,0.0,200.0,108.0,0.0,872.0,43.0,1.0,200.0,0.0,1072.0,0.0,0.0,0.0,0.0,43.0,0.0,0.0,1.0,43.0,0.0,1.0,200.0,2016.9755014,0.0,873.0,0.0,0.0,1072.0,1.0,0.0,1.0
0.0,0.0,0.0,40.0,4.0,0.0,0.0,0.0,1.0,157.0,0.0,40.0,0.0,0.0,0.0,0.0,0.0,0.0,0.0,0.0,0.0,0.0,1.0,40.0,2715.8294278,0.0,0.0,0.0,0.0,40.0,1.0,0.0,1.0
0.0,0.0,0.0,0.0,0.0,0.0,0.0,0.0,1.0,157.0,0.0,0.0,0.0,0.0,0.0,0.0,0.0,0.0,0.0,0.0,0.0,0.0,1.0,0.0,2715.8294278,0.0,0.0,0.0,0.0,0.0,1.0,0.0,1.0
0.0,0.0,0.0,0.0,0.0,0.0,0.0,325.0,1.0,482.0,0.0,0.0,0.0,0.0,0.0,0.0,325.0,0.0,0.0,0.0,0.0,0.0,1.0,0.0,2715.8294278,0.0,0.0,0.0,0.0,0.0,1.0,0.0,1.0
0.0,0.0,0.0,614.0,23.0,0.0,0.0,517.0,6.0,743.0,0.0,614.0,0.0,0.0,0.0,0.0,517.0,0.0,0.0,0.0,388.0,0.0,6.0,97.0,4655.9135979,0.0,0.0,0.0,0.0,614.0,1.0,0.0,1.0
0.0,0.0,0.0,752.0,86.0,0.0,97.0,595.0,1.0,752.0,0.0,849.0,0.0,0.0,0.0,0.0,595.0,0.0,0.0,1.0,595.0,0.0,1.0,235.0,2598.0450708,0.0,96.0,0.0,0.0,849.0,1.0,0.0,1.0
0.0,348.0,1.0,226.0,35.0,0.0,122.0,0.0,1.0,226.0,69.0,348.0,348.0,70.0,0.0,0.0,0.0,69.0,0.0,1.0,0.0,0.0,1.0,157.0,2570.5620358,0.0,121.0,0.0,0.0,0.0,1.0,0.0,1.0
0.0,1934.0,1.0,548.0,117.0,0.0,1416.0,0.0,3.0,548.0,386.0,1964.0,1934.0,387.0,0.0,0.0,0.0,386.0,0.0,1.0,0.0,0.0,3.0,157.0,1919.834379,0.0,1415.0,0.0,0.0,30.0,1.0,0.0,1.0
0.0,0.0,0.0,186.0,65.0,0.0,911.0,29.0,3.0,186.0,0.0,1097.0,0.0,0.0,0.0,1.0,29.0,0.0,0.0,0.0,29.0,0.0,3.0,186.0,2512.6823554,735.0,911.0,0.0,0.0,1097.0,1.0,0.0,1.0
0.0,3026.0,1.0,802.0,128.0,0.0,2224.0,0.0,5.0,802.0,605.0,3026.0,3026.0,605.0,0.0,0.0,0.0,605.0,0.0,0.0,0.0,0.0,5.0,197.0,1614.6075266,0.0,2224.0,0.0,0.0,0.0,1.0,0.0,1.0
0.0,1936.0,1.0,710.0,96.0,0.0,1226.0,155.0,4.0,710.0,542.0,1936.0,1936.0,387.0,0.0,0.0,155.0,387.0,0.0,0.0,155.0,0.0,4.0,252.0,2499.4471161,0.0,1226.0,0.0,0.0,0.0,1.0,0.0,1.0
0.0,0.0,0.0,158.0,76.0,0.0,597.0,1.0,1.0,158.0,0.0,755.0,0.0,0.0,0.0,1.0,1.0,0.0,0.0,0.0,1.0,0.0,1.0,158.0,2016.9755014,56.0,597.0,0.0,0.0,755.0,1.0,0.0,1.0
0.0,0.0,0.0,632.0,63.0,0.0,429.0,475.0,3.0,632.0,0.0,1061.0,0.0,0.0,0.0,1.0,475.0,0.0,0.0,0.0,475.0,0.0,3.0,235.0,3081.9734854,0.0,429.0,0.0,0.0,1061.0,1.0,0.0,1.0
0.0,0.0,0.0,693.0,74.0,0.0,42.0,536.0,1.0,693.0,0.0,735.0,0.0,0.0,0.0,0.0,536.0,0.0,0.0,1.0,536.0,0.0,1.0,235.0,2664.7895369,735.0,42.0,0.0,0.0,735.0,1.0,0.0,1.0
0.0,2022.0,1.0,916.0,120.0,0.0,1106.0,355.0,3.0,916.0,606.0,2022.0,2022.0,404.0,0.0,0.0,355.0,404.0,0.0,0.0,355.0,0.0,3.0,236.0,2284.9659162,0.0,1106.0,0.0,0.0,0.0,1.0,0.0,1.0
0.0,0.0,0.0,0.0,0.0,0.0,0.0,325.0,4.0,493.0,0.0,0.0,0.0,0.0,0.0,0.0,325.0,0.0,0.0,0.0,0.0,1.0,4.0,0.0,3944.268718,0.0,0.0,0.0,0.0,0.0,1.0,0.0,1.0
0.0,0.0,0.0,507.0,55.0,0.0,40.0,350.0,1.0,507.0,0.0,547.0,0.0,0.0,0.0,0.0,350.0,0.0,0.0,1.0,350.0,0.0,1.0,235.0,2668.7156924,0.0,40.0,0.0,0.0,547.0,1.0,0.0,1.0
0.0,622.0,1.0,281.0,76.0,0.0,735.0,0.0,2.0,281.0,124.0,1016.0,622.0,124.0,0.0,0.0,0.0,124.0,0.0,0.0,0.0,0.0,2.0,157.0,2302.1273122,0.0,735.0,0.0,0.0,394.0,1.0,0.0,1.0
0.0,0.0,0.0,601.0,70.0,0.0,96.0,444.0,1.0,601.0,0.0,697.0,0.0,0.0,0.0,0.0,444.0,0.0,0.0,1.0,444.0,0.0,1.0,235.0,2601.9712182,0.0,96.0,0.0,0.0,697.0,1.0,0.0,1.0
0.0,712.0,1.0,418.0,42.0,0.0,294.0,119.0,3.0,418.0,213.0,712.0,712.0,143.0,0.0,0.0,119.0,142.0,0.0,0.0,119.0,0.0,3.0,236.0,3239.0193146,0.0,293.0,0.0,0.0,0.0,1.0,0.0,1.0
0.0,0.0,0.0,301.0,79.0,409.0,1578.0,104.0,5.0,301.0,0.0,1879.0,0.0,0.0,0.0,1.0,104.0,0.0,1.0,0.0,104.0,0.0,5.0,295.0,2376.2797805,1470.0,1578.0,0.0,0.0,1879.0,1.0,0.0,1.0
0.0,1612.0,1.0,479.0,96.0,0.0,1133.0,0.0,3.0,479.0,322.0,1612.0,1612.0,322.0,0.0,0.0,0.0,322.0,0.0,0.0,0.0,0.0,3.0,157.0,2253.556755,0.0,1133.0,0.0,0.0,0.0,1.0,0.0,1.0
0.0,0.0,0.0,200.0,76.0,0.0,555.0,43.0,1.0,200.0,0.0,755.0,0.0,0.0,0.0,0.0,43.0,0.0,0.0,1.0,43.0,1.0,1.0,200.0,2060.1631133,21.0,555.0,0.0,0.0,755.0,1.0,0.0,1.0
0.0,2446.0,1.0,686.0,103.0,0.0,1760.0,0.0,5.0,686.0,489.0,2446.0,2446.0,490.0,0.0,0.0,0.0,489.0,0.0,0.0,0.0,0.0,5.0,197.0,2164.2678944,0.0,1759.0,0.0,0.0,0.0,1.0,0.0,1.0
0.0,1466.0,1.0,967.0,87.0,0.0,499.0,517.0,3.0,967.0,414.0,1466.0,1466.0,293.0,0.0,0.0,517.0,293.0,0.0,0.0,517.0,0.0,3.0,210.0,2999.5244245,0.0,499.0,0.0,0.0,0.0,1.0,0.0,1.0
0.0,0.0,0.0,168.0,76.0,0.0,1367.0,0.0,4.0,168.0,0.0,1535.0,0.0,0.0,0.0,1.0,0.0,0.0,0.0,0.0,0.0,0.0,4.0,168.0,2330.6228315,735.0,1367.0,0.0,0.0,1535.0,1.0,0.0,1.0
0.0,0.0,0.0,678.0,63.0,0.0,388.0,521.0,3.0,678.0,0.0,1066.0,0.0,0.0,0.0,1.0,521.0,0.0,0.0,0.0,521.0,0.0,3.0,236.0,3129.0872399,0.0,389.0,0.0,0.0,1066.0,1.0,0.0,1.0
0.0,110.0,1.0,110.0,8.0,0.0,0.0,0.0,2.0,179.0,0.0,110.0,0.0,22.0,0.0,0.0,0.0,22.0,0.0,0.0,0.0,0.0,2.0,88.0,3169.8055196,0.0,0.0,0.0,0.0,0.0,1.0,0.0,1.0
0.0,0.0,0.0,910.0,113.0,0.0,213.0,679.0,1.0,910.0,0.0,1123.0,0.0,0.0,0.0,1.0,679.0,0.0,0.0,0.0,679.0,0.0,1.0,235.0,2464.5561133,0.0,213.0,0.0,0.0,1123.0,1.0,0.0,1.0
0.0,0.0,0.0,0.0,0.0,0.0,0.0,0.0,1.0,157.0,0.0,0.0,0.0,0.0,0.0,0.0,0.0,0.0,0.0,0.0,0.0,0.0,1.0,0.0,2715.8294278,0.0,0.0,0.0,0.0,0.0,1.0,0.0,1.0
0.0,1356.0,1.0,839.0,137.0,0.0,517.0,411.0,1.0,839.0,406.0,1356.0,1356.0,271.0,0.0,0.0,411.0,271.0,0.0,0.0,411.0,0.0,1.0,235.0,2103.3507061,0.0,517.0,0.0,0.0,0.0,1.0,0.0,1.0
0.0,0.0,0.0,157.0,18.0,0.0,82.0,0.0,2.0,157.0,0.0,239.0,0.0,0.0,0.0,0.0,0.0,0.0,0.0,0.0,0.0,0.0,2.0,157.0,3071.6518766,0.0,82.0,0.0,0.0,239.0,1.0,0.0,1.0
0.0,0.0,0.0,30.0,1.0,0.0,0.0,0.0,4.0,168.0,0.0,30.0,0.0,0.0,0.0,0.0,0.0,0.0,0.0,0.0,0.0,0.0,4.0,30.0,3944.268718,0.0,0.0,0.0,0.0,30.0,1.0,0.0,1.0
0.0,0.0,0.0,426.0,74.0,0.0,309.0,269.0,1.0,426.0,0.0,735.0,0.0,0.0,0.0,1.0,269.0,0.0,0.0,0.0,269.0,0.0,1.0,235.0,2350.6978888,735.0,309.0,0.0,0.0,735.0,1.0,0.0,1.0
0.0,906.0,1.0,338.0,68.0,0.0,568.0,0.0,2.0,338.0,181.0,906.0,906.0,181.0,0.0,0.0,0.0,181.0,0.0,0.0,0.0,0.0,2.0,157.0,2498.4345952,0.0,568.0,0.0,0.0,0.0,1.0,0.0,1.0
0.0,0.0,0.0,244.0,25.0,244.0,0.0,282.0,1.0,439.0,0.0,244.0,0.0,0.0,0.0,0.0,282.0,0.0,1.0,0.0,87.0,0.0,1.0,41.0,2715.8294278,0.0,0.0,0.0,0.0,244.0,1.0,0.0,1.0
0.0,40.0,1.0,40.0,4.0,0.0,0.0,0.0,1.0,165.0,0.0,40.0,0.0,8.0,0.0,0.0,0.0,8.0,0.0,0.0,0.0,0.0,1.0,32.0,2715.8294278,0.0,0.0,0.0,0.0,0.0,1.0,0.0,1.0
0.0,0.0,0.0,157.0,109.0,0.0,919.0,0.0,1.0,157.0,0.0,1076.0,0.0,0.0,0.0,0.0,0.0,0.0,0.0,1.0,0.0,0.0,1.0,157.0,2016.9755014,0.0,919.0,0.0,0.0,1076.0,1.0,0.0,1.0
0.0,0.0,0.0,0.0,0.0,0.0,0.0,0.0,1.0,157.0,0.0,0.0,0.0,0.0,0.0,0.0,0.0,0.0,0.0,0.0,0.0,0.0,1.0,0.0,2715.8294278,0.0,0.0,0.0,0.0,0.0,1.0,0.0,1.0
0.0,2436.0,1.0,655.0,120.0,0.0,1781.0,0.0,4.0,655.0,487.0,2436.0,2436.0,487.0,0.0,0.0,0.0,487.0,0.0,0.0,0.0,0.0,4.0,168.0,1843.7807736,0.0,1781.0,0.0,0.0,0.0,1.0,0.0,1.0
0.0,0.0,0.0,157.0,24.0,327.0,170.0,0.0,2.0,157.0,0.0,327.0,0.0,0.0,0.0,0.0,0.0,0.0,1.0,0.0,0.0,0.0,2.0,157.0,2969.5720734,0.0,170.0,0.0,0.0,327.0,1.0,0.0,1.0
0.0,0.0,0.0,0.0,0.0,0.0,0.0,0.0,6.0,226.0,0.0,0.0,0.0,0.0,0.0,0.0,0.0,0.0,0.0,0.0,0.0,0.0,6.0,0.0,4655.9135979,0.0,0.0,0.0,0.0,0.0,1.0,0.0,1.0
0.0,0.0,0.0,240.0,87.0,0.0,624.0,0.0,1.0,240.0,0.0,864.0,0.0,0.0,0.0,1.0,0.0,0.0,0.0,0.0,0.0,0.0,1.0,157.0,2016.9754876,0.0,624.0,0.0,0.0,864.0,1.0,0.0,1.0
0.0,0.0,0.0,383.0,56.0,0.0,169.0,226.0,1.0,383.0,0.0,552.0,0.0,0.0,0.0,0.0,226.0,0.0,0.0,1.0,226.0,1.0,1.0,236.0,2515.5959891,0.0,169.0,0.0,0.0,552.0,1.0,0.0,1.0
0.0,0.0,0.0,593.0,74.0,0.0,142.0,436.0,1.0,593.0,0.0,735.0,0.0,0.0,0.0,0.0,436.0,0.0,0.0,1.0,436.0,0.0,1.0,235.0,2547.0051611,735.0,142.0,0.0,0.0,735.0,1.0,0.0,1.0
0.0,0.0,0.0,25.0,3.0,0.0,0.0,0.0,1.0,157.0,0.0,25.0,0.0,0.0,0.0,0.0,0.0,0.0,0.0,0.0,0.0,0.0,1.0,25.0,2715.8294278,0.0,0.0,0.0,0.0,25.0,1.0,0.0,1.0
0.0,0.0,0.0,651.0,57.0,0.0,698.0,454.0,5.0,651.0,0.0,1349.0,0.0,0.0,0.0,1.0,454.0,0.0,0.0,0.0,454.0,0.0,5.0,295.0,3412.7822265,0.0,698.0,0.0,0.0,1349.0,1.0,0.0,1.0
0.0,0.0,0.0,583.0,76.0,0.0,172.0,426.0,1.0,583.0,0.0,755.0,0.0,0.0,0.0,1.0,426.0,0.0,0.0,0.0,426.0,0.0,1.0,235.0,2277.9620241,172.0,172.0,0.0,0.0,755.0,1.0,0.0,1.0
0.0,0.0,0.0,456.0,19.0,0.0,0.0,350.0,5.0,547.0,0.0,456.0,0.0,0.0,0.0,0.0,349.0,0.0,0.0,0.0,259.0,0.0,5.0,205.0,3697.1339344,0.0,0.0,0.0,0.0,456.0,1.0,0.0,1.0
0.0,738.0,1.0,567.0,60.0,0.0,438.0,263.0,3.0,567.0,221.0,1005.0,738.0,148.0,0.0,0.0,263.0,147.0,0.0,0.0,263.0,0.0,3.0,236.0,2829.9990336,0.0,438.0,0.0,0.0,267.0,1.0,0.0,1.0
0.0,80.0,1.0,505.0,70.0,0.0,908.0,321.0,4.0,505.0,24.0,1413.0,80.0,16.0,0.0,0.0,320.0,16.0,0.0,0.0,321.0,0.0,4.0,252.0,2859.0214772,0.0,909.0,0.0,0.0,1333.0,1.0,0.0,1.0
0.0,0.0,0.0,258.0,76.0,0.0,497.0,101.0,1.0,258.0,0.0,755.0,0.0,0.0,0.0,0.0,101.0,0.0,0.0,1.0,101.0,0.0,1.0,235.0,2078.738842,56.0,497.0,0.0,0.0,755.0,1.0,0.0,1.0
0.0,200.0,1.0,197.0,20.0,0.0,3.0,0.0,1.0,197.0,40.0,200.0,0.0,40.0,0.0,0.0,0.0,40.0,0.0,0.0,0.0,0.0,1.0,157.0,2381.6393822,0.0,3.0,0.0,0.0,0.0,1.0,0.0,1.0
0.0,0.0,0.0,0.0,0.0,0.0,0.0,517.0,1.0,674.0,0.0,0.0,0.0,0.0,0.0,0.0,517.0,0.0,0.0,0.0,0.0,0.0,1.0,0.0,2383.6722812,0.0,0.0,0.0,0.0,0.0,1.0,0.0,1.0
0.0,62.0,1.0,382.0,39.0,0.0,0.0,219.0,1.0,388.0,12.0,382.0,62.0,12.0,0.0,0.0,219.0,12.0,0.0,1.0,213.0,0.0,1.0,230.0,2383.6722812,0.0,0.0,0.0,0.0,320.0,1.0,0.0,1.0
0.0,300.0,1.0,300.0,15.0,0.0,0.0,517.0,4.0,745.0,0.0,300.0,0.0,60.0,0.0,0.0,517.0,60.0,0.0,0.0,72.0,0.0,4.0,0.0,3414.0003236,0.0,0.0,0.0,0.0,0.0,1.0,0.0,1.0
0.0,0.0,0.0,455.0,76.0,0.0,301.0,298.0,1.0,455.0,0.0,756.0,0.0,0.0,0.0,0.0,298.0,0.0,0.0,1.0,298.0,0.0,1.0,236.0,2198.6793253,0.0,301.0,0.0,0.0,756.0,1.0,0.0,1.0
0.0,0.0,0.0,633.0,86.0,0.0,223.0,476.0,1.0,633.0,0.0,856.0,0.0,0.0,0.0,1.0,476.0,0.0,0.0,0.0,476.0,0.0,1.0,236.0,2247.4686658,0.0,223.0,0.0,0.0,856.0,1.0,0.0,1.0
0.0,0.0,0.0,157.0,74.0,0.0,578.0,0.0,1.0,157.0,0.0,735.0,0.0,0.0,0.0,1.0,0.0,0.0,0.0,0.0,0.0,0.0,1.0,157.0,2029.9494983,735.0,578.0,0.0,0.0,735.0,1.0,0.0,1.0
0.0,0.0,0.0,286.0,41.0,0.0,264.0,129.0,2.0,286.0,0.0,550.0,0.0,0.0,0.0,0.0,129.0,0.0,0.0,1.0,129.0,0.0,2.0,236.0,2587.5232006,0.0,265.0,0.0,0.0,550.0,1.0,0.0,1.0
0.0,1894.0,1.0,811.0,113.0,0.0,1083.0,276.0,3.0,811.0,567.0,1894.0,1894.0,379.0,0.0,0.0,276.0,378.0,0.0,0.0,276.0,0.0,3.0,236.0,2437.6513481,0.0,1082.0,0.0,0.0,0.0,1.0,0.0,1.0
0.0,0.0,0.0,0.0,0.0,0.0,0.0,517.0,3.0,674.0,0.0,0.0,0.0,0.0,0.0,0.0,517.0,0.0,0.0,0.0,0.0,0.0,3.0,0.0,3098.3404583,0.0,0.0,0.0,0.0,0.0,1.0,0.0,1.0
0.0,2314.0,1.0,763.0,114.0,0.0,1551.0,133.0,4.0,763.0,595.0,2314.0,2314.0,463.0,0.0,0.0,133.0,462.0,0.0,0.0,133.0,0.0,4.0,252.0,2466.6737886,0.0,1550.0,0.0,0.0,0.0,1.0,0.0,1.0
0.0,0.0,0.0,0.0,0.0,0.0,0.0,0.0,1.0,157.0,0.0,0.0,0.0,0.0,0.0,0.0,0.0,0.0,0.0,0.0,0.0,0.0,1.0,0.0,2383.6722812,0.0,0.0,0.0,0.0,0.0,1.0,0.0,1.0
0.0,1244.0,1.0,416.0,61.0,0.0,828.0,0.0,4.0,416.0,248.0,1244.0,1244.0,249.0,0.0,0.0,0.0,248.0,0.0,0.0,0.0,1.0,4.0,168.0,2907.8108078,0.0,827.0,0.0,0.0,0.0,1.0,0.0,1.0
0.0,1809.0,1.0,1268.0,136.0,0.0,541.0,503.0,2.0,1268.0,541.0,1809.0,0.0,362.0,0.0,0.0,504.0,361.0,0.0,0.0,503.0,0.0,2.0,235.0,2418.7933724,0.0,539.0,0.0,0.0,0.0,1.0,0.0,1.0
0.0,1220.0,1.0,468.0,123.0,0.0,752.0,67.0,1.0,468.0,311.0,1220.0,1220.0,244.0,0.0,0.0,67.0,244.0,0.0,0.0,67.0,0.0,1.0,224.0,2021.8179428,0.0,752.0,0.0,0.0,0.0,1.0,0.0,1.0
0.0,200.0,1.0,197.0,20.0,0.0,3.0,0.0,1.0,197.0,40.0,200.0,0.0,40.0,0.0,0.0,0.0,40.0,0.0,0.0,0.0,0.0,1.0,157.0,2381.6393822,0.0,3.0,0.0,0.0,0.0,1.0,0.0,1.0
0.0,0.0,0.0,543.0,74.0,0.0,192.0,386.0,1.0,543.0,0.0,735.0,0.0,0.0,0.0,0.0,386.0,0.0,0.0,1.0,386.0,0.0,1.0,235.0,2265.7646756,735.0,192.0,0.0,0.0,735.0,1.0,0.0,1.0
0.0,0.0,0.0,380.0,87.0,0.0,481.0,223.0,1.0,380.0,0.0,861.0,0.0,0.0,0.0,1.0,223.0,0.0,0.0,0.0,223.0,0.0,1.0,235.0,2088.9032949,0.0,481.0,0.0,0.0,861.0,1.0,0.0,1.0
0.0,0.0,0.0,0.0,0.0,0.0,0.0,325.0,3.0,482.0,0.0,0.0,0.0,0.0,0.0,0.0,325.0,0.0,0.0,0.0,0.0,0.0,3.0,0.0,3098.3404583,0.0,0.0,0.0,0.0,0.0,1.0,0.0,1.0
0.0,1422.0,1.0,452.0,107.0,0.0,1705.0,0.0,4.0,452.0,284.0,2157.0,1422.0,284.0,0.0,1.0,0.0,284.0,0.0,0.0,0.0,0.0,4.0,168.0,2373.1608527,735.0,1705.0,0.0,0.0,735.0,1.0,0.0,1.0
0.0,204.0,1.0,204.0,21.0,0.0,0.0,0.0,1.0,265.0,0.0,204.0,204.0,41.0,0.0,0.0,0.0,40.0,0.0,0.0,0.0,0.0,1.0,96.0,2383.6722812,0.0,0.0,0.0,0.0,0.0,1.0,0.0,1.0
0.0,0.0,0.0,564.0,151.0,0.0,930.0,257.0,1.0,564.0,0.0,1494.0,0.0,0.0,0.0,1.0,257.0,0.0,0.0,0.0,257.0,0.0,1.0,236.0,2021.8179428,0.0,931.0,0.0,0.0,1494.0,1.0,0.0,1.0
0.0,0.0,0.0,88.0,4.0,0.0,0.0,0.0,4.0,168.0,0.0,88.0,0.0,0.0,0.0,0.0,0.0,0.0,0.0,0.0,0.0,0.0,4.0,88.0,3414.0003236,0.0,0.0,0.0,0.0,88.0,1.0,0.0,1.0
0.0,0.0,0.0,351.0,103.0,0.0,669.0,194.0,1.0,351.0,0.0,1020.0,0.0,0.0,0.0,1.0,193.0,0.0,0.0,0.0,194.0,0.0,1.0,236.0,2021.8179428,0.0,670.0,0.0,0.0,1020.0,1.0,0.0,1.0
0.0,533.0,1.0,533.0,54.0,0.0,0.0,517.0,1.0,1080.0,0.0,533.0,533.0,107.0,0.0,0.0,517.0,106.0,0.0,0.0,0.0,0.0,1.0,0.0,2383.6722812,0.0,0.0,0.0,0.0,0.0,1.0,0.0,1.0
0.0,1399.0,1.0,1130.0,105.0,0.0,269.0,394.0,2.0,1130.0,419.0,1399.0,0.0,280.0,0.0,0.0,393.0,279.0,0.0,0.0,394.0,1.0,2.0,236.0,2585.4903028,0.0,269.0,0.0,0.0,0.0,1.0,0.0,1.0
0.0,0.0,0.0,0.0,0.0,0.0,0.0,325.0,1.0,482.0,0.0,0.0,0.0,0.0,0.0,0.0,325.0,0.0,0.0,0.0,0.0,0.0,1.0,0.0,2383.6722812,0.0,0.0,0.0,0.0,0.0,1.0,0.0,1.0
0.0,1094.0,1.0,703.0,54.0,0.0,391.0,317.0,4.0,703.0,327.0,1094.0,1094.0,219.0,0.0,0.0,317.0,218.0,0.0,0.0,317.0,0.0,4.0,252.0,3174.1193388,0.0,390.0,0.0,0.0,0.0,1.0,0.0,1.0
0.0,0.0,0.0,164.0,89.0,0.0,1323.0,7.0,3.0,164.0,0.0,1487.0,0.0,0.0,0.0,1.0,6.0,0.0,0.0,2.0,7.0,0.0,3.0,164.0,2291.2832978,501.0,1324.0,0.0,0.0,1487.0,1.0,0.0,1.0
0.0,1046.0,1.0,702.0,166.0,0.0,946.0,336.0,1.0,702.0,313.0,1648.0,1046.0,209.0,0.0,0.0,336.0,209.0,0.0,1.0,336.0,0.0,1.0,235.0,2021.8179428,0.0,946.0,0.0,0.0,602.0,1.0,0.0,1.0
0.0,0.0,0.0,80.0,8.0,0.0,0.0,325.0,1.0,482.0,0.0,80.0,0.0,16.0,0.0,0.0,325.0,0.0,0.0,0.0,0.0,0.0,1.0,0.0,2383.6722812,0.0,0.0,0.0,0.0,80.0,1.0,0.0,1.0
0.0,0.0,0.0,437.0,73.0,0.0,543.0,235.0,2.0,437.0,0.0,980.0,0.0,0.0,0.0,0.0,235.0,0.0,0.0,0.0,235.0,0.0,2.0,235.0,2418.7933724,0.0,543.0,0.0,0.0,980.0,1.0,0.0,1.0
0.0,0.0,0.0,0.0,0.0,0.0,0.0,0.0,1.0,157.0,0.0,0.0,0.0,0.0,0.0,0.0,0.0,0.0,0.0,0.0,0.0,0.0,1.0,0.0,2383.6722812,0.0,0.0,0.0,0.0,0.0,1.0,0.0,1.0
0.0,0.0,0.0,157.0,84.0,0.0,965.0,0.0,2.0,157.0,0.0,1122.0,0.0,0.0,0.0,0.0,0.0,0.0,0.0,2.0,0.0,0.0,2.0,157.0,2160.6163996,468.0,966.0,0.0,0.0,1122.0,1.0,0.0,1.0
0.0,0.0,0.0,608.0,99.0,0.0,377.0,451.0,1.0,608.0,0.0,985.0,0.0,0.0,0.0,0.0,451.0,0.0,0.0,1.0,451.0,0.0,1.0,235.0,2151.922856,0.0,377.0,0.0,0.0,985.0,1.0,0.0,1.0
0.0,812.0,1.0,394.0,67.0,0.0,728.0,75.0,3.0,394.0,237.0,1122.0,812.0,162.0,0.0,0.0,75.0,162.0,0.0,0.0,75.0,0.0,3.0,232.0,2653.1376567,0.0,728.0,0.0,0.0,310.0,1.0,0.0,1.0
0.0,0.0,0.0,833.0,84.0,0.0,0.0,687.0,1.0,844.0,0.0,833.0,0.0,0.0,0.0,0.0,687.0,0.0,0.0,1.0,676.0,0.0,1.0,224.0,2383.6722812,0.0,0.0,0.0,0.0,833.0,1.0,0.0,1.0
0.0,0.0,0.0,157.0,100.0,0.0,834.0,0.0,1.0,157.0,0.0,991.0,0.0,0.0,0.0,1.0,0.0,0.0,0.0,0.0,0.0,0.0,1.0,157.0,2021.8179428,0.0,834.0,0.0,0.0,991.0,1.0,0.0,1.0
0.0,0.0,0.0,367.0,74.0,0.0,368.0,210.0,1.0,367.0,0.0,735.0,0.0,0.0,0.0,1.0,210.0,0.0,0.0,0.0,210.0,0.0,1.0,235.0,2158.0215217,735.0,368.0,0.0,0.0,735.0,1.0,0.0,1.0
0.0,0.0,0.0,0.0,0.0,0.0,0.0,40.0,1.0,197.0,0.0,0.0,0.0,0.0,0.0,0.0,0.0,0.0,0.0,0.0,0.0,0.0,1.0,0.0,2383.6722812,0.0,0.0,0.0,0.0,0.0,1.0,0.0,1.0
0.0,1178.0,1.0,392.0,119.0,0.0,786.0,0.0,1.0,392.0,235.0,1178.0,1178.0,236.0,0.0,0.0,0.0,235.0,0.0,0.0,0.0,0.0,1.0,157.0,2021.8179428,0.0,785.0,0.0,0.0,0.0,1.0,0.0,1.0
0.0,220.0,1.0,201.0,22.0,0.0,19.0,0.0,1.0,201.0,44.0,220.0,0.0,44.0,0.0,0.0,0.0,44.0,0.0,0.0,0.0,0.0,1.0,157.0,2371.4749518,0.0,19.0,0.0,0.0,0.0,1.0,0.0,1.0
0.0,1048.0,1.0,435.0,72.0,0.0,1521.0,0.0,6.0,435.0,209.0,1956.0,1048.0,210.0,0.0,0.0,0.0,209.0,0.0,0.0,0.0,2.0,6.0,226.0,3116.2894914,0.0,1520.0,0.0,0.0,908.0,1.0,0.0,1.0
0.0,3040.0,1.0,813.0,128.0,0.0,2227.0,8.0,5.0,813.0,616.0,3040.0,3040.0,608.0,0.0,0.0,8.0,608.0,0.0,0.0,8.0,0.0,5.0,205.0,2337.1308118,0.0,2227.0,0.0,0.0,0.0,1.0,0.0,1.0
0.0,0.0,0.0,0.0,0.0,0.0,0.0,0.0,2.0,157.0,0.0,0.0,0.0,0.0,0.0,0.0,0.0,0.0,0.0,0.0,0.0,0.0,2.0,0.0,2750.1543803,0.0,0.0,0.0,0.0,0.0,1.0,0.0,1.0
0.0,894.0,1.0,416.0,87.0,0.0,752.0,0.0,2.0,416.0,178.0,1168.0,894.0,179.0,0.0,0.0,0.0,178.0,0.0,0.0,0.0,0.0,2.0,157.0,2290.7213311,0.0,751.0,0.0,0.0,274.0,1.0,0.0,1.0
0.0,0.0,0.0,612.0,112.0,0.0,500.0,317.0,1.0,612.0,0.0,1112.0,0.0,0.0,0.0,0.0,317.0,0.0,0.0,1.0,317.0,0.0,1.0,236.0,2078.738842,0.0,500.0,0.0,0.0,1112.0,1.0,0.0,1.0
0.0,0.0,0.0,0.0,0.0,0.0,0.0,40.0,3.0,197.0,0.0,0.0,0.0,0.0,0.0,0.0,40.0,0.0,0.0,0.0,0.0,0.0,3.0,0.0,3098.3404583,0.0,0.0,0.0,0.0,0.0,1.0,0.0,1.0
0.0,0.0,0.0,472.0,119.0,0.0,705.0,315.0,1.0,472.0,0.0,1177.0,0.0,0.0,0.0,0.0,315.0,0.0,0.0,1.0,315.0,0.0,1.0,235.0,2021.8179133,0.0,705.0,0.0,0.0,1177.0,1.0,0.0,1.0
0.0,240.0,1.0,569.0,84.0,0.0,266.0,364.0,1.0,569.0,72.0,835.0,240.0,48.0,0.0,0.0,364.0,48.0,0.0,1.0,364.0,0.0,1.0,235.0,2221.041102,0.0,266.0,0.0,0.0,595.0,1.0,0.0,1.0
0.0,0.0,0.0,827.0,84.0,0.0,0.0,740.0,1.0,897.0,0.0,827.0,0.0,0.0,0.0,1.0,740.0,0.0,0.0,0.0,670.0,0.0,1.0,165.0,2383.6722812,0.0,0.0,0.0,0.0,827.0,1.0,0.0,1.0
0.0,0.0,0.0,428.0,74.0,0.0,307.0,271.0,1.0,428.0,0.0,735.0,0.0,0.0,0.0,1.0,271.0,0.0,0.0,0.0,271.0,0.0,1.0,235.0,2194.6135435,735.0,307.0,0.0,0.0,735.0,1.0,0.0,1.0
0.0,0.0,0.0,166.0,18.0,244.0,78.0,9.0,2.0,166.0,0.0,244.0,0.0,0.0,0.0,0.0,8.0,0.0,1.0,0.0,9.0,0.0,2.0,166.0,2701.3650233,0.0,79.0,0.0,0.0,244.0,1.0,0.0,1.0
0.0,0.0,0.0,0.0,0.0,0.0,0.0,0.0,1.0,157.0,0.0,0.0,0.0,0.0,0.0,0.0,0.0,0.0,0.0,1.0,0.0,0.0,1.0,0.0,2383.6722812,0.0,0.0,0.0,0.0,0.0,1.0,0.0,1.0
0.0,0.0,0.0,0.0,0.0,0.0,0.0,0.0,1.0,157.0,0.0,0.0,0.0,0.0,0.0,0.0,0.0,0.0,0.0,0.0,0.0,0.0,1.0,0.0,2383.6722812,0.0,0.0,0.0,0.0,0.0,1.0,0.0,1.0
0.0,0.0,0.0,0.0,0.0,0.0,0.0,0.0,1.0,157.0,0.0,0.0,0.0,0.0,0.0,0.0,0.0,0.0,0.0,0.0,0.0,0.0,1.0,0.0,2383.6722812,0.0,0.0,0.0,0.0,0.0,1.0,0.0,1.0
0.0,0.0,0.0,0.0,0.0,0.0,0.0,0.0,1.0,157.0,0.0,0.0,0.0,0.0,0.0,0.0,0.0,0.0,0.0,0.0,0.0,0.0,1.0,0.0,2383.6722812,0.0,0.0,0.0,0.0,0.0,1.0,0.0,1.0
0.0,2164.0,1.0,980.0,80.0,0.0,1184.0,322.0,6.0,980.0,648.0,2164.0,2164.0,433.0,0.0,0.0,323.0,432.0,0.0,0.0,322.0,0.0,6.0,339.0,3321.611333,0.0,1182.0,0.0,0.0,0.0,1.0,0.0,1.0
0.0,0.0,0.0,559.0,74.0,0.0,176.0,402.0,1.0,559.0,0.0,735.0,0.0,0.0,0.0,1.0,402.0,0.0,0.0,0.0,402.0,0.0,1.0,235.0,2275.9291149,735.0,176.0,0.0,0.0,735.0,1.0,0.0,1.0
0.0,0.0,0.0,508.0,74.0,0.0,227.0,351.0,1.0,508.0,0.0,735.0,0.0,0.0,0.0,1.0,351.0,0.0,0.0,0.0,351.0,0.0,1.0,235.0,2243.4028944,735.0,227.0,0.0,0.0,735.0,1.0,0.0,1.0
0.0,0.0,0.0,197.0,47.0,0.0,919.0,0.0,5.0,197.0,0.0,1116.0,0.0,0.0,0.0,0.0,0.0,0.0,0.0,0.0,0.0,0.0,5.0,197.0,3136.0564242,0.0,919.0,0.0,0.0,1116.0,1.0,0.0,1.0
0.0,0.0,0.0,373.0,57.0,0.0,382.0,216.0,2.0,373.0,0.0,755.0,0.0,0.0,0.0,1.0,216.0,0.0,0.0,0.0,216.0,0.0,2.0,235.0,2516.372058,82.0,382.0,0.0,0.0,755.0,1.0,0.0,1.0
0.0,1516.0,1.0,977.0,114.0,0.0,539.0,517.0,2.0,977.0,303.0,1516.0,1516.0,303.0,0.0,0.0,517.0,303.0,0.0,0.0,517.0,0.0,2.0,157.0,2420.8262457,0.0,539.0,0.0,0.0,0.0,1.0,0.0,1.0
0.0,0.0,0.0,0.0,0.0,0.0,0.0,0.0,1.0,157.0,0.0,0.0,0.0,0.0,0.0,0.0,0.0,0.0,0.0,0.0,0.0,0.0,1.0,0.0,2383.6722812,0.0,0.0,0.0,0.0,0.0,1.0,0.0,1.0
0.0,405.0,1.0,405.0,41.0,0.0,0.0,517.0,1.0,755.0,0.0,405.0,405.0,81.0,0.0,0.0,517.0,81.0,0.0,0.0,167.0,0.0,1.0,0.0,2383.6722812,0.0,0.0,0.0,0.0,0.0,1.0,0.0,1.0
0.0,856.0,1.0,444.0,42.0,0.0,412.0,105.0,4.0,444.0,257.0,856.0,856.0,171.0,0.0,0.0,105.0,171.0,0.0,0.0,105.0,0.0,4.0,252.0,3161.9219999,0.0,412.0,0.0,0.0,0.0,1.0,0.0,1.0
0.0,606.0,1.0,454.0,60.0,0.0,552.0,176.0,3.0,454.0,181.0,1006.0,606.0,121.0,0.0,0.0,176.0,121.0,0.0,0.0,176.0,0.0,3.0,235.0,2760.8807821,0.0,552.0,0.0,0.0,400.0,1.0,0.0,1.0
0.0,0.0,0.0,0.0,0.0,0.0,0.0,0.0,1.0,157.0,0.0,0.0,0.0,0.0,0.0,0.0,0.0,0.0,0.0,0.0,0.0,0.0,1.0,0.0,2383.6722812,0.0,0.0,0.0,0.0,0.0,1.0,0.0,1.0
0.0,1408.0,1.0,928.0,142.0,0.0,480.0,490.0,1.0,928.0,421.0,1408.0,1408.0,282.0,0.0,0.0,491.0,281.0,0.0,0.0,490.0,0.0,1.0,235.0,2090.9361597,0.0,478.0,0.0,0.0,0.0,1.0,0.0,1.0
0.0,0.0,0.0,880.0,89.0,0.0,0.0,724.0,1.0,881.0,0.0,880.0,0.0,0.0,0.0,1.0,723.0,0.0,0.0,0.0,723.0,0.0,1.0,235.0,2383.6722812,0.0,0.0,0.0,0.0,880.0,1.0,0.0,1.0
0.0,600.0,1.0,600.0,61.0,0.0,0.0,517.0,1.0,794.0,0.0,600.0,600.0,120.0,0.0,0.0,517.0,120.0,0.0,0.0,323.0,0.0,1.0,0.0,2383.6722812,0.0,0.0,0.0,0.0,0.0,1.0,0.0,1.0
0.0,0.0,0.0,157.0,24.0,409.0,252.0,0.0,3.0,157.0,0.0,409.0,0.0,0.0,0.0,0.0,0.0,0.0,1.0,0.0,0.0,0.0,3.0,157.0,2943.8408455,0.0,252.0,0.0,0.0,409.0,1.0,0.0,1.0
0.0,0.0,0.0,0.0,0.0,0.0,0.0,0.0,1.0,157.0,0.0,0.0,0.0,0.0,0.0,0.0,0.0,0.0,0.0,0.0,0.0,0.0,1.0,0.0,2383.6722812,0.0,0.0,0.0,0.0,0.0,1.0,0.0,1.0
0.0,1254.0,1.0,709.0,127.0,0.0,545.0,302.0,1.0,709.0,375.0,1254.0,1254.0,251.0,0.0,0.0,302.0,250.0,0.0,0.0,302.0,0.0,1.0,236.0,2050.2783936,0.0,544.0,0.0,0.0,0.0,1.0,0.0,1.0
0.0,0.0,0.0,406.0,24.0,409.0,3.0,249.0,3.0,406.0,0.0,409.0,0.0,0.0,0.0,0.0,249.0,0.0,1.0,0.0,249.0,0.0,3.0,235.0,3096.307561,0.0,3.0,0.0,0.0,409.0,1.0,0.0,1.0
0.0,0.0,0.0,216.0,76.0,0.0,539.0,59.0,1.0,216.0,0.0,755.0,0.0,0.0,0.0,1.0,59.0,0.0,0.0,0.0,59.0,0.0,1.0,216.0,2054.3441497,29.0,539.0,0.0,0.0,755.0,1.0,0.0,1.0
0.0,0.0,0.0,0.0,0.0,0.0,0.0,0.0,2.0,157.0,0.0,0.0,0.0,0.0,0.0,0.0,0.0,0.0,0.0,0.0,0.0,0.0,2.0,0.0,2750.1543586,0.0,0.0,0.0,0.0,0.0,1.0,0.0,1.0
0.0,0.0,0.0,408.0,74.0,0.0,327.0,251.0,1.0,408.0,0.0,735.0,0.0,0.0,0.0,1.0,251.0,0.0,0.0,0.0,251.0,0.0,1.0,235.0,2182.4162019,735.0,327.0,0.0,0.0,735.0,1.0,0.0,1.0
0.0,0.0,0.0,327.0,24.0,327.0,0.0,240.0,2.0,397.0,0.0,327.0,0.0,0.0,0.0,0.0,240.0,0.0,1.0,0.0,170.0,0.0,2.0,165.0,2750.1543586,0.0,0.0,0.0,0.0,327.0,1.0,0.0,1.0
0.0,0.0,0.0,0.0,0.0,0.0,0.0,0.0,1.0,157.0,0.0,0.0,0.0,0.0,0.0,0.0,0.0,0.0,0.0,0.0,0.0,0.0,1.0,0.0,2383.6722812,0.0,0.0,0.0,0.0,0.0,1.0,0.0,1.0
0.0,0.0,0.0,197.0,78.0,0.0,1648.0,0.0,5.0,197.0,0.0,1845.0,0.0,0.0,0.0,0.0,0.0,0.0,0.0,0.0,0.0,0.0,5.0,197.0,2690.8535991,0.0,1648.0,0.0,0.0,1845.0,1.0,0.0,1.0
0.0,0.0,0.0,527.0,88.0,0.0,643.0,370.0,2.0,527.0,0.0,1170.0,0.0,0.0,0.0,1.0,370.0,0.0,0.0,1.0,370.0,0.0,2.0,236.0,2357.8066675,0.0,643.0,0.0,0.0,1170.0,1.0,0.0,1.0
0.0,0.0,0.0,0.0,0.0,0.0,0.0,0.0,1.0,157.0,0.0,0.0,0.0,0.0,0.0,0.0,0.0,0.0,0.0,0.0,0.0,0.0,1.0,0.0,2383.6722812,0.0,0.0,0.0,0.0,0.0,1.0,0.0,1.0
0.0,0.0,0.0,364.0,26.0,364.0,0.0,417.0,3.0,551.0,0.0,364.0,0.0,0.0,0.0,0.0,417.0,0.0,1.0,0.0,230.0,0.0,3.0,0.0,634.5548869037491,0.0,0.0,0.0,0.0,364.0,1.0,0.0,1.0
384.0,0.0,0.0,406.0,106.0,0.0,457.0,272.0,1.0,406.0,0.0,863.0,0.0,0.0,0.0,1.0,272.0,0.0,0.0,0.0,272.0,0.0,1.0,201.0,803.9676157277114,0.0,456.0,384.0,0.0,863.0,0.0,0.0,3.0
0.0,0.0,0.0,364.0,76.0,0.0,259.0,230.0,1.0,364.0,0.0,623.0,0.0,0.0,0.0,0.0,230.0,0.0,0.0,1.0,230.0,1.0,1.0,201.0,720.7882191502123,172.0,258.0,167.8657105606258,0.0,623.0,1.0,0.0,4.0
0.0,0.0,0.0,162.0,24.0,463.0,301.0,0.0,5.0,162.0,0.0,463.0,0.0,0.0,0.0,0.0,0.0,0.0,1.0,0.0,0.0,0.0,5.0,162.0,850.0231034266156,0.0,301.0,167.8657105606258,0.0,463.0,1.0,0.0,4.0
0.0,213.0,1.0,213.0,26.0,0.0,0.0,417.0,1.0,593.0,0.0,213.0,213.0,42.0,0.0,0.0,486.0,42.0,0.0,0.0,37.0,0.0,1.0,0.0,610.8222347187262,0.0,0.0,0.0,0.0,0.0,0.0,0.0,1.0
0.0,0.0,0.0,0.0,0.0,0.0,0.0,417.0,2.0,551.0,0.0,0.0,0.0,0.0,0.0,0.0,785.0,0.0,0.0,0.0,0.0,0.0,2.0,0.0,619.1640114934462,0.0,0.0,167.8657105606258,0.0,0.0,0.0,0.0,5.0
0.0,0.0,0.0,134.0,74.0,0.0,469.0,0.0,1.0,134.0,0.0,603.0,0.0,0.0,0.0,1.0,0.0,0.0,0.0,0.0,0.0,0.0,1.0,134.0,809.6068979152972,603.0,469.0,167.8657105606258,0.0,603.0,1.0,0.0,4.0
0.0,0.0,0.0,315.0,70.0,0.0,258.0,181.0,1.0,315.0,0.0,573.0,0.0,0.0,0.0,1.0,181.0,0.0,0.0,0.0,181.0,0.0,1.0,201.0,719.3783982879098,573.0,257.0,167.8657105606258,0.0,573.0,1.0,0.0,4.0
0.0,26.0,1.0,352.0,77.0,222.0,499.0,213.0,2.0,352.0,8.0,851.0,26.0,5.0,0.0,1.0,213.0,5.0,1.0,0.0,213.0,0.0,2.0,201.0,830.6370547952152,465.0,499.0,0.0,0.0,825.0,1.0,0.0,1.0
0.0,0.0,0.0,296.0,26.0,435.0,139.0,157.0,4.0,296.0,0.0,435.0,0.0,0.0,0.0,0.0,157.0,0.0,1.0,0.0,157.0,3.0,4.0,209.0,728.8957032706551,0.0,139.0,0.0,0.0,435.0,1.0,0.0,1.0
0.0,511.0,1.0,403.0,46.0,0.0,108.0,167.0,2.0,403.0,153.0,511.0,511.0,102.0,0.0,0.0,167.0,102.0,0.0,0.0,167.0,0.0,2.0,201.0,664.27826077062,0.0,108.0,0.0,0.0,0.0,0.0,0.0,3.0
0.0,0.0,0.0,165.0,49.0,0.0,516.0,31.0,3.0,165.0,0.0,681.0,0.0,0.0,0.0,0.0,31.0,0.0,0.0,0.0,31.0,0.0,3.0,165.0,853.0770366955104,0.0,516.0,0.0,0.0,681.0,0.0,0.0,1.0
0.0,0.0,0.0,0.0,0.0,0.0,0.0,236.0,1.0,370.0,0.0,0.0,0.0,0.0,0.0,0.0,236.0,0.0,0.0,0.0,0.0,0.0,1.0,0.0,610.8222347187262,0.0,0.0,0.0,0.0,0.0,0.0,0.0,1.0
0.0,1601.0,1.0,584.0,116.0,0.0,1017.0,130.0,3.0,584.0,450.0,1601.0,1601.0,320.0,0.0,0.0,131.0,320.0,0.0,0.0,130.0,0.0,3.0,201.0,1064.5500798216642,0.0,1016.0,0.0,0.0,0.0,0.0,0.0,6.0
0.0,54.0,1.0,54.0,4.0,0.0,0.0,364.0,3.0,508.0,0.0,54.0,54.0,11.0,0.0,0.0,364.0,10.0,0.0,0.0,0.0,0.0,3.0,0.0,634.5548869037493,0.0,0.0,0.0,0.0,0.0,0.0,0.0,3.0
0.0,0.0,0.0,276.0,76.0,0.0,347.0,142.0,1.0,276.0,0.0,623.0,0.0,0.0,0.0,1.0,142.0,0.0,0.0,0.0,142.0,0.0,1.0,201.0,757.4435479982801,15.0,346.0,167.8657105606258,0.0,623.0,1.0,0.0,4.0
5.0,1575.0,1.0,626.0,114.0,0.0,949.0,177.0,3.0,626.0,473.0,1575.0,1575.0,315.0,0.0,0.0,177.0,315.0,0.0,0.0,177.0,0.0,3.0,201.0,1036.3536761915843,0.0,949.0,5.0,0.0,0.0,0.0,0.0,5.0
0.0,1640.0,1.0,462.0,118.0,0.0,1178.0,0.0,3.0,462.0,328.0,1640.0,1640.0,328.0,0.0,0.0,0.0,328.0,0.0,0.0,0.0,0.0,3.0,134.0,1132.221456636605,0.0,1178.0,0.0,0.0,0.0,0.0,0.0,3.0
0.0,0.0,0.0,0.0,0.0,0.0,0.0,0.0,1.0,134.0,0.0,0.0,0.0,0.0,0.0,0.0,0.0,0.0,0.0,1.0,0.0,1.0,1.0,0.0,610.8222347187262,0.0,0.0,0.0,0.0,0.0,0.0,0.0,1.0
0.0,0.0,0.0,375.0,76.0,0.0,248.0,241.0,1.0,375.0,0.0,623.0,0.0,0.0,0.0,0.0,273.0,0.0,0.0,1.0,241.0,0.0,1.0,201.0,715.1489354858746,32.0,217.0,167.8657105606258,0.0,623.0,1.0,0.0,4.0
0.0,0.0,0.0,0.0,0.0,0.0,0.0,150.0,2.0,284.0,0.0,0.0,0.0,0.0,0.0,0.0,150.0,0.0,0.0,0.0,0.0,0.0,2.0,0.0,619.1640114934461,0.0,0.0,0.0,0.0,0.0,0.0,0.0,3.0
110.0,0.0,0.0,198.0,56.0,0.0,417.0,64.0,2.0,198.0,0.0,615.0,0.0,0.0,0.0,1.0,64.0,0.0,0.0,0.0,64.0,0.0,2.0,198.0,795.3915491474073,0.0,417.0,110.0,0.0,615.0,0.0,0.0,1.0
0.0,0.0,0.0,0.0,0.0,0.0,0.0,305.0,2.0,439.0,0.0,0.0,0.0,0.0,0.0,0.0,305.0,0.0,0.0,0.0,0.0,0.0,2.0,0.0,619.164011493446,0.0,0.0,0.0,0.0,0.0,1.0,0.0,4.0
0.0,711.0,1.0,455.0,51.0,0.0,256.0,179.0,3.0,455.0,213.0,711.0,711.0,142.0,0.0,0.0,180.0,142.0,0.0,0.0,179.0,0.0,3.0,201.0,743.111052107515,0.0,255.0,0.0,0.0,0.0,0.0,0.0,3.0
0.0,528.0,1.0,549.0,55.0,0.0,54.0,310.0,2.0,549.0,158.0,603.0,528.0,105.0,0.0,0.0,309.0,105.0,0.0,0.0,310.0,0.0,2.0,201.0,641.7211362948425,0.0,54.0,0.0,0.0,75.0,0.0,0.0,3.0
1647.0,27.0,1.0,188.0,97.0,0.0,602.0,49.0,1.0,188.0,7.0,790.0,27.0,5.0,0.0,1.0,49.0,5.0,0.0,0.0,49.0,0.0,1.0,183.0,815.2461775325326,0.0,601.0,1647.0,0.0,763.0,0.0,0.0,1.0
0.0,0.0,0.0,134.0,74.0,0.0,469.0,0.0,1.0,134.0,0.0,603.0,0.0,0.0,0.0,1.0,0.0,0.0,0.0,0.0,0.0,0.0,1.0,134.0,809.6068979152972,603.0,469.0,0.0,0.0,603.0,1.0,0.0,1.0
0.0,91.0,1.0,152.0,82.0,0.0,515.0,0.0,1.0,152.0,18.0,667.0,91.0,18.0,0.0,1.0,0.0,18.0,0.0,0.0,0.0,0.0,1.0,134.0,815.2461775325324,164.0,515.0,0.0,0.0,576.0,1.0,0.0,1.0
0.0,130.0,1.0,310.0,87.0,0.0,403.0,150.0,1.0,310.0,39.0,713.0,0.0,26.0,0.0,1.0,150.0,26.0,0.0,0.0,150.0,0.0,1.0,201.0,781.410492777397,580.0,403.0,0.0,0.0,583.0,1.0,0.0,1.0
1495.0,1898.0,1.0,541.0,97.0,0.0,1358.0,0.0,5.0,541.0,379.0,1899.0,1898.0,380.0,0.0,0.0,0.0,379.0,0.0,0.0,0.0,0.0,5.0,162.0,1296.9361388767777,0.0,1357.0,1495.0,0.0,1.0,0.0,0.0,3.0
0.0,0.0,0.0,0.0,0.0,0.0,0.0,417.0,1.0,551.0,0.0,0.0,0.0,0.0,0.0,0.0,417.0,0.0,0.0,0.0,0.0,0.0,1.0,0.0,610.8222347187261,0.0,0.0,0.0,0.0,0.0,0.0,0.0,1.0
1167.0,952.0,1.0,746.0,57.0,0.0,206.0,417.0,4.0,746.0,190.0,952.0,952.0,190.0,0.0,0.0,417.0,190.0,0.0,0.0,417.0,0.0,4.0,139.0,757.0921102480843,0.0,206.0,1167.0,0.0,0.0,0.0,0.0,6.0
0.0,0.0,0.0,194.0,76.0,0.0,429.0,60.0,1.0,194.0,0.0,623.0,0.0,0.0,0.0,1.0,60.0,0.0,0.0,0.0,60.0,0.0,1.0,194.0,792.6890530678427,82.0,428.0,0.0,0.0,623.0,1.0,0.0,4.0
0.0,394.0,1.0,394.0,36.0,0.0,0.0,417.0,2.0,790.0,0.0,394.0,394.0,79.0,0.0,0.0,400.0,78.0,0.0,0.0,21.0,0.0,2.0,0.0,619.1640114934457,0.0,0.0,0.0,0.0,0.0,0.0,0.0,1.0
0.0,0.0,0.0,303.0,109.0,0.0,893.0,169.0,2.0,303.0,0.0,1196.0,0.0,0.0,0.0,1.0,169.0,0.0,0.0,0.0,169.0,0.0,2.0,201.0,996.9958513444911,103.0,893.0,0.0,0.0,1196.0,1.0,0.0,1.0
0.0,186.0,1.0,313.0,40.0,364.0,237.0,142.0,3.0,313.0,55.0,550.0,186.0,37.0,0.0,0.0,143.0,37.0,1.0,0.0,142.0,0.0,3.0,201.0,734.6521291488497,0.0,143.0,0.0,0.0,364.0,1.0,0.0,4.0
0.0,0.0,0.0,364.0,26.0,364.0,0.0,417.0,3.0,551.0,0.0,364.0,0.0,0.0,0.0,0.0,400.0,0.0,1.0,0.0,230.0,0.0,3.0,0.0,634.5548869037486,0.0,0.0,0.0,0.0,364.0,1.0,0.0,4.0
0.0,0.0,0.0,391.0,26.0,435.0,44.0,252.0,4.0,391.0,0.0,435.0,0.0,0.0,0.0,0.0,252.0,0.0,1.0,0.0,252.0,0.0,4.0,209.0,688.0109140186095,0.0,44.0,0.0,0.0,435.0,1.0,0.0,4.0
0.0,1763.0,1.0,514.0,96.0,0.0,1349.0,0.0,5.0,514.0,352.0,1863.0,1763.0,353.0,0.0,0.0,0.0,352.0,0.0,0.0,0.0,1.0,5.0,162.0,1294.1164978878871,0.0,1348.0,0.0,0.0,100.0,0.0,0.0,6.0
0.0,0.0,0.0,293.0,27.0,293.0,0.0,225.0,2.0,359.0,0.0,293.0,0.0,0.0,0.0,0.0,225.0,0.0,1.0,0.0,159.0,0.0,2.0,135.0,619.1640114934459,0.0,0.0,0.0,0.0,293.0,1.0,0.0,1.0
0.0,980.0,1.0,541.0,89.0,0.0,439.0,211.0,2.0,541.0,294.0,980.0,980.0,196.0,0.0,0.0,211.0,196.0,0.0,0.0,211.0,0.0,2.0,201.0,805.2602908868738,0.0,439.0,0.0,0.0,0.0,0.0,0.0,6.0
0.0,0.0,0.0,222.0,27.0,222.0,0.0,106.0,1.0,240.0,0.0,222.0,0.0,0.0,0.0,0.0,106.0,0.0,1.0,0.0,88.0,0.0,1.0,183.0,610.8222347187262,0.0,0.0,0.0,0.0,222.0,1.0,0.0,1.0
0.0,0.0,0.0,411.0,81.0,0.0,479.0,277.0,2.0,411.0,0.0,890.0,0.0,0.0,292.0,1.0,277.0,0.0,0.0,0.0,277.0,0.0,2.0,201.0,822.1781345363223,598.0,479.0,0.0,0.0,890.0,1.0,0.0,4.0
0.0,0.0,0.0,0.0,0.0,0.0,0.0,417.0,7.0,603.0,0.0,0.0,0.0,0.0,0.0,0.0,396.0,0.0,0.0,0.0,0.0,0.0,7.0,0.0,820.1825858675683,0.0,0.0,0.0,0.0,0.0,1.0,0.0,1.0
0.0,0.0,0.0,309.0,76.0,0.0,314.0,175.0,1.0,309.0,0.0,623.0,0.0,0.0,0.0,0.0,175.0,0.0,0.0,1.0,175.0,0.0,1.0,201.0,743.3453425391351,120.0,313.0,0.0,0.0,623.0,1.0,0.0,1.0
751.0,0.0,0.0,264.0,92.0,0.0,487.0,130.0,1.0,264.0,0.0,751.0,0.0,0.0,0.0,0.0,439.0,0.0,0.0,1.0,130.0,0.0,1.0,201.0,815.2461775325324,0.0,486.0,751.0,0.0,751.0,0.0,0.0,1.0
0.0,0.0,0.0,150.0,91.0,0.0,591.0,16.0,1.0,150.0,0.0,741.0,0.0,0.0,0.0,0.0,41.0,0.0,0.0,0.0,16.0,0.0,1.0,150.0,815.2461775325324,0.0,515.0,0.0,0.0,741.0,0.0,0.0,1.0
0.0,0.0,0.0,134.0,77.0,0.0,498.0,0.0,1.0,134.0,0.0,632.0,0.0,0.0,0.0,1.0,0.0,0.0,0.0,0.0,0.0,0.0,1.0,134.0,815.2461775325324,0.0,498.0,0.0,0.0,632.0,0.0,0.0,1.0
0.0,0.0,0.0,0.0,0.0,0.0,0.0,300.0,1.0,434.0,0.0,0.0,0.0,0.0,0.0,0.0,300.0,0.0,0.0,0.0,0.0,0.0,1.0,0.0,610.8222347187262,0.0,0.0,0.0,0.0,0.0,0.0,0.0,1.0
0.0,0.0,0.0,202.0,91.0,0.0,545.0,68.0,1.0,202.0,0.0,747.0,0.0,0.0,0.0,0.0,373.0,0.0,0.0,0.0,68.0,0.0,1.0,201.0,815.2461775325324,0.0,544.0,0.0,0.0,747.0,0.0,0.0,3.0
0.0,0.0,0.0,502.0,76.0,0.0,121.0,228.0,1.0,502.0,0.0,623.0,0.0,0.0,0.0,1.0,228.0,0.0,0.0,0.0,228.0,0.0,1.0,201.0,661.5757653958169,86.0,120.0,0.0,0.0,623.0,1.0,0.0,1.0
510.0,0.0,0.0,324.0,73.0,0.0,275.0,190.0,1.0,324.0,0.0,599.0,0.0,0.0,0.0,0.0,190.0,0.0,0.0,1.0,190.0,0.0,1.0,201.0,727.8373211822426,0.0,274.0,510.0,0.0,599.0,0.0,0.0,1.0
0.0,0.0,0.0,337.0,26.0,364.0,27.0,203.0,3.0,337.0,0.0,364.0,0.0,0.0,0.0,0.0,203.0,0.0,1.0,0.0,203.0,0.0,3.0,201.0,645.833450925471,0.0,27.0,0.0,0.0,364.0,1.0,0.0,2.672
55.0,0.0,0.0,603.0,38.0,0.0,453.0,417.0,8.0,603.0,0.0,1056.0,0.0,0.0,0.0,0.0,417.0,0.0,0.0,0.0,417.0,0.0,8.0,186.0,1038.587585642328,0.0,453.0,55.0,0.0,1056.0,0.0,0.0,3.0
0.0,0.0,0.0,367.0,27.0,227.0,0.0,417.0,3.0,551.0,0.0,367.0,0.0,0.0,0.0,0.0,417.0,0.0,1.0,0.0,233.0,0.0,3.0,0.0,634.5548869037489,0.0,0.0,0.0,0.0,367.0,1.0,0.0,4.0
463.0,0.0,0.0,544.0,81.0,0.0,120.0,410.0,1.0,544.0,0.0,664.0,0.0,0.0,0.0,1.0,410.0,0.0,0.0,0.0,410.0,0.0,1.0,201.0,661.5757653958169,0.0,120.0,463.0,0.0,664.0,0.0,0.0,2.0
0.0,0.0,0.0,0.0,0.0,0.0,0.0,417.0,4.0,556.0,0.0,0.0,0.0,0.0,0.0,0.0,417.0,0.0,0.0,0.0,0.0,3.0,4.0,0.0,669.683251780227,0.0,0.0,0.0,0.0,0.0,1.0,0.0,1.0
0.0,0.0,0.0,503.0,94.0,0.0,269.0,319.0,1.0,503.0,0.0,772.0,0.0,0.0,0.0,1.0,311.0,0.0,0.0,0.0,319.0,0.0,1.0,201.0,725.0176780099262,0.0,277.0,0.0,0.0,772.0,0.0,0.0,1.0
0.0,0.0,0.0,0.0,0.0,0.0,0.0,0.0,1.0,134.0,0.0,0.0,0.0,0.0,0.0,0.0,0.0,0.0,0.0,0.0,0.0,0.0,1.0,0.0,610.8222347187262,0.0,0.0,0.0,0.0,0.0,0.0,0.0,1.0
0.0,0.0,0.0,0.0,0.0,0.0,0.0,0.0,1.0,134.0,0.0,0.0,0.0,0.0,0.0,0.0,0.0,0.0,0.0,0.0,0.0,0.0,1.0,0.0,610.8222347187262,0.0,0.0,0.0,0.0,0.0,0.0,0.0,1.0
0.0,0.0,0.0,0.0,0.0,0.0,0.0,64.0,1.0,198.0,0.0,0.0,0.0,0.0,0.0,0.0,64.0,0.0,0.0,0.0,0.0,0.0,1.0,0.0,610.8222347187262,0.0,0.0,0.0,0.0,0.0,0.0,0.0,1.0
0.0,0.0,0.0,0.0,0.0,0.0,0.0,305.0,5.0,467.0,0.0,0.0,0.0,0.0,0.0,0.0,305.0,0.0,0.0,0.0,0.0,0.0,5.0,0.0,723.1392771683683,0.0,0.0,0.0,0.0,0.0,0.0,0.0,3.0
0.0,0.0,0.0,404.0,74.0,0.0,199.0,270.0,1.0,404.0,0.0,603.0,0.0,0.0,0.0,1.0,271.0,0.0,0.0,0.0,270.0,0.0,1.0,201.0,695.4114544741391,603.0,199.0,0.0,0.0,603.0,1.0,0.0,4.0
0.0,0.0,0.0,336.0,24.0,0.0,3.0,202.0,3.0,336.0,0.0,339.0,0.0,0.0,0.0,0.0,203.0,0.0,0.0,0.0,202.0,0.0,3.0,201.0,635.9647078758173,0.0,2.0,0.0,0.0,339.0,0.0,0.0,3.0
0.0,0.0,0.0,0.0,0.0,0.0,0.0,0.0,1.0,134.0,0.0,0.0,0.0,0.0,0.0,0.0,0.0,0.0,0.0,0.0,0.0,0.0,1.0,0.0,610.8222347187261,0.0,0.0,0.0,0.0,0.0,0.0,0.0,3.0
412.0,1003.0,1.0,334.0,123.0,0.0,669.0,0.0,1.0,334.0,200.0,1003.0,1003.0,201.0,0.0,0.0,0.0,200.0,0.0,0.0,0.0,0.0,1.0,134.0,815.2461775325324,0.0,669.0,412.0,0.0,0.0,0.0,0.0,1.0
100.0,655.0,1.0,585.0,47.0,0.0,70.0,320.0,3.0,585.0,197.0,655.0,655.0,131.0,0.0,0.0,320.0,131.0,0.0,0.0,320.0,0.0,3.0,201.0,664.1611152742852,0.0,70.0,100.0,0.0,0.0,0.0,0.0,1.0
39.0,1052.0,1.0,419.0,94.0,0.0,884.0,75.0,3.0,419.0,285.0,1303.0,1052.0,210.0,0.0,0.0,76.0,210.0,0.0,0.0,75.0,0.0,3.0,201.0,1008.157269039688,0.0,882.0,39.0,0.0,251.0,0.0,0.0,3.0
0.0,361.0,1.0,317.0,106.0,0.0,550.0,111.0,1.0,317.0,108.0,867.0,361.0,72.0,0.0,1.0,111.0,72.0,0.0,0.0,111.0,0.0,1.0,201.0,1001.333390739029,105.0,550.0,0.0,0.0,506.0,1.0,0.0,1.0
718.0,0.0,0.0,239.0,79.0,0.0,407.0,105.0,1.0,239.0,0.0,646.0,0.0,0.0,0.0,0.0,105.0,0.0,0.0,1.0,105.0,0.0,1.0,201.0,963.5753697708984,0.0,407.0,718.0,0.0,646.0,0.0,0.0,3.0
131.0,1462.0,1.0,570.0,88.0,0.0,892.0,139.0,4.0,570.0,431.0,1462.0,1462.0,292.0,0.0,0.0,140.0,292.0,0.0,0.0,139.0,0.0,4.0,208.0,939.963360483338,0.0,892.0,131.0,0.0,0.0,0.0,0.0,3.0
0.0,0.0,0.0,0.0,0.0,0.0,0.0,0.0,2.0,134.0,0.0,0.0,0.0,0.0,0.0,0.0,0.0,0.0,0.0,0.0,0.0,0.0,2.0,0.0,662.396015464011,0.0,0.0,0.0,0.0,0.0,0.0,0.0,4.0
0.0,0.0,0.0,194.0,76.0,0.0,429.0,60.0,1.0,194.0,0.0,623.0,0.0,0.0,0.0,0.0,61.0,0.0,0.0,1.0,60.0,0.0,1.0,194.0,975.0669413684068,41.0,429.0,0.0,0.0,623.0,1.0,0.0,1.0
0.0,0.0,0.0,0.0,0.0,0.0,0.0,359.0,3.0,493.0,0.0,0.0,0.0,0.0,0.0,0.0,359.0,0.0,0.0,0.0,0.0,0.0,3.0,0.0,569.7066029836305,0.0,0.0,0.0,0.0,0.0,0.0,0.0,1.0
0.0,0.0,0.0,0.0,0.0,0.0,0.0,0.0,1.0,134.0,0.0,0.0,0.0,0.0,0.0,0.0,0.0,0.0,0.0,0.0,0.0,0.0,1.0,0.0,763.293693397799,0.0,0.0,0.0,0.0,0.0,0.0,0.0,1.0
0.0,0.0,0.0,0.0,0.0,0.0,0.0,0.0,1.0,134.0,0.0,0.0,0.0,0.0,0.0,0.0,0.0,0.0,0.0,0.0,0.0,0.0,1.0,0.0,763.2936933977991,0.0,0.0,0.0,0.0,0.0,0.0,0.0,1.0
0.0,312.0,1.0,312.0,38.0,0.0,0.0,129.0,1.0,325.0,80.0,312.0,312.0,62.0,0.0,0.0,129.0,62.0,0.0,0.0,116.0,0.0,1.0,188.0,763.2936933977991,0.0,0.0,0.0,0.0,0.0,0.0,0.0,1.0
0.0,1129.0,1.0,359.0,82.0,0.0,770.0,0.0,3.0,359.0,225.0,1129.0,1129.0,225.0,0.0,0.0,0.0,225.0,0.0,0.0,0.0,3.0,3.0,134.0,948.9284656284486,0.0,769.0,0.0,0.0,0.0,0.0,0.0,3.0
0.0,0.0,0.0,134.0,55.0,0.0,469.0,0.0,2.0,134.0,0.0,603.0,0.0,0.0,0.0,1.0,0.0,0.0,0.0,0.0,0.0,0.0,2.0,134.0,893.8691004785197,603.0,469.0,167.8657105606258,0.0,603.0,0.0,0.0,1.0
0.0,0.0,0.0,603.0,74.0,0.0,0.0,470.0,1.0,604.0,0.0,603.0,0.0,0.0,0.0,0.0,470.0,0.0,0.0,1.0,469.0,0.0,1.0,200.0,763.2936933977991,603.0,0.0,167.8657105606258,0.0,603.0,1.0,0.0,4.0
0.0,712.0,1.0,557.0,65.0,0.0,156.0,281.0,2.0,557.0,213.0,713.0,712.0,142.0,0.0,0.0,282.0,142.0,0.0,0.0,281.0,0.0,2.0,201.0,739.553710476974,0.0,155.0,0.0,0.0,1.0,0.0,0.0,1.0
3.0,1416.0,1.0,722.0,106.0,0.0,744.0,305.0,3.0,722.0,424.0,1466.0,1416.0,283.0,0.0,0.0,474.0,283.0,0.0,0.0,305.0,0.0,3.0,201.0,935.7952409557918,0.0,743.0,3.0,0.0,50.0,0.0,0.0,3.0
33.0,1603.0,1.0,506.0,73.0,447.0,1544.0,0.0,8.0,506.0,320.0,2050.0,1603.0,321.0,0.0,0.0,0.0,320.0,1.0,0.0,0.0,0.0,8.0,186.0,1023.9436150768624,0.0,1543.0,33.0,0.0,447.0,0.0,0.0,3.0
0.0,0.0,0.0,289.0,75.0,0.0,326.0,155.0,1.0,289.0,0.0,615.0,0.0,0.0,0.0,0.0,155.0,0.0,0.0,1.0,155.0,0.0,1.0,201.0,924.1756957276726,0.0,326.0,0.0,0.0,615.0,0.0,0.0,3.0
0.0,25.0,1.0,25.0,2.0,0.0,0.0,51.0,3.0,190.0,0.0,25.0,0.0,5.0,0.0,0.0,51.0,5.0,0.0,0.0,0.0,0.0,3.0,0.0,569.7066029836304,0.0,0.0,0.0,0.0,0.0,0.0,0.0,3.0
158.0,890.0,1.0,663.0,64.0,0.0,227.0,351.0,3.0,663.0,267.0,890.0,90.0,178.0,0.0,0.0,351.0,178.0,0.0,0.0,351.0,0.0,3.0,201.0,681.3390127534195,0.0,227.0,158.0,0.0,0.0,0.0,0.0,3.0
400.0,806.0,1.0,295.0,79.0,293.0,804.0,0.0,3.0,295.0,161.0,1099.0,806.0,161.0,0.0,0.0,0.0,161.0,1.0,0.0,0.0,0.0,3.0,134.0,965.3449964928336,0.0,804.0,400.0,0.0,293.0,0.0,0.0,3.0
0.0,0.0,0.0,292.0,76.0,0.0,331.0,158.0,1.0,292.0,0.0,623.0,0.0,0.0,0.0,0.0,158.0,0.0,0.0,1.0,158.0,0.0,1.0,201.0,925.8173488204033,454.0,330.0,167.8657105606258,0.0,623.0,1.0,0.0,4.0
9.0,1073.0,1.0,765.0,78.0,0.0,308.0,417.0,3.0,765.0,281.0,1073.0,1073.0,215.0,0.0,0.0,417.0,214.0,0.0,0.0,417.0,0.0,3.0,161.0,720.7386868045139,0.0,308.0,9.0,0.0,0.0,0.0,0.0,5.0
367.0,0.0,0.0,141.0,85.0,0.0,555.0,7.0,1.0,141.0,0.0,696.0,0.0,0.0,0.0,1.0,7.0,0.0,0.0,0.0,7.0,0.0,1.0,141.0,1001.3333907390288,0.0,562.0,367.0,0.0,696.0,0.0,0.0,1.0
0.0,0.0,0.0,176.0,11.0,0.0,0.0,417.0,4.0,556.0,0.0,176.0,0.0,0.0,0.0,0.0,417.0,0.0,0.0,0.0,37.0,0.0,4.0,0.0,500.0003336489524,0.0,0.0,0.0,0.0,176.0,1.0,0.0,4.0
0.0,0.0,0.0,0.0,0.0,0.0,0.0,417.0,1.0,551.0,0.0,0.0,0.0,0.0,0.0,0.0,417.0,0.0,0.0,0.0,0.0,0.0,1.0,0.0,763.2936933977991,0.0,0.0,0.0,0.0,0.0,0.0,0.0,1.0
0.0,0.0,0.0,0.0,0.0,0.0,0.0,417.0,3.0,551.0,0.0,0.0,0.0,0.0,0.0,0.0,417.0,0.0,0.0,0.0,0.0,0.0,3.0,0.0,569.7066029836304,0.0,0.0,0.0,0.0,0.0,1.0,0.0,4.0
906.0,0.0,0.0,380.0,71.0,0.0,1005.0,218.0,5.0,380.0,0.0,1385.0,0.0,0.0,0.0,1.0,218.0,0.0,0.0,0.0,218.0,0.0,5.0,243.0,947.4147861758242,0.0,1004.0,906.0,0.0,1385.0,0.0,0.0,2.0
0.0,0.0,0.0,0.0,0.0,0.0,0.0,417.0,1.0,551.0,0.0,0.0,0.0,0.0,0.0,0.0,417.0,0.0,0.0,0.0,0.0,0.0,1.0,0.0,763.2936933977991,0.0,0.0,0.0,0.0,0.0,0.0,0.0,1.0
237.0,1722.0,1.0,483.0,103.0,0.0,1239.0,0.0,4.0,483.0,344.0,1722.0,1722.0,344.0,0.0,0.0,0.0,344.0,0.0,0.0,0.0,0.0,4.0,139.0,1110.6952813310131,0.0,1238.0,237.0,0.0,0.0,0.0,0.0,3.0
0.0,0.0,0.0,527.0,76.0,0.0,96.0,171.0,1.0,527.0,0.0,623.0,0.0,0.0,0.0,0.0,129.0,0.0,0.0,1.0,171.0,0.0,1.0,201.0,810.9016328630771,26.0,0.0,0.0,0.0,623.0,1.0,0.0,4.0
0.0,0.0,0.0,288.0,76.0,0.0,335.0,154.0,1.0,288.0,0.0,623.0,0.0,0.0,0.0,0.0,155.0,0.0,0.0,1.0,154.0,0.0,1.0,201.0,929.1006549843016,31.0,335.0,0.0,0.0,623.0,1.0,0.0,4.0
136.0,0.0,0.0,0.0,0.0,0.0,0.0,365.0,2.0,499.0,0.0,0.0,0.0,0.0,0.0,0.0,365.0,0.0,0.0,0.0,0.0,0.0,2.0,0.0,662.396015464011,0.0,0.0,136.0,0.0,0.0,0.0,0.0,3.0
0.0,197.0,1.0,273.0,73.0,0.0,527.0,100.0,2.0,273.0,58.0,800.0,197.0,39.0,0.0,1.0,100.0,39.0,0.0,0.0,100.0,0.0,2.0,201.0,921.777202918488,603.0,526.0,0.0,0.0,603.0,0.0,0.0,2.0
0.0,681.0,1.0,270.0,49.0,0.0,411.0,0.0,3.0,270.0,136.0,681.0,681.0,136.0,0.0,0.0,0.0,136.0,0.0,0.0,0.0,0.0,3.0,134.0,771.6299324520851,0.0,410.0,0.0,0.0,0.0,0.0,0.0,1.0
0.0,0.0,0.0,260.0,30.0,506.0,246.0,121.0,4.0,260.0,0.0,506.0,0.0,0.0,0.0,0.0,121.0,0.0,1.0,0.0,121.0,0.0,4.0,208.0,621.4826619623597,0.0,245.0,0.0,0.0,506.0,1.0,0.0,1.0
10.0,1037.0,1.0,346.0,62.0,0.0,691.0,0.0,4.0,346.0,207.0,1037.0,1037.0,207.0,0.0,0.0,0.0,207.0,0.0,0.0,0.0,0.0,4.0,139.0,839.8225222925886,0.0,690.0,10.0,0.0,0.0,0.0,0.0,1.0
6.0,365.0,1.0,328.0,26.0,0.0,37.0,121.0,3.0,328.0,110.0,365.0,365.0,73.0,0.0,0.0,121.0,73.0,0.0,0.0,121.0,0.0,3.0,201.0,587.7647868988354,0.0,37.0,6.0,0.0,0.0,0.0,0.0,1.0
0.0,0.0,0.0,0.0,0.0,0.0,0.0,0.0,1.0,134.0,0.0,0.0,0.0,0.0,0.0,0.0,0.0,0.0,0.0,0.0,0.0,0.0,1.0,0.0,763.2936933977991,0.0,0.0,0.0,0.0,0.0,0.0,0.0,1.0
0.0,0.0,0.0,379.0,19.0,379.0,0.0,417.0,5.0,579.0,0.0,379.0,0.0,0.0,0.0,0.0,400.0,0.0,1.0,0.0,217.0,0.0,5.0,0.0,451.63555445442125,0.0,0.0,0.0,0.0,379.0,1.0,0.0,1.0
0.0,0.0,0.0,0.0,0.0,0.0,0.0,0.0,1.0,134.0,0.0,0.0,0.0,0.0,0.0,0.0,0.0,0.0,0.0,0.0,0.0,0.0,1.0,0.0,763.2936933977991,0.0,0.0,0.0,0.0,0.0,0.0,0.0,1.0
0.0,0.0,0.0,0.0,0.0,0.0,0.0,359.0,2.0,493.0,0.0,0.0,0.0,0.0,0.0,0.0,359.0,0.0,0.0,0.0,0.0,0.0,2.0,0.0,662.3960154640112,0.0,0.0,0.0,0.0,0.0,0.0,0.0,3.0
61.0,0.0,0.0,473.0,60.0,293.0,362.0,339.0,3.0,473.0,0.0,835.0,0.0,0.0,0.0,1.0,339.0,0.0,1.0,0.0,339.0,0.0,3.0,201.0,748.6467892478548,542.0,362.0,61.0,0.0,835.0,1.0,0.0,4.0
2.0,0.0,0.0,0.0,0.0,0.0,0.0,150.0,2.0,284.0,0.0,0.0,0.0,0.0,0.0,0.0,150.0,0.0,0.0,0.0,0.0,2.0,2.0,0.0,662.396015464011,0.0,0.0,2.0,0.0,0.0,0.0,0.0,1.0
674.0,0.0,0.0,276.0,74.0,0.0,327.0,142.0,1.0,276.0,0.0,603.0,0.0,0.0,0.0,0.0,142.0,0.0,0.0,1.0,142.0,0.0,1.0,201.0,924.1756957276726,603.0,326.0,674.0,0.0,603.0,1.0,0.0,1.0
0.0,272.0,1.0,238.0,126.0,0.0,788.0,0.0,1.0,238.0,54.0,1026.0,272.0,54.0,0.0,1.0,0.0,54.0,0.0,0.0,0.0,0.0,1.0,134.0,1001.3333907390288,0.0,788.0,0.0,0.0,754.0,0.0,0.0,1.0
0.0,1588.0,1.0,503.0,73.0,0.0,1121.0,0.0,6.0,503.0,317.0,1624.0,1588.0,317.0,0.0,0.0,0.0,317.0,0.0,0.0,0.0,0.0,6.0,186.0,912.1832316656636,0.0,1121.0,0.0,0.0,36.0,0.0,0.0,3.0
44.0,0.0,0.0,360.0,83.0,0.0,322.0,226.0,1.0,360.0,0.0,682.0,0.0,0.0,0.0,1.0,226.0,0.0,0.0,0.0,226.0,0.0,1.0,201.0,922.5340426513308,0.0,322.0,44.0,0.0,682.0,0.0,0.0,5.0
0.0,0.0,0.0,0.0,0.0,0.0,0.0,0.0,1.0,134.0,0.0,0.0,0.0,0.0,0.0,0.0,0.0,0.0,0.0,0.0,0.0,0.0,1.0,0.0,763.2936933977991,0.0,0.0,0.0,0.0,0.0,0.0,0.0,1.0
23.0,1659.0,1.0,815.0,85.0,0.0,844.0,322.0,5.0,815.0,497.0,1659.0,1659.0,331.0,0.0,0.0,322.0,331.0,0.0,0.0,322.0,0.0,5.0,243.0,866.9737850147952,0.0,843.0,23.0,0.0,0.0,0.0,0.0,2.672
0.0,0.0,0.0,214.0,20.0,273.0,59.0,80.0,3.0,214.0,0.0,273.0,0.0,0.0,0.0,0.0,80.0,0.0,1.0,0.0,80.0,0.0,3.0,201.0,599.256358511568,0.0,58.0,0.0,0.0,273.0,1.0,0.0,3.0
137.0,1831.0,1.0,796.0,110.0,0.0,1035.0,0.0,4.0,796.0,366.0,1831.0,1831.0,366.0,0.0,0.0,0.0,366.0,0.0,0.0,0.0,0.0,4.0,139.0,1010.55444314188,0.0,1035.0,137.0,0.0,0.0,0.0,0.0,6.0
0.0,0.0,0.0,401.0,73.0,0.0,199.0,267.0,1.0,401.0,0.0,600.0,0.0,0.0,0.0,1.0,265.0,0.0,0.0,0.0,267.0,0.0,1.0,201.0,861.7928784942134,600.0,203.0,0.0,0.0,600.0,1.0,0.0,1.0
0.0,0.0,0.0,0.0,0.0,0.0,0.0,0.0,1.0,134.0,0.0,0.0,0.0,0.0,0.0,0.0,0.0,0.0,0.0,0.0,0.0,0.0,1.0,0.0,763.2936933977991,0.0,0.0,0.0,0.0,0.0,0.0,0.0,1.0
0.0,0.0,0.0,0.0,0.0,0.0,0.0,417.0,3.0,551.0,0.0,0.0,0.0,0.0,0.0,0.0,0.0,0.0,0.0,0.0,0.0,0.0,3.0,0.0,569.7066029836305,0.0,0.0,0.0,0.0,0.0,1.0,0.0,4.0
0.0,907.0,1.0,732.0,111.0,0.0,175.0,417.0,1.0,732.0,181.0,907.0,907.0,181.0,0.0,0.0,417.0,181.0,0.0,0.0,417.0,0.0,1.0,134.0,850.3013069048117,0.0,175.0,0.0,0.0,0.0,0.0,0.0,1.0
0.0,0.0,0.0,300.0,37.0,0.0,0.0,217.0,1.0,351.0,0.0,300.0,0.0,0.0,300.0,0.0,217.0,0.0,0.0,1.0,166.0,0.0,1.0,150.0,763.2936933977991,0.0,0.0,0.0,0.0,300.0,1.0,0.0,1.0
0.0,0.0,0.0,364.0,26.0,364.0,0.0,417.0,3.0,551.0,0.0,364.0,0.0,0.0,0.0,0.0,1123.0,0.0,1.0,0.0,230.0,0.0,3.0,0.0,569.7066029836307,0.0,0.0,167.8657105606258,2.534854245880862,364.0,1.0,0.0,4.0
6.0,0.0,0.0,319.0,108.0,0.0,562.0,185.0,1.0,319.0,0.0,881.0,0.0,0.0,0.0,0.0,186.0,0.0,0.0,1.0,185.0,0.0,1.0,201.0,1001.3333907390288,0.0,562.0,6.0,0.0,881.0,0.0,0.0,3.0
0.0,0.0,0.0,248.0,46.0,0.0,518.0,109.0,4.0,248.0,0.0,766.0,0.0,0.0,0.0,0.0,109.0,0.0,0.0,0.0,109.0,0.0,4.0,208.0,754.4565618648683,0.0,518.0,0.0,0.0,766.0,0.0,0.0,1.0
0.0,0.0,0.0,0.0,0.0,0.0,0.0,0.0,1.0,134.0,0.0,0.0,0.0,0.0,0.0,0.0,0.0,0.0,0.0,0.0,0.0,0.0,1.0,0.0,763.2936933977991,0.0,0.0,0.0,0.0,0.0,0.0,0.0,1.0
0.0,0.0,0.0,0.0,0.0,0.0,0.0,250.0,1.0,384.0,0.0,0.0,0.0,0.0,0.0,0.0,250.0,0.0,0.0,0.0,0.0,0.0,1.0,0.0,763.2936933977991,0.0,0.0,167.8657105606258,0.0,0.0,0.0,0.0,3.0
233.0,0.0,0.0,422.0,38.0,0.0,0.0,417.0,2.0,551.0,0.0,422.0,0.0,0.0,0.0,0.0,417.0,0.0,0.0,0.0,288.0,0.0,2.0,5.0,662.396015464011,0.0,0.0,233.0,0.0,422.0,0.0,0.0,1.0
0.0,329.0,1.0,495.0,63.0,0.0,201.0,296.0,2.0,495.0,97.0,696.0,0.0,66.0,0.0,0.0,297.0,65.0,0.0,0.0,296.0,0.0,2.0,201.0,760.8952005861618,0.0,200.0,0.0,0.0,367.0,0.0,0.0,3.0
0.0,810.0,1.0,491.0,42.0,0.0,319.0,167.0,5.0,491.0,243.0,810.0,810.0,162.0,0.0,0.0,167.0,162.0,0.0,0.0,167.0,0.0,5.0,243.0,609.234250648307,0.0,319.0,0.0,0.0,0.0,0.0,0.0,1.0
0.0,0.0,0.0,710.0,83.0,0.0,206.0,576.0,2.0,710.0,0.0,916.0,0.0,0.0,292.0,1.0,576.0,0.0,0.0,0.0,576.0,0.0,2.0,201.0,764.1785067397517,6.0,205.0,0.0,0.0,916.0,0.0,0.0,2.0
0.0,0.0,0.0,382.0,74.0,0.0,221.0,219.0,1.0,382.0,0.0,603.0,0.0,0.0,0.0,1.0,219.0,0.0,0.0,0.0,219.0,0.0,1.0,201.0,982.724070444071,603.0,221.0,0.0,0.0,603.0,1.0,0.0,4.0
1.0,0.0,0.0,0.0,0.0,0.0,0.0,250.0,3.0,384.0,0.0,0.0,0.0,0.0,0.0,0.0,250.0,0.0,0.0,0.0,0.0,0.0,3.0,0.0,833.2694954571941,0.0,0.0,1.0,0.0,0.0,0.0,0.0,1.0
2413.0,0.0,0.0,176.0,81.0,0.0,483.0,42.0,1.0,176.0,0.0,659.0,0.0,0.0,0.0,0.0,42.0,0.0,0.0,1.0,42.0,0.0,1.0,176.0,930.7865393584484,0.0,483.0,2413.0,0.0,659.0,0.0,0.0,3.0
0.0,0.0,0.0,0.0,0.0,0.0,0.0,417.0,5.0,579.0,0.0,0.0,0.0,0.0,0.0,0.0,920.0,0.0,0.0,0.0,0.0,0.0,5.0,0.0,610.181966048973,0.0,0.0,0.0,0.0,0.0,1.0,0.0,4.0
0.0,0.0,0.0,0.0,0.0,0.0,0.0,0.0,1.0,134.0,0.0,0.0,0.0,0.0,0.0,0.0,0.0,0.0,0.0,0.0,0.0,0.0,1.0,0.0,1026.114919368085,0.0,0.0,0.0,0.0,0.0,0.0,0.0,2.0
0.0,0.0,0.0,407.0,26.0,506.0,99.0,245.0,5.0,407.0,0.0,506.0,0.0,0.0,0.0,0.0,245.0,0.0,1.0,0.0,245.0,2.0,5.0,243.0,590.4588527822158,0.0,99.0,0.0,0.0,506.0,1.0,0.0,4.0
0.0,0.0,0.0,0.0,0.0,0.0,0.0,417.0,3.0,551.0,0.0,0.0,0.0,0.0,0.0,0.0,798.0,0.0,0.0,0.0,0.0,0.0,3.0,0.0,833.2694954571941,0.0,0.0,167.8657105606258,0.0,0.0,1.0,0.0,4.0
139.0,0.0,0.0,0.0,0.0,0.0,0.0,417.0,3.0,551.0,0.0,0.0,0.0,0.0,0.0,0.0,445.0,0.0,0.0,0.0,0.0,0.0,3.0,0.0,833.2694954571941,0.0,0.0,139.0,0.0,0.0,0.0,0.0,1.0
0.0,0.0,0.0,301.0,87.0,0.0,899.0,167.0,3.0,301.0,0.0,1200.0,0.0,0.0,0.0,0.0,67.0,0.0,0.0,0.0,167.0,0.0,3.0,201.0,655.7614782277793,0.0,899.0,0.0,0.0,1200.0,0.0,0.0,2.672
986.0,1837.0,1.0,506.0,111.0,0.0,1342.0,0.0,4.0,506.0,367.0,1848.0,1837.0,367.0,0.0,0.0,0.0,367.0,0.0,0.0,0.0,0.0,4.0,139.0,461.0519187638686,0.0,1341.0,986.0,0.0,11.0,0.0,0.0,6.0
1513.0,1855.0,1.0,1348.0,118.0,0.0,960.0,250.0,5.0,1348.0,557.0,2308.0,1855.0,371.0,0.0,0.0,250.0,371.0,0.0,0.0,250.0,0.0,5.0,243.0,420.8400784811729,0.0,959.0,1513.0,0.0,453.0,0.0,0.0,3.0
0.0,0.0,0.0,0.0,0.0,0.0,0.0,353.0,4.0,492.0,0.0,0.0,0.0,0.0,0.0,0.0,353.0,0.0,0.0,0.0,0.0,0.0,4.0,0.0,725.9990726114531,0.0,0.0,0.0,0.0,0.0,0.0,0.0,3.0
8.0,1718.0,1.0,482.0,103.0,0.0,1236.0,0.0,4.0,482.0,343.0,1718.0,1718.0,344.0,0.0,0.0,0.0,343.0,0.0,0.0,0.0,0.0,4.0,139.0,482.0899050217449,0.0,1236.0,8.0,0.0,0.0,0.0,0.0,3.0
55.0,0.0,0.0,134.0,43.0,0.0,467.0,0.0,3.0,134.0,0.0,601.0,0.0,0.0,0.0,1.0,0.0,0.0,0.0,0.0,0.0,0.0,3.0,134.0,741.2283005005851,475.0,467.0,55.0,0.0,601.0,0.0,0.0,1.0
0.0,0.0,0.0,274.0,76.0,0.0,349.0,140.0,1.0,274.0,0.0,623.0,0.0,0.0,0.0,0.0,140.0,0.0,0.0,1.0,140.0,0.0,1.0,201.0,957.0840238810912,70.0,348.0,167.8657105606258,0.0,623.0,1.0,0.0,1.0
772.0,47.0,1.0,143.0,90.0,0.0,589.0,0.0,1.0,143.0,9.0,732.0,0.0,9.0,0.0,1.0,0.0,9.0,0.0,0.0,0.0,0.0,1.0,134.0,930.7865393584484,0.0,589.0,772.0,0.0,685.0,0.0,0.0,3.0
661.0,1010.0,1.0,753.0,92.0,0.0,257.0,417.0,2.0,753.0,257.0,1010.0,1010.0,202.0,0.0,0.0,417.0,202.0,0.0,0.0,417.0,0.0,2.0,155.0,880.7131435105056,0.0,257.0,661.0,0.0,0.0,0.0,0.0,5.0
677.0,1969.0,1.0,532.0,118.0,0.0,1437.0,0.0,4.0,532.0,393.0,1969.0,1969.0,394.0,0.0,0.0,0.0,393.0,0.0,0.0,0.0,1.0,4.0,139.0,442.6436780593865,0.0,1437.0,677.0,0.0,0.0,0.0,0.0,3.0
686.0,0.0,0.0,134.0,86.0,0.0,569.0,0.0,1.0,134.0,0.0,703.0,0.0,0.0,0.0,0.0,0.0,0.0,0.0,1.0,0.0,0.0,1.0,134.0,930.7865393584484,0.0,569.0,686.0,0.0,703.0,0.0,0.0,3.0
2400.0,0.0,0.0,134.0,92.0,0.0,616.0,0.0,1.0,134.0,0.0,750.0,0.0,0.0,0.0,0.0,0.0,0.0,0.0,1.0,0.0,0.0,1.0,134.0,930.7865393584484,0.0,616.0,2400.0,0.0,750.0,0.0,0.0,3.0
0.0,0.0,0.0,435.0,26.0,435.0,0.0,417.0,4.0,556.0,0.0,435.0,0.0,0.0,0.0,0.0,417.0,0.0,1.0,0.0,296.0,0.0,4.0,48.0,725.9990726114532,0.0,0.0,0.0,0.0,435.0,1.0,0.0,4.0
1534.0,0.0,0.0,230.0,74.0,0.0,1008.0,91.0,4.0,230.0,0.0,1238.0,0.0,0.0,0.0,0.0,91.0,0.0,0.0,0.0,91.0,0.0,4.0,208.0,527.4530662253509,0.0,1008.0,1534.0,0.0,1238.0,0.0,0.0,5.0
5.0,1379.0,1.0,579.0,100.0,0.0,800.0,170.0,3.0,579.0,413.0,1379.0,1379.0,275.0,0.0,0.0,170.0,275.0,0.0,0.0,170.0,0.0,3.0,201.0,675.4845896132516,0.0,799.0,5.0,0.0,0.0,0.0,0.0,3.0
0.0,0.0,0.0,0.0,0.0,0.0,0.0,417.0,4.0,556.0,0.0,0.0,0.0,0.0,0.0,0.0,417.0,0.0,0.0,0.0,0.0,0.0,4.0,0.0,725.9990726114531,0.0,0.0,0.0,0.0,0.0,1.0,0.0,4.0
0.0,0.0,0.0,0.0,0.0,0.0,0.0,0.0,4.0,139.0,0.0,0.0,0.0,0.0,0.0,0.0,0.0,0.0,0.0,0.0,0.0,0.0,4.0,0.0,725.9990726114531,0.0,0.0,0.0,0.0,0.0,1.0,0.0,2.672
0.0,0.0,0.0,438.0,105.0,0.0,422.0,229.0,1.0,438.0,0.0,860.0,0.0,0.0,0.0,1.0,229.0,0.0,0.0,0.0,229.0,0.0,1.0,201.0,942.6204077297514,0.0,421.0,0.0,0.0,860.0,0.0,0.0,3.0
86.0,1477.0,1.0,594.0,109.0,0.0,1221.0,40.0,4.0,594.0,335.0,1815.0,1477.0,295.0,0.0,0.0,40.0,295.0,0.0,0.0,40.0,0.0,4.0,179.0,485.3770896783638,0.0,1220.0,86.0,0.0,338.0,0.0,0.0,3.0
0.0,1948.0,1.0,575.0,91.0,0.0,1463.0,0.0,6.0,575.0,389.0,2038.0,1648.0,389.0,0.0,0.0,0.0,389.0,0.0,0.0,0.0,0.0,6.0,186.0,222.84333393778712,0.0,1462.0,0.0,0.0,90.0,0.0,0.0,3.0
135.0,165.0,1.0,193.0,69.0,0.0,951.0,21.0,4.0,193.0,50.0,1144.0,165.0,33.0,0.0,0.0,20.0,33.0,0.0,0.0,21.0,0.0,4.0,160.0,538.6294952649821,0.0,951.0,135.0,0.0,979.0,0.0,0.0,3.0
236.0,848.0,1.0,424.0,124.0,0.0,944.0,0.0,2.0,424.0,169.0,1368.0,848.0,169.0,0.0,0.0,0.0,169.0,0.0,0.0,0.0,0.0,2.0,134.0,751.1980341163378,0.0,943.0,236.0,0.0,520.0,0.0,0.0,3.0
0.0,223.0,1.0,178.0,42.0,364.0,409.0,0.0,3.0,178.0,44.0,587.0,223.0,45.0,0.0,0.0,0.0,44.0,1.0,0.0,0.0,0.0,3.0,134.0,752.4047330006214,0.0,0.0,0.0,0.0,364.0,1.0,0.0,4.0
119.0,1297.0,1.0,810.0,94.0,0.0,487.0,417.0,3.0,810.0,278.0,1297.0,1297.0,259.0,0.0,0.0,417.0,259.0,0.0,0.0,417.0,1.0,3.0,134.0,737.2836773628131,0.0,486.0,119.0,0.0,0.0,0.0,0.0,3.0
116.0,1548.0,1.0,860.0,112.0,0.0,688.0,417.0,3.0,860.0,309.0,1548.0,1548.0,309.0,0.0,0.0,277.0,309.0,0.0,0.0,417.0,0.0,3.0,134.0,697.837452660055,0.0,826.0,116.0,0.0,0.0,0.0,0.0,3.0
0.0,0.0,0.0,364.0,26.0,0.0,0.0,417.0,3.0,551.0,0.0,364.0,0.0,0.0,0.0,0.0,4717.0,0.0,0.0,0.0,230.0,0.0,3.0,0.0,833.2694954571942,0.0,0.0,0.0,0.0,364.0,1.0,0.0,1.0
0.0,919.0,1.0,546.0,112.0,0.0,373.0,229.0,1.0,546.0,275.0,919.0,919.0,183.0,0.0,0.0,229.0,183.0,0.0,0.0,229.0,0.0,1.0,201.0,952.481963776438,0.0,372.0,0.0,0.0,0.0,0.0,0.0,1.0
0.0,489.0,1.0,286.0,47.0,297.0,500.0,50.0,4.0,286.0,146.0,786.0,489.0,97.0,0.0,0.0,50.0,97.0,1.0,0.0,50.0,0.0,4.0,189.0,627.3835070220327,0.0,498.0,0.0,0.0,297.0,1.0,0.0,1.0
142.0,0.0,0.0,0.0,0.0,0.0,0.0,0.0,1.0,134.0,0.0,0.0,0.0,0.0,0.0,0.0,0.0,0.0,0.0,0.0,0.0,0.0,1.0,0.0,1026.1149193680856,0.0,0.0,142.0,0.0,0.0,0.0,0.0,2.672
503.0,246.0,1.0,236.0,56.0,0.0,534.0,53.0,3.0,236.0,73.0,770.0,246.0,49.0,0.0,0.0,53.0,49.0,0.0,0.0,53.0,0.0,3.0,187.0,728.0795585952811,0.0,534.0,503.0,0.0,524.0,0.0,0.0,3.0
0.0,17.0,1.0,189.0,92.0,364.0,2122.0,0.0,7.0,189.0,3.0,2311.0,17.0,3.0,0.0,1.0,0.0,3.0,1.0,0.0,0.0,0.0,7.0,186.0,76.66617647058824,1631.0,2125.0,0.0,0.0,2294.0,1.0,0.0,4.0
0.0,0.0,0.0,291.0,74.0,0.0,312.0,157.0,1.0,291.0,0.0,603.0,0.0,0.0,0.0,0.0,157.0,0.0,0.0,1.0,157.0,0.0,1.0,201.0,964.315831805738,603.0,311.0,0.0,0.0,603.0,1.0,0.0,2.672
0.0,0.0,0.0,134.0,24.0,332.0,198.0,0.0,3.0,134.0,0.0,332.0,0.0,0.0,0.0,0.0,0.0,0.0,1.0,0.0,0.0,0.0,3.0,134.0,794.4807073782382,0.0,198.0,0.0,0.0,332.0,1.0,0.0,2.672
0.0,0.0,0.0,308.0,97.0,0.0,487.0,174.0,1.0,308.0,0.0,795.0,0.0,0.0,795.0,0.0,174.0,0.0,0.0,1.0,174.0,1.0,1.0,201.0,930.7865393584484,0.0,486.0,0.0,0.0,795.0,1.0,0.0,4.0
5.0,0.0,0.0,0.0,0.0,0.0,0.0,417.0,6.0,603.0,0.0,0.0,0.0,0.0,0.0,0.0,417.0,0.0,0.0,0.0,0.0,0.0,6.0,0.0,511.458222849276,0.0,0.0,5.0,0.0,0.0,0.0,0.0,2.672
0.0,0.0,0.0,134.0,26.0,364.0,230.0,0.0,3.0,134.0,0.0,364.0,0.0,0.0,0.0,0.0,0.0,0.0,1.0,0.0,0.0,0.0,3.0,134.0,787.9063360493275,0.0,230.0,0.0,0.0,364.0,1.0,0.0,1.0
0.0,0.0,0.0,0.0,0.0,0.0,0.0,0.0,1.0,134.0,0.0,0.0,0.0,0.0,0.0,0.0,0.0,0.0,0.0,0.0,0.0,0.0,1.0,0.0,1026.1149193680856,0.0,0.0,0.0,0.0,0.0,0.0,0.0,3.0
0.0,0.0,0.0,0.0,0.0,0.0,0.0,417.0,5.0,579.0,0.0,0.0,0.0,0.0,0.0,0.0,417.0,0.0,0.0,0.0,0.0,0.0,5.0,0.0,610.1819660489733,0.0,0.0,0.0,0.0,0.0,1.0,0.0,4.0
0.0,0.0,0.0,134.0,78.0,0.0,507.0,0.0,1.0,134.0,0.0,641.0,0.0,0.0,0.0,0.0,0.0,0.0,0.0,1.0,0.0,0.0,1.0,134.0,930.7865393584484,79.0,507.0,0.0,0.0,641.0,1.0,0.0,4.0
702.0,1603.0,1.0,873.0,116.0,0.0,730.0,343.0,3.0,873.0,480.0,1603.0,1603.0,321.0,0.0,0.0,344.0,320.0,0.0,0.0,343.0,0.0,3.0,201.0,689.2907690163173,0.0,729.0,702.0,0.0,0.0,0.0,0.0,7.0
0.0,360.0,1.0,206.0,44.0,0.0,154.0,0.0,1.0,206.0,72.0,360.0,0.0,72.0,0.0,0.0,0.0,72.0,0.0,0.0,0.0,0.0,1.0,134.0,995.8728117474616,0.0,154.0,0.0,0.0,0.0,0.0,0.0,1.0
0.0,0.0,0.0,328.0,24.0,328.0,0.0,417.0,3.0,551.0,0.0,328.0,0.0,0.0,0.0,0.0,417.0,0.0,1.0,0.0,194.0,0.0,3.0,0.0,833.2694954571944,0.0,0.0,0.0,0.0,328.0,1.0,0.0,4.0
0.0,0.0,0.0,162.0,17.0,326.0,164.0,0.0,5.0,162.0,0.0,326.0,0.0,0.0,0.0,0.0,0.0,0.0,1.0,0.0,0.0,0.0,5.0,162.0,577.9675459852986,0.0,164.0,0.0,0.0,326.0,1.0,0.0,1.0
0.0,0.0,0.0,0.0,0.0,0.0,0.0,0.0,1.0,134.0,0.0,0.0,0.0,0.0,0.0,0.0,0.0,0.0,0.0,0.0,0.0,0.0,1.0,0.0,1026.1149193680856,0.0,0.0,0.0,0.0,0.0,1.0,0.0,1.0
0.0,0.0,0.0,184.0,84.0,0.0,500.0,0.0,1.0,184.0,0.0,684.0,0.0,0.0,0.0,1.0,0.0,0.0,0.0,0.0,0.0,0.0,1.0,134.0,930.7865393584484,0.0,500.0,0.0,0.0,684.0,0.0,0.0,3.0
0.0,1213.0,1.0,376.0,110.0,0.0,837.0,0.0,2.0,376.0,242.0,1213.0,1213.0,242.0,0.0,0.0,0.0,242.0,0.0,0.0,0.0,0.0,2.0,134.0,766.3190877304244,0.0,837.0,0.0,0.0,0.0,0.0,0.0,3.0
0.0,1293.0,1.0,784.0,78.0,0.0,509.0,387.0,4.0,784.0,387.0,1293.0,1293.0,258.0,0.0,0.0,290.0,258.0,0.0,0.0,387.0,0.0,4.0,209.0,625.4111934838908,0.0,798.0,0.0,0.0,0.0,0.0,0.0,1.0
0.0,0.0,0.0,375.0,46.0,0.0,0.0,254.0,1.0,388.0,0.0,375.0,0.0,0.0,0.0,0.0,254.0,0.0,0.0,0.0,241.0,0.0,1.0,188.0,1026.1149193680856,0.0,0.0,0.0,0.0,375.0,0.0,0.0,1.0
0.0,0.0,0.0,134.0,73.0,0.0,459.0,0.0,1.0,134.0,0.0,593.0,0.0,0.0,0.0,0.0,0.0,0.0,0.0,0.0,0.0,0.0,1.0,134.0,935.388599498536,0.0,459.0,0.0,0.0,593.0,0.0,0.0,1.0
0.0,1158.0,1.0,512.0,84.0,0.0,646.0,147.0,3.0,512.0,346.0,1158.0,1158.0,228.0,0.0,0.0,147.0,231.0,0.0,0.0,147.0,0.0,3.0,201.0,705.7266963510759,0.0,644.0,0.0,0.0,0.0,0.0,0.0,3.0
0.0,0.0,0.0,0.0,0.0,0.0,0.0,375.0,1.0,509.0,0.0,0.0,0.0,0.0,0.0,0.0,375.0,0.0,0.0,0.0,0.0,0.0,1.0,0.0,1026.1149193680856,0.0,0.0,0.0,0.0,0.0,0.0,0.0,1.0
1480.0,0.0,0.0,556.0,61.0,0.0,467.0,417.0,4.0,556.0,0.0,1023.0,0.0,0.0,0.0,0.0,417.0,0.0,0.0,0.0,417.0,0.0,4.0,178.0,633.957878163462,0.0,467.0,1480.0,0.0,1023.0,0.0,0.0,3.0
1.0,320.0,1.0,656.0,73.0,293.0,560.0,453.0,4.0,656.0,96.0,1216.0,280.0,64.0,0.0,1.0,454.0,64.0,1.0,0.0,453.0,0.0,4.0,208.0,615.5496395494013,603.0,559.0,1.0,0.0,896.0,0.0,0.0,5.0
19.0,1118.0,1.0,357.0,113.0,0.0,1209.0,0.0,3.0,357.0,223.0,1566.0,1118.0,224.0,0.0,0.0,0.0,223.0,0.0,0.0,0.0,0.0,3.0,134.0,594.6198262681756,0.0,1209.0,19.0,0.0,448.0,0.0,0.0,6.0
0.0,0.0,0.0,249.0,74.0,0.0,354.0,115.0,1.0,249.0,0.0,603.0,0.0,0.0,0.0,1.0,116.0,0.0,0.0,0.0,115.0,0.0,1.0,201.0,956.42658517355,603.0,354.0,0.0,0.0,603.0,1.0,0.0,4.0
0.0,0.0,0.0,472.0,69.0,0.0,95.0,338.0,1.0,472.0,0.0,567.0,0.0,0.0,0.0,1.0,339.0,0.0,0.0,0.0,338.0,0.0,1.0,201.0,1007.0492440703496,249.0,94.0,0.0,0.0,567.0,1.0,0.0,1.0
0.0,0.0,0.0,134.0,74.0,0.0,469.0,0.0,1.0,134.0,0.0,603.0,0.0,0.0,0.0,1.0,0.0,0.0,0.0,0.0,0.0,0.0,1.0,134.0,933.41628729134,603.0,469.0,0.0,0.0,603.0,1.0,0.0,1.0
0.0,0.0,0.0,400.0,76.0,0.0,225.0,266.0,1.0,400.0,0.0,625.0,0.0,0.0,0.0,0.0,267.0,0.0,0.0,1.0,266.0,0.0,1.0,201.0,981.4091967539266,137.0,225.0,0.0,0.0,625.0,1.0,0.0,4.0
0.0,0.0,0.0,454.0,74.0,0.0,149.0,320.0,1.0,454.0,0.0,603.0,0.0,0.0,0.0,0.0,321.0,0.0,0.0,1.0,320.0,0.0,1.0,201.0,996.5302494548778,603.0,149.0,0.0,0.0,603.0,1.0,0.0,1.0
0.0,0.0,0.0,324.0,26.0,364.0,40.0,190.0,3.0,324.0,0.0,364.0,0.0,0.0,0.0,0.0,190.0,0.0,1.0,0.0,190.0,0.0,3.0,201.0,600.1942438788714,0.0,40.0,0.0,0.0,364.0,1.0,0.0,1.0
423.0,1462.0,1.0,588.0,106.0,0.0,874.0,162.0,3.0,588.0,438.0,1462.0,1462.0,292.0,0.0,0.0,162.0,292.0,0.0,0.0,162.0,0.0,3.0,201.0,1017.04183670544,0.0,874.0,423.0,0.0,0.0,0.0,0.0,3.0
93.0,0.0,0.0,134.0,87.0,0.0,578.0,0.0,1.0,134.0,0.0,712.0,0.0,0.0,0.0,0.0,0.0,0.0,0.0,1.0,0.0,0.0,1.0,134.0,902.5746462695356,0.0,578.0,93.0,0.0,712.0,0.0,0.0,3.0
0.0,0.0,0.0,435.0,26.0,435.0,0.0,417.0,4.0,556.0,0.0,435.0,0.0,0.0,0.0,0.0,417.0,0.0,1.0,0.0,296.0,0.0,4.0,18.0,567.3887590257535,0.0,0.0,0.0,0.0,435.0,1.0,0.0,4.0
0.0,154.0,1.0,154.0,19.0,0.0,0.0,0.0,1.0,164.0,20.0,154.0,154.0,31.0,0.0,0.0,0.0,30.0,0.0,0.0,0.0,0.0,1.0,124.0,660.8030424278045,0.0,0.0,0.0,0.0,0.0,0.0,0.0,1.0
0.0,0.0,0.0,222.0,27.0,222.0,0.0,417.0,1.0,551.0,0.0,222.0,0.0,0.0,0.0,0.0,417.0,0.0,1.0,0.0,88.0,0.0,1.0,0.0,660.8030424278045,0.0,0.0,0.0,0.0,222.0,1.0,0.0,1.0
0.0,0.0,0.0,273.0,20.0,273.0,0.0,282.0,3.0,416.0,0.0,273.0,0.0,0.0,0.0,0.0,283.0,0.0,1.0,0.0,139.0,0.0,3.0,58.0,580.1855594204745,0.0,0.0,0.0,0.0,273.0,1.0,0.0,4.0
0.0,688.0,1.0,278.0,53.0,194.0,604.0,2.0,4.0,278.0,139.0,882.0,688.0,137.0,0.0,0.0,2.0,137.0,1.0,0.0,2.0,0.0,4.0,141.0,869.1864162510785,0.0,603.0,0.0,0.0,194.0,1.0,0.0,4.0
28.0,763.0,1.0,755.0,27.0,0.0,8.0,417.0,8.0,755.0,152.0,763.0,0.0,152.0,0.0,0.0,2237.0,152.0,0.0,0.0,417.0,0.0,8.0,186.0,562.8884879089948,0.0,0.0,28.0,0.0,0.0,0.0,0.0,6.0
20.0,20.0,1.0,138.0,98.0,0.0,1213.0,0.0,3.0,138.0,4.0,1351.0,0.0,4.0,0.0,0.0,0.0,4.0,0.0,0.0,0.0,0.0,3.0,134.0,1187.1156545883723,0.0,1213.0,20.0,0.0,1331.0,0.0,0.0,3.0
429.0,664.0,1.0,583.0,28.0,0.0,293.0,265.0,9.0,583.0,198.0,876.0,0.0,132.0,0.0,0.0,531.0,132.0,0.0,0.0,265.0,1.0,9.0,279.0,681.8155268829191,0.0,140.0,429.0,0.0,212.0,0.0,0.0,6.0
483.0,1028.0,1.0,439.0,74.0,0.0,589.0,100.0,3.0,439.0,305.0,1028.0,1028.0,206.0,0.0,0.0,101.0,205.0,0.0,0.0,100.0,0.0,3.0,201.0,875.3136551544064,0.0,588.0,483.0,0.0,0.0,0.0,0.0,3.0
0.0,0.0,0.0,293.0,21.0,293.0,0.0,417.0,3.0,551.0,0.0,293.0,0.0,0.0,0.0,0.0,417.0,0.0,1.0,0.0,159.0,0.0,3.0,0.0,580.1855594204746,0.0,0.0,0.0,0.0,293.0,1.0,0.0,3.0
78.0,0.0,0.0,0.0,0.0,0.0,0.0,405.0,2.0,539.0,0.0,0.0,0.0,0.0,0.0,0.0,405.0,0.0,0.0,0.0,0.0,0.0,2.0,0.0,616.3258249981953,0.0,0.0,78.0,0.0,0.0,0.0,0.0,5.0
0.0,0.0,0.0,300.0,27.0,0.0,0.0,222.0,2.0,356.0,0.0,300.0,0.0,0.0,0.0,0.0,417.0,0.0,0.0,0.0,166.0,1.0,2.0,145.0,616.3258249981952,0.0,0.0,0.0,0.0,300.0,0.0,0.0,3.0
246.0,99.0,1.0,325.0,67.0,0.0,417.0,172.0,2.0,325.0,28.0,742.0,0.0,20.0,0.0,1.0,173.0,19.0,0.0,0.0,172.0,0.0,2.0,201.0,824.7496214021988,139.0,415.0,246.0,0.0,643.0,0.0,0.0,5.0
0.0,0.0,0.0,0.0,0.0,0.0,0.0,417.0,5.0,579.0,0.0,0.0,0.0,0.0,0.0,0.0,1013.0,0.0,0.0,0.0,0.0,0.0,5.0,0.0,576.2680334900645,0.0,0.0,0.0,0.0,0.0,0.0,0.0,1.0
635.0,0.0,0.0,184.0,23.0,0.0,0.0,280.0,1.0,414.0,0.0,184.0,0.0,0.0,0.0,0.0,280.0,0.0,0.0,1.0,50.0,0.0,1.0,0.0,660.8030424278044,0.0,0.0,635.0,0.0,184.0,0.0,0.0,3.0
229.0,678.0,1.0,269.0,62.0,0.0,409.0,0.0,2.0,269.0,135.0,678.0,678.0,136.0,0.0,0.0,0.0,135.0,0.0,0.0,0.0,0.0,2.0,134.0,821.4148406702699,0.0,408.0,229.0,0.0,0.0,0.0,0.0,3.0
0.0,0.0,0.0,134.0,27.0,293.0,159.0,0.0,2.0,134.0,0.0,293.0,0.0,0.0,0.0,0.0,0.0,0.0,1.0,0.0,0.0,0.0,2.0,134.0,696.3605628221172,0.0,159.0,0.0,0.0,293.0,1.0,0.0,4.0
0.0,828.0,1.0,744.0,42.0,0.0,84.0,417.0,5.0,744.0,210.0,828.0,828.0,167.0,0.0,0.0,417.0,165.0,0.0,0.0,417.0,0.0,5.0,206.0,617.9527927463361,0.0,83.0,0.0,0.0,0.0,1.0,0.0,4.0
40.0,0.0,0.0,134.0,101.0,0.0,689.0,0.0,1.0,134.0,0.0,823.0,0.0,0.0,0.0,1.0,0.0,0.0,0.0,0.0,0.0,0.0,1.0,134.0,902.5746462695356,0.0,689.0,40.0,0.0,823.0,0.0,0.0,1.0
0.0,0.0,0.0,293.0,27.0,293.0,0.0,417.0,2.0,551.0,0.0,293.0,0.0,0.0,0.0,0.0,417.0,0.0,1.0,0.0,159.0,0.0,2.0,0.0,616.3258249981952,0.0,0.0,0.0,0.0,293.0,1.0,0.0,4.0
0.0,0.0,0.0,134.0,33.0,364.0,230.0,0.0,2.0,134.0,0.0,364.0,0.0,0.0,0.0,0.0,0.0,0.0,1.0,0.0,0.0,0.0,2.0,134.0,731.3757606134823,0.0,230.0,0.0,0.0,364.0,1.0,0.0,1.0
0.0,0.0,0.0,134.0,79.0,0.0,509.0,0.0,1.0,134.0,0.0,643.0,0.0,0.0,0.0,1.0,0.0,0.0,0.0,0.0,0.0,0.0,1.0,134.0,902.5746462695356,129.0,509.0,0.0,0.0,643.0,1.0,0.0,2.672
0.0,0.0,0.0,495.0,77.0,0.0,137.0,361.0,1.0,495.0,0.0,632.0,0.0,0.0,0.0,1.0,396.0,0.0,0.0,0.0,361.0,0.0,1.0,201.0,729.1660476572056,623.0,102.0,0.0,0.0,632.0,1.0,0.0,1.0
745.0,0.0,0.0,563.0,98.0,0.0,238.0,429.0,1.0,563.0,0.0,801.0,0.0,0.0,0.0,0.0,429.0,0.0,0.0,1.0,429.0,0.0,1.0,201.0,779.187758790462,0.0,238.0,745.0,0.0,801.0,0.0,0.0,2.0
0.0,75.0,1.0,245.0,88.0,0.0,473.0,96.0,1.0,245.0,22.0,718.0,0.0,15.0,0.0,0.0,96.0,15.0,0.0,1.0,96.0,0.0,1.0,201.0,897.5724751532567,78.0,472.0,0.0,0.0,643.0,1.0,0.0,4.0
209.0,0.0,0.0,373.0,122.0,0.0,623.0,0.0,1.0,373.0,0.0,996.0,0.0,0.0,0.0,1.0,0.0,0.0,0.0,0.0,0.0,0.0,1.0,134.0,902.5746462695356,0.0,623.0,209.0,0.0,996.0,0.0,0.0,2.0
258.0,0.0,0.0,164.0,98.0,0.0,633.0,30.0,1.0,164.0,0.0,797.0,0.0,0.0,0.0,0.0,30.0,0.0,0.0,1.0,30.0,0.0,1.0,164.0,902.5746462695356,0.0,632.0,258.0,0.0,797.0,0.0,0.0,2.0
477.0,0.0,0.0,146.0,111.0,0.0,764.0,0.0,1.0,146.0,0.0,910.0,0.0,0.0,0.0,0.0,0.0,0.0,0.0,1.0,0.0,0.0,1.0,134.0,902.5746462695356,0.0,764.0,477.0,0.0,910.0,0.0,0.0,1.0
84.0,1894.0,1.0,1053.0,114.0,0.0,841.0,386.0,4.0,1053.0,567.0,1894.0,1894.0,378.0,0.0,0.0,386.0,378.0,0.0,0.0,386.0,0.0,4.0,208.0,987.5711326195252,0.0,840.0,84.0,0.0,0.0,0.0,0.0,5.0
0.0,0.0,0.0,260.0,32.0,0.0,0.0,417.0,1.0,551.0,0.0,260.0,0.0,0.0,0.0,0.0,417.0,0.0,0.0,0.0,126.0,0.0,1.0,0.0,660.8030424278045,0.0,0.0,0.0,0.0,260.0,0.0,0.0,1.0
0.0,0.0,0.0,506.0,26.0,506.0,0.0,417.0,5.0,579.0,0.0,506.0,0.0,0.0,0.0,0.0,417.0,0.0,1.0,0.0,344.0,0.0,5.0,89.0,576.2680334900645,0.0,0.0,0.0,0.0,506.0,1.0,0.0,4.0
111.0,0.0,0.0,197.0,83.0,123.0,720.0,63.0,2.0,197.0,0.0,917.0,0.0,0.0,0.0,1.0,63.0,0.0,1.0,0.0,63.0,0.0,2.0,197.0,976.4821451996052,0.0,719.0,111.0,0.0,917.0,1.0,0.0,2.0
0.0,0.0,0.0,175.0,77.0,222.0,670.0,41.0,2.0,175.0,0.0,845.0,0.0,0.0,0.0,1.0,41.0,0.0,1.0,0.0,41.0,0.0,2.0,175.0,951.4712896465554,623.0,669.0,0.0,0.0,845.0,1.0,0.0,1.0
0.0,40.0,1.0,417.0,38.0,0.0,0.0,417.0,2.0,559.0,0.0,417.0,0.0,8.0,0.0,0.0,417.0,8.0,0.0,0.0,275.0,0.0,2.0,0.0,616.3258249981952,0.0,0.0,0.0,0.0,377.0,0.0,0.0,3.0
0.0,0.0,0.0,337.0,46.0,0.0,306.0,203.0,3.0,337.0,0.0,643.0,0.0,0.0,0.0,1.0,458.0,0.0,0.0,0.0,203.0,0.0,3.0,201.0,733.5854735699609,163.0,305.0,0.0,0.0,643.0,0.0,0.0,1.0
748.0,0.0,0.0,603.0,43.0,0.0,592.0,417.0,8.0,603.0,0.0,1195.0,0.0,0.0,0.0,0.0,417.0,0.0,0.0,0.0,417.0,0.0,8.0,186.0,856.3491932858049,0.0,592.0,748.0,0.0,1195.0,0.0,0.0,3.0
0.0,602.0,1.0,254.0,81.0,293.0,641.0,0.0,2.0,254.0,120.0,895.0,602.0,120.0,0.0,0.0,0.0,120.0,1.0,0.0,0.0,0.0,2.0,134.0,936.4647762990016,0.0,641.0,0.0,0.0,293.0,1.0,0.0,4.0
0.0,0.0,0.0,293.0,27.0,293.0,0.0,225.0,2.0,359.0,0.0,293.0,0.0,0.0,0.0,0.0,225.0,0.0,1.0,0.0,159.0,0.0,2.0,135.0,616.3258249981953,0.0,0.0,0.0,0.0,293.0,1.0,0.0,1.0
0.0,0.0,0.0,134.0,79.0,0.0,509.0,0.0,1.0,134.0,0.0,643.0,0.0,0.0,0.0,1.0,0.0,0.0,0.0,0.0,0.0,0.0,1.0,134.0,902.5746462695356,440.0,509.0,0.0,0.0,643.0,1.0,0.0,1.0
0.0,515.0,1.0,387.0,63.0,0.0,128.0,150.0,1.0,387.0,155.0,515.0,515.0,103.0,0.0,0.0,150.0,103.0,0.0,0.0,150.0,0.0,1.0,201.0,724.1638765219485,0.0,128.0,0.0,0.0,0.0,0.0,0.0,1.0
0.0,0.0,0.0,508.0,77.0,0.0,124.0,374.0,1.0,508.0,0.0,632.0,0.0,0.0,9.0,1.0,374.0,0.0,0.0,0.0,374.0,0.0,1.0,201.0,722.4964861675566,623.0,124.0,0.0,0.0,632.0,1.0,0.0,1.0
0.0,0.0,0.0,0.0,0.0,0.0,0.0,25.0,1.0,159.0,0.0,0.0,0.0,0.0,0.0,0.0,25.0,0.0,0.0,0.0,0.0,1.0,1.0,0.0,660.8030424278045,0.0,0.0,0.0,0.0,0.0,0.0,0.0,1.0
0.0,0.0,0.0,577.0,88.0,0.0,140.0,443.0,1.0,577.0,0.0,717.0,0.0,0.0,9.0,0.0,443.0,0.0,0.0,1.0,443.0,0.0,1.0,201.0,730.8334380091914,623.0,139.0,0.0,0.0,717.0,1.0,0.0,4.0
0.0,0.0,0.0,0.0,0.0,0.0,0.0,417.0,1.0,551.0,0.0,0.0,0.0,0.0,0.0,0.0,417.0,0.0,0.0,0.0,0.0,0.0,1.0,0.0,660.8030424278045,0.0,0.0,0.0,0.0,0.0,0.0,0.0,6.0
0.0,0.0,0.0,285.0,77.0,0.0,347.0,151.0,1.0,285.0,0.0,632.0,0.0,0.0,9.0,0.0,347.0,0.0,0.0,1.0,151.0,0.0,1.0,201.0,834.2116410487654,623.0,347.0,0.0,0.0,632.0,1.0,0.0,4.0
0.0,144.0,1.0,256.0,91.0,0.0,487.0,94.0,1.0,256.0,42.0,743.0,144.0,29.0,0.0,1.0,95.0,28.0,0.0,0.0,94.0,0.0,1.0,201.0,902.5746462695356,599.0,484.0,0.0,0.0,599.0,1.0,0.0,1.0
0.0,0.0,0.0,375.0,46.0,0.0,0.0,254.0,1.0,388.0,0.0,375.0,0.0,0.0,375.0,0.0,254.0,0.0,0.0,0.0,241.0,0.0,1.0,188.0,660.8030424278045,0.0,0.0,0.0,0.0,375.0,1.0,0.0,1.0
0.0,901.0,1.0,536.0,51.0,0.0,457.0,194.0,5.0,536.0,270.0,993.0,901.0,180.0,0.0,0.0,150.0,180.0,0.0,0.0,194.0,0.0,5.0,243.0,804.7005143678048,0.0,450.0,0.0,0.0,92.0,0.0,0.0,1.0
0.0,1256.0,1.0,390.0,75.0,0.0,866.0,0.0,4.0,390.0,251.0,1256.0,1256.0,251.0,0.0,0.0,0.0,251.0,0.0,0.0,0.0,0.0,4.0,139.0,1000.9102555895774,0.0,865.0,0.0,0.0,0.0,0.0,0.0,1.0
0.0,0.0,0.0,254.0,27.0,293.0,39.0,120.0,2.0,254.0,0.0,293.0,0.0,0.0,0.0,0.0,38.0,0.0,1.0,0.0,120.0,0.0,2.0,201.0,636.3345094394717,0.0,38.0,0.0,0.0,293.0,1.0,0.0,1.0
37.0,0.0,0.0,336.0,140.0,0.0,804.0,202.0,1.0,336.0,0.0,1140.0,0.0,0.0,0.0,1.0,201.0,0.0,0.0,0.0,202.0,0.0,1.0,201.0,902.5746462695356,0.0,804.0,37.0,0.0,1140.0,0.0,0.0,3.0
63.0,0.0,0.0,279.0,79.0,0.0,364.0,145.0,1.0,279.0,0.0,643.0,0.0,0.0,0.0,1.0,145.0,0.0,0.0,0.0,145.0,0.0,1.0,201.0,842.5485928964184,0.0,363.0,63.0,0.0,643.0,0.0,0.0,1.0
109.0,0.0,0.0,134.0,97.0,0.0,655.0,0.0,1.0,134.0,0.0,789.0,0.0,0.0,0.0,0.0,2.0,0.0,0.0,1.0,0.0,0.0,1.0,134.0,902.5746462695356,0.0,652.0,109.0,0.0,789.0,0.0,0.0,1.0
507.0,79.0,1.0,287.0,26.0,0.0,0.0,417.0,2.0,566.0,0.0,287.0,0.0,15.0,0.0,0.0,417.0,15.0,0.0,0.0,138.0,0.0,2.0,0.0,616.3258249981955,0.0,0.0,507.0,0.0,208.0,0.0,0.0,6.0
0.0,0.0,0.0,0.0,0.0,0.0,0.0,0.0,1.0,134.0,0.0,0.0,0.0,0.0,0.0,0.0,0.0,0.0,0.0,0.0,0.0,0.0,1.0,0.0,660.8030424278045,0.0,0.0,0.0,0.0,0.0,0.0,0.0,1.0
0.0,0.0,0.0,350.0,43.0,0.0,0.0,417.0,1.0,551.0,0.0,350.0,0.0,0.0,350.0,0.0,417.0,0.0,0.0,0.0,216.0,0.0,1.0,0.0,660.8030424278045,0.0,0.0,0.0,0.0,350.0,1.0,0.0,3.0
0.0,0.0,0.0,0.0,0.0,0.0,0.0,0.0,1.0,134.0,0.0,0.0,0.0,0.0,0.0,0.0,0.0,0.0,0.0,0.0,0.0,0.0,1.0,0.0,660.8030424278045,0.0,0.0,0.0,0.0,0.0,0.0,0.0,1.0
0.0,0.0,0.0,369.0,47.0,0.0,18.0,177.0,1.0,369.0,0.0,387.0,0.0,0.0,0.0,0.0,177.0,0.0,0.0,1.0,177.0,0.0,1.0,201.0,669.1399942735939,0.0,18.0,0.0,0.0,387.0,0.0,0.0,1.0
0.0,0.0,0.0,0.0,0.0,0.0,0.0,0.0,1.0,134.0,0.0,0.0,0.0,0.0,0.0,0.0,0.0,0.0,0.0,0.0,0.0,0.0,1.0,0.0,660.8030424278045,0.0,0.0,0.0,0.0,0.0,0.0,0.0,1.0
37.0,1607.0,1.0,460.0,106.0,0.0,1303.0,0.0,4.0,460.0,321.0,1763.0,45.0,321.0,0.0,0.0,0.0,321.0,0.0,0.0,0.0,0.0,4.0,139.0,1219.3383942517291,0.0,1302.0,37.0,0.0,156.0,0.0,0.0,6.0
75.0,1384.0,1.0,460.0,101.0,0.0,1505.0,22.0,5.0,460.0,298.0,1965.0,1384.0,277.0,0.0,0.0,23.0,276.0,0.0,0.0,22.0,0.0,5.0,184.0,1329.9284813580905,0.0,1503.0,75.0,0.0,581.0,0.0,0.0,5.0
0.0,0.0,0.0,293.0,27.0,293.0,0.0,417.0,2.0,551.0,0.0,293.0,0.0,0.0,0.0,0.0,417.0,0.0,1.0,0.0,159.0,0.0,2.0,0.0,616.3258249981953,0.0,0.0,0.0,0.0,293.0,1.0,0.0,4.0
0.0,0.0,0.0,0.0,0.0,0.0,0.0,0.0,2.0,134.0,0.0,0.0,0.0,0.0,0.0,0.0,0.0,0.0,0.0,0.0,0.0,2.0,2.0,0.0,616.3258249981953,0.0,0.0,0.0,0.0,0.0,0.0,0.0,3.0
0.0,0.0,0.0,0.0,0.0,0.0,0.0,417.0,2.0,551.0,0.0,0.0,0.0,0.0,0.0,0.0,417.0,0.0,0.0,0.0,0.0,0.0,2.0,0.0,616.3258249981953,0.0,0.0,167.8657105606258,0.0,0.0,0.0,0.0,3.0
1602.0,0.0,0.0,0.0,0.0,0.0,0.0,322.0,2.0,456.0,0.0,0.0,0.0,0.0,0.0,0.0,322.0,0.0,0.0,0.0,0.0,0.0,2.0,0.0,616.3258249981953,0.0,0.0,1602.0,0.0,0.0,0.0,0.0,5.0
28.0,0.0,0.0,134.0,71.0,0.0,447.0,0.0,1.0,134.0,0.0,581.0,0.0,0.0,0.0,0.0,0.0,0.0,0.0,1.0,0.0,0.0,1.0,134.0,752.5392706047368,0.0,447.0,28.0,0.0,581.0,0.0,0.0,3.0
20.0,0.0,0.0,282.0,111.0,0.0,628.0,147.0,1.0,282.0,0.0,910.0,0.0,0.0,0.0,1.0,147.0,0.0,0.0,0.0,147.0,0.0,1.0,201.0,755.5791975811298,0.0,627.0,20.0,0.0,910.0,0.0,0.0,1.0
555.0,0.0,0.0,491.0,47.0,0.0,23.0,357.0,2.0,491.0,0.0,514.0,0.0,0.0,0.0,0.0,357.0,0.0,0.0,0.0,357.0,0.0,2.0,201.0,710.4647405766357,0.0,23.0,555.0,0.0,514.0,0.0,0.0,6.0
455.0,0.0,0.0,409.0,109.0,0.0,792.0,237.0,2.0,409.0,0.0,1201.0,0.0,0.0,0.0,0.0,237.0,0.0,0.0,2.0,237.0,0.0,2.0,201.0,774.3032070808919,0.0,791.0,455.0,0.0,1201.0,0.0,0.0,3.0
895.0,718.0,1.0,718.0,32.0,0.0,0.0,417.0,6.0,746.0,115.0,718.0,718.0,143.0,0.0,0.0,835.0,143.0,0.0,0.0,389.0,4.0,6.0,158.0,697.7556102559902,0.0,0.0,895.0,0.0,0.0,0.0,0.0,2.672
1563.0,990.0,1.0,384.0,72.0,0.0,1229.0,0.0,6.0,384.0,198.0,1613.0,990.0,198.0,0.0,1.0,0.0,198.0,0.0,0.0,0.0,5.0,6.0,186.0,799.7313424640876,623.0,1229.0,1563.0,0.0,623.0,0.0,0.0,2.0
0.0,0.0,0.0,134.0,194.0,222.0,2003.0,0.0,2.0,134.0,0.0,2137.0,0.0,0.0,0.0,1.0,0.0,0.0,1.0,0.0,0.0,0.0,2.0,134.0,784.2520590036331,93.0,2003.0,167.8657105606258,0.0,2137.0,1.0,0.0,4.0
362.0,2009.0,1.0,746.0,80.0,0.0,1263.0,159.0,7.0,746.0,560.0,2009.0,2009.0,402.0,0.0,0.0,159.0,401.0,0.0,0.0,159.0,1.0,7.0,279.0,809.611928032524,0.0,1262.0,362.0,0.0,0.0,0.0,0.0,3.0
0.0,460.0,1.0,460.0,42.0,0.0,0.0,417.0,2.0,643.0,0.0,460.0,460.0,92.0,0.0,0.0,417.0,92.0,0.0,0.0,234.0,0.0,2.0,0.0,708.5302415916583,0.0,0.0,0.0,0.0,0.0,0.0,0.0,1.0
694.0,1041.0,1.0,582.0,127.0,0.0,459.0,240.0,1.0,582.0,312.0,1041.0,1041.0,208.0,0.0,0.0,241.0,208.0,0.0,0.0,240.0,0.0,1.0,201.0,753.6446985961525,0.0,458.0,694.0,0.0,0.0,0.0,0.0,1.0
0.0,0.0,0.0,226.0,53.0,435.0,812.0,64.0,5.0,226.0,0.0,1038.0,0.0,0.0,0.0,1.0,64.0,0.0,1.0,0.0,64.0,3.0,5.0,226.0,770.5057670458766,603.0,812.0,0.0,0.0,1038.0,1.0,0.0,4.0
0.0,0.0,0.0,429.0,85.0,0.0,504.0,235.0,2.0,429.0,0.0,933.0,0.0,0.0,290.0,1.0,236.0,0.0,0.0,0.0,235.0,0.0,2.0,201.0,750.2601482676006,50.0,504.0,0.0,0.0,933.0,0.0,0.0,4.0
0.0,0.0,0.0,361.0,77.0,0.0,271.0,227.0,1.0,361.0,0.0,632.0,0.0,0.0,9.0,0.0,0.0,0.0,0.0,1.0,227.0,0.0,1.0,201.0,737.8923497184788,623.0,271.0,0.0,0.0,632.0,1.0,0.0,1.0
1549.0,2070.0,1.0,781.0,86.0,0.0,1385.0,181.0,7.0,781.0,595.0,2166.0,2070.0,414.0,0.0,0.0,181.0,414.0,0.0,0.0,181.0,0.0,7.0,279.0,819.8371369531192,0.0,1386.0,1549.0,0.0,96.0,0.0,0.0,6.0
0.0,0.0,0.0,0.0,0.0,0.0,0.0,417.0,2.0,551.0,0.0,0.0,0.0,0.0,0.0,0.0,417.0,0.0,0.0,0.0,0.0,0.0,2.0,0.0,708.5302415916583,0.0,0.0,0.0,0.0,0.0,1.0,0.0,4.0
73.0,0.0,0.0,164.0,89.0,0.0,563.0,30.0,1.0,164.0,0.0,727.0,0.0,0.0,0.0,0.0,30.0,0.0,0.0,1.0,30.0,0.0,1.0,164.0,755.5791975811298,0.0,563.0,73.0,0.0,727.0,0.0,0.0,5.0
750.0,0.0,0.0,281.0,32.0,0.0,168.0,147.0,3.0,281.0,0.0,449.0,0.0,0.0,0.0,0.0,147.0,0.0,0.0,0.0,147.0,0.0,3.0,201.0,716.7526851729712,0.0,168.0,750.0,0.0,449.0,0.0,0.0,3.0
0.0,0.0,0.0,338.0,26.0,577.0,239.0,152.0,6.0,338.0,0.0,577.0,0.0,0.0,0.0,0.0,152.0,0.0,1.0,0.0,152.0,0.0,6.0,279.0,717.6533141014726,0.0,238.0,167.8657105606258,0.0,577.0,1.0,0.0,4.0
288.0,0.0,0.0,556.0,41.0,0.0,129.0,417.0,4.0,556.0,0.0,685.0,0.0,0.0,0.0,0.0,417.0,0.0,0.0,0.0,417.0,0.0,4.0,139.0,711.9863498551497,0.0,139.0,288.0,0.0,685.0,0.0,0.0,1.0
68.0,0.0,0.0,435.0,26.0,217.0,0.0,417.0,4.0,556.0,0.0,435.0,0.0,0.0,0.0,0.0,417.0,0.0,1.0,0.0,296.0,0.0,4.0,18.0,701.2084269388467,0.0,0.0,68.0,0.0,435.0,1.0,0.0,5.0
1746.0,0.0,0.0,139.0,93.0,0.0,622.0,5.0,1.0,139.0,0.0,761.0,0.0,0.0,0.0,0.0,5.0,0.0,0.0,1.0,5.0,0.0,1.0,139.0,755.5791975811298,0.0,622.0,1746.0,0.0,761.0,0.0,0.0,3.0
0.0,810.0,1.0,296.0,59.0,0.0,514.0,0.0,3.0,296.0,162.0,810.0,810.0,162.0,0.0,0.0,0.0,162.0,0.0,0.0,0.0,0.0,3.0,134.0,745.4938129497791,0.0,514.0,0.0,0.0,0.0,0.0,0.0,1.0
32.0,531.0,1.0,531.0,32.0,0.0,0.0,417.0,4.0,662.0,0.0,531.0,26.0,106.0,0.0,0.0,417.0,106.0,0.0,0.0,286.0,0.0,4.0,8.0,701.2084269388467,0.0,0.0,32.0,0.0,0.0,0.0,0.0,5.0
82.0,892.0,1.0,504.0,109.0,0.0,388.0,104.0,1.0,504.0,267.0,892.0,892.0,178.0,0.0,0.0,104.0,178.0,0.0,0.0,104.0,0.0,1.0,201.0,747.5648446433661,0.0,387.0,82.0,0.0,0.0,0.0,0.0,3.0
0.0,0.0,0.0,0.0,0.0,0.0,0.0,417.0,7.0,603.0,0.0,0.0,0.0,0.0,0.0,0.0,417.0,0.0,0.0,0.0,0.0,0.0,7.0,0.0,704.8726258458873,0.0,0.0,0.0,0.0,0.0,0.0,0.0,3.0
0.0,0.0,0.0,134.0,36.0,293.0,159.0,0.0,1.0,134.0,0.0,293.0,0.0,0.0,0.0,0.0,0.0,0.0,1.0,0.0,0.0,0.0,1.0,134.0,728.7725687892994,0.0,159.0,0.0,0.0,293.0,1.0,0.0,1.0
43.0,1522.0,1.0,776.0,110.0,0.0,746.0,338.0,3.0,776.0,456.0,1522.0,1522.0,304.0,0.0,0.0,338.0,304.0,0.0,0.0,338.0,0.0,3.0,201.0,764.8388027995537,0.0,745.0,43.0,0.0,0.0,0.0,0.0,3.0
747.0,0.0,0.0,148.0,110.0,0.0,1058.0,0.0,2.0,148.0,0.0,1206.0,0.0,0.0,0.0,0.0,0.0,0.0,0.0,2.0,0.0,0.0,2.0,134.0,784.2520590036331,0.0,1058.0,747.0,0.0,1206.0,0.0,0.0,3.0
251.0,0.0,0.0,350.0,32.0,0.0,0.0,417.0,2.0,551.0,0.0,350.0,0.0,0.0,0.0,0.0,417.0,0.0,0.0,0.0,216.0,0.0,2.0,0.0,708.5302415916583,0.0,0.0,251.0,0.0,350.0,0.0,0.0,6.0
0.0,535.0,1.0,486.0,65.0,0.0,49.0,245.0,1.0,486.0,161.0,535.0,535.0,107.0,0.0,0.0,244.0,107.0,0.0,0.0,245.0,0.0,1.0,201.0,719.6527878601199,0.0,49.0,0.0,0.0,0.0,1.0,0.0,4.0
0.0,0.0,0.0,134.0,79.0,0.0,965.0,0.0,3.0,134.0,0.0,1099.0,0.0,0.0,0.0,0.0,0.0,0.0,0.0,2.0,0.0,0.0,3.0,134.0,783.0783646579126,0.0,965.0,0.0,0.0,1099.0,0.0,0.0,2.0
0.0,0.0,0.0,262.0,32.0,0.0,0.0,165.0,1.0,299.0,0.0,262.0,0.0,0.0,0.0,0.0,164.0,0.0,0.0,0.0,128.0,0.0,1.0,164.0,715.5074328923112,0.0,0.0,0.0,0.0,262.0,0.0,0.0,3.0
0.0,0.0,0.0,435.0,31.0,435.0,0.0,417.0,3.0,751.0,0.0,435.0,0.0,0.0,0.0,0.0,0.0,0.0,1.0,0.0,101.0,0.0,3.0,0.0,702.934835280275,0.0,0.0,0.0,0.0,435.0,1.0,0.0,4.0
0.0,0.0,0.0,551.0,127.0,0.0,490.0,417.0,1.0,551.0,0.0,1041.0,0.0,0.0,0.0,0.0,421.0,0.0,0.0,0.0,417.0,0.0,1.0,197.0,755.5791975811298,0.0,485.0,0.0,0.0,1041.0,0.0,0.0,3.0
0.0,0.0,0.0,324.0,26.0,364.0,40.0,190.0,3.0,324.0,0.0,364.0,0.0,0.0,0.0,0.0,190.0,0.0,1.0,0.0,190.0,0.0,3.0,201.0,706.2511192545221,0.0,40.0,0.0,0.0,364.0,1.0,0.0,1.0
345.0,0.0,0.0,222.0,20.0,222.0,0.0,417.0,2.0,551.0,0.0,222.0,0.0,0.0,0.0,0.0,417.0,0.0,1.0,0.0,88.0,0.0,2.0,0.0,708.5302415916583,0.0,0.0,345.0,0.0,222.0,1.0,0.0,1.0
0.0,0.0,0.0,355.0,62.0,0.0,497.0,221.0,3.0,355.0,0.0,852.0,0.0,0.0,9.0,1.0,221.0,0.0,0.0,0.0,221.0,0.0,3.0,201.0,744.1120279605095,623.0,497.0,0.0,0.0,852.0,0.0,0.0,1.0
0.0,0.0,0.0,435.0,26.0,435.0,0.0,341.0,4.0,480.0,0.0,435.0,0.0,0.0,0.0,0.0,341.0,0.0,1.0,0.0,296.0,0.0,4.0,164.0,701.2084269388467,0.0,0.0,0.0,0.0,435.0,1.0,0.0,4.0
124.0,856.0,1.0,305.0,110.0,0.0,1212.0,0.0,3.0,305.0,171.0,1517.0,856.0,171.0,0.0,0.0,0.0,171.0,0.0,0.0,0.0,0.0,3.0,134.0,803.5287824991028,0.0,1212.0,124.0,0.0,661.0,0.0,0.0,6.0
1366.0,1290.0,1.0,594.0,108.0,0.0,906.0,92.0,3.0,594.0,350.0,1500.0,1290.0,258.0,0.0,0.0,92.0,258.0,0.0,0.0,92.0,0.0,3.0,201.0,778.103938696542,0.0,906.0,1366.0,0.0,210.0,0.0,0.0,6.0
0.0,0.0,0.0,324.0,57.0,0.0,299.0,190.0,2.0,324.0,0.0,623.0,0.0,0.0,0.0,1.0,190.0,0.0,0.0,0.0,190.0,0.0,2.0,201.0,733.4023713985113,623.0,298.0,0.0,0.0,623.0,0.0,0.0,6.0
1.0,0.0,0.0,134.0,84.0,0.0,555.0,0.0,1.0,134.0,0.0,689.0,0.0,0.0,0.0,0.0,0.0,0.0,0.0,0.0,0.0,0.0,1.0,134.0,755.5791975811298,0.0,555.0,1.0,0.0,689.0,0.0,0.0,3.0
0.0,0.0,0.0,134.0,76.0,0.0,489.0,0.0,1.0,134.0,0.0,623.0,0.0,0.0,0.0,1.0,169.0,0.0,0.0,0.0,0.0,0.0,1.0,134.0,755.5791975811298,623.0,489.0,0.0,0.0,623.0,1.0,0.0,1.0
0.0,0.0,0.0,510.0,77.0,0.0,122.0,376.0,1.0,510.0,0.0,632.0,0.0,0.0,9.0,1.0,376.0,0.0,0.0,0.0,376.0,0.0,1.0,201.0,725.7326418129062,623.0,122.0,0.0,0.0,632.0,1.0,0.0,1.0
0.0,0.0,0.0,225.0,28.0,0.0,0.0,259.0,1.0,393.0,0.0,225.0,0.0,0.0,225.0,0.0,0.0,0.0,0.0,0.0,91.0,0.0,1.0,33.0,715.5074328923112,0.0,0.0,0.0,0.0,225.0,1.0,0.0,1.0
0.0,0.0,0.0,293.0,21.0,293.0,0.0,417.0,3.0,551.0,0.0,293.0,0.0,0.0,0.0,0.0,417.0,0.0,1.0,0.0,159.0,0.0,3.0,0.0,702.934835280275,0.0,0.0,0.0,0.0,293.0,1.0,0.0,1.0
0.0,0.0,0.0,134.0,106.0,0.0,734.0,0.0,1.0,134.0,0.0,868.0,0.0,0.0,0.0,0.0,21.0,0.0,0.0,1.0,0.0,0.0,1.0,134.0,755.5791975811298,339.0,489.0,0.0,0.0,868.0,1.0,0.0,1.0
0.0,0.0,0.0,0.0,0.0,0.0,0.0,417.0,1.0,551.0,0.0,0.0,0.0,0.0,0.0,0.0,417.0,0.0,0.0,0.0,0.0,0.0,1.0,0.0,715.5074328923112,0.0,0.0,0.0,0.0,0.0,0.0,0.0,6.0
0.0,0.0,0.0,309.0,79.0,0.0,334.0,0.0,1.0,309.0,0.0,643.0,0.0,0.0,0.0,1.0,0.0,0.0,0.0,0.0,0.0,0.0,1.0,134.0,743.1431326777034,326.0,333.0,0.0,0.0,643.0,1.0,0.0,1.0
315.0,0.0,0.0,134.0,110.0,0.0,763.0,0.0,1.0,134.0,0.0,897.0,0.0,0.0,0.0,1.0,0.0,0.0,0.0,0.0,0.0,0.0,1.0,134.0,755.5791975811298,0.0,763.0,315.0,0.0,897.0,0.0,0.0,1.0
133.0,0.0,0.0,190.0,79.0,0.0,458.0,56.0,1.0,190.0,0.0,648.0,0.0,0.0,0.0,1.0,56.0,0.0,0.0,0.0,56.0,0.0,1.0,190.0,753.3683415982985,0.0,458.0,133.0,0.0,648.0,0.0,0.0,1.0
1977.0,0.0,0.0,157.0,110.0,0.0,739.0,0.0,1.0,157.0,0.0,896.0,0.0,0.0,0.0,0.0,0.0,0.0,0.0,1.0,0.0,0.0,1.0,134.0,755.5791975811298,0.0,739.0,1977.0,0.0,896.0,0.0,0.0,2.0
332.0,0.0,0.0,237.0,79.0,0.0,406.0,103.0,1.0,237.0,0.0,643.0,0.0,0.0,0.0,0.0,103.0,0.0,0.0,1.0,103.0,0.0,1.0,201.0,749.2229866304897,76.0,405.0,332.0,0.0,643.0,1.0,0.0,3.0
0.0,0.0,0.0,200.0,14.0,0.0,0.0,417.0,3.0,551.0,0.0,200.0,0.0,0.0,0.0,0.0,417.0,0.0,0.0,0.0,66.0,0.0,3.0,0.0,702.934835280275,0.0,0.0,0.0,0.0,200.0,0.0,0.0,1.0
244.0,1402.0,1.0,765.0,127.0,0.0,637.0,351.0,2.0,765.0,420.0,1402.0,1402.0,280.0,0.0,0.0,365.0,280.0,0.0,0.0,351.0,0.0,2.0,201.0,761.3144281817574,0.0,636.0,244.0,0.0,0.0,0.0,0.0,1.0
0.0,1358.0,1.0,405.0,98.0,0.0,953.0,0.0,3.0,405.0,271.0,1358.0,1358.0,271.0,0.0,0.0,0.0,271.0,0.0,0.0,0.0,0.0,3.0,134.0,781.9729366664968,0.0,952.0,0.0,0.0,0.0,0.0,0.0,6.0
0.0,0.0,0.0,876.0,122.0,0.0,118.0,742.0,1.0,876.0,0.0,994.0,0.0,0.0,0.0,0.0,742.0,0.0,0.0,1.0,742.0,0.0,1.0,201.0,725.1799278171984,0.0,118.0,0.0,0.0,994.0,0.0,0.0,1.0
0.0,0.0,0.0,261.0,76.0,0.0,362.0,127.0,1.0,261.0,0.0,623.0,0.0,0.0,0.0,1.0,127.0,0.0,0.0,0.0,127.0,0.0,1.0,201.0,745.6303456583887,623.0,361.0,0.0,0.0,623.0,1.0,0.0,4.0
0.0,403.0,1.0,403.0,37.0,0.0,0.0,417.0,2.0,631.0,0.0,403.0,403.0,80.0,0.0,0.0,417.0,80.0,0.0,0.0,189.0,0.0,2.0,0.0,708.5302415916583,0.0,0.0,0.0,0.0,0.0,1.0,0.0,2.672
0.0,0.0,0.0,225.0,28.0,0.0,0.0,179.0,1.0,313.0,0.0,225.0,0.0,0.0,225.0,0.0,179.0,0.0,0.0,0.0,91.0,0.0,1.0,113.0,715.5074328923112,0.0,0.0,0.0,0.0,225.0,1.0,0.0,2.672
1.0,0.0,0.0,375.0,46.0,0.0,0.0,254.0,1.0,388.0,0.0,375.0,0.0,0.0,375.0,0.0,254.0,0.0,0.0,0.0,241.0,0.0,1.0,188.0,715.5074328923112,0.0,0.0,1.0,0.0,375.0,1.0,0.0,1.0
0.0,0.0,0.0,385.0,47.0,0.0,0.0,417.0,1.0,551.0,0.0,385.0,0.0,0.0,0.0,0.0,417.0,0.0,0.0,0.0,251.0,0.0,1.0,0.0,715.5074328923112,0.0,0.0,0.0,0.0,385.0,0.0,0.0,3.0
0.0,0.0,0.0,0.0,0.0,0.0,0.0,417.0,1.0,551.0,0.0,0.0,0.0,0.0,0.0,0.0,417.0,0.0,0.0,0.0,0.0,0.0,1.0,0.0,715.5074328923112,0.0,0.0,0.0,0.0,0.0,0.0,0.0,3.0
0.0,0.0,0.0,222.0,27.0,222.0,0.0,417.0,1.0,551.0,0.0,222.0,0.0,0.0,0.0,0.0,417.0,0.0,1.0,0.0,88.0,0.0,1.0,0.0,715.5074328923112,0.0,0.0,0.0,0.0,222.0,1.0,0.0,1.0
15.0,144.0,1.0,162.0,76.0,0.0,896.0,0.0,3.0,162.0,28.0,1058.0,144.0,29.0,0.0,0.0,0.0,28.0,0.0,0.0,0.0,0.0,3.0,134.0,777.2748677029801,0.0,895.0,15.0,0.0,914.0,0.0,0.0,3.0
0.0,0.0,0.0,430.0,114.0,0.0,1148.0,296.0,3.0,430.0,0.0,1578.0,0.0,0.0,1.0,1.0,296.0,0.0,0.0,1.0,296.0,0.0,3.0,201.0,798.0016425420243,934.0,1148.0,0.0,0.0,1578.0,1.0,0.0,4.0
0.0,77.0,1.0,370.0,34.0,293.0,0.0,394.0,2.0,543.0,0.0,370.0,77.0,15.0,0.0,0.0,395.0,15.0,1.0,0.0,221.0,0.0,2.0,28.0,708.5302415916583,0.0,0.0,0.0,0.0,293.0,1.0,0.0,4.0
20.0,0.0,0.0,0.0,0.0,0.0,0.0,0.0,1.0,134.0,0.0,0.0,0.0,0.0,0.0,0.0,0.0,0.0,0.0,0.0,0.0,0.0,1.0,0.0,715.5074328923112,0.0,0.0,20.0,0.0,0.0,0.0,0.0,1.0
1.0,33.0,1.0,173.0,16.0,0.0,0.0,288.0,2.0,428.0,0.0,173.0,0.0,7.0,0.0,0.0,289.0,6.0,0.0,0.0,33.0,0.0,2.0,0.0,708.5302415916583,0.0,0.0,1.0,0.0,140.0,0.0,0.0,3.0
0.0,288.0,1.0,608.0,59.0,364.0,44.0,417.0,2.0,608.0,57.0,652.0,288.0,58.0,0.0,0.0,417.0,57.0,1.0,0.0,417.0,0.0,2.0,156.0,712.1228825637593,0.0,43.0,0.0,0.0,364.0,1.0,0.0,4.0
0.0,688.0,1.0,485.0,68.0,0.0,453.0,214.0,3.0,485.0,205.0,938.0,688.0,138.0,0.0,0.0,215.0,137.0,0.0,0.0,214.0,0.0,3.0,201.0,774.4140235739839,0.0,452.0,0.0,0.0,250.0,0.0,0.0,3.0
3.0,0.0,0.0,486.0,64.0,0.0,404.0,352.0,3.0,486.0,0.0,890.0,0.0,0.0,0.0,0.0,352.0,0.0,0.0,1.0,352.0,0.0,3.0,201.0,792.1401712201163,0.0,404.0,3.0,0.0,890.0,0.0,0.0,1.0
0.0,0.0,0.0,299.0,79.0,0.0,344.0,165.0,1.0,299.0,0.0,643.0,0.0,0.0,0.0,0.0,166.0,0.0,0.0,1.0,165.0,0.0,1.0,201.0,785.2126195201388,16.0,344.0,0.0,0.0,643.0,1.0,0.0,4.0
681.0,0.0,0.0,134.0,103.0,0.0,707.0,0.0,1.0,134.0,0.0,841.0,0.0,0.0,0.0,1.0,0.0,0.0,0.0,0.0,0.0,0.0,1.0,134.0,735.5794065031956,0.0,707.0,681.0,0.0,841.0,0.0,0.0,3.0
0.0,0.0,0.0,772.0,42.0,222.0,53.0,610.0,5.0,772.0,0.0,825.0,0.0,0.0,0.0,1.0,611.0,0.0,1.0,0.0,610.0,4.0,5.0,243.0,890.0619468957553,603.0,53.0,0.0,0.0,825.0,1.0,0.0,4.0
24.0,937.0,1.0,728.0,115.0,0.0,209.0,407.0,1.0,728.0,281.0,937.0,937.0,187.0,0.0,0.0,407.0,187.0,0.0,0.0,407.0,0.0,1.0,201.0,832.4823465217171,0.0,209.0,24.0,0.0,0.0,0.0,0.0,1.0
0.0,0.0,0.0,0.0,0.0,0.0,0.0,0.0,1.0,134.0,0.0,0.0,0.0,0.0,0.0,0.0,0.0,0.0,0.0,0.0,0.0,0.0,1.0,0.0,906.9321661662168,0.0,0.0,0.0,0.0,0.0,0.0,0.0,1.0
843.0,1752.0,1.0,893.0,129.0,0.0,897.0,211.0,3.0,893.0,525.0,1790.0,1752.0,350.0,0.0,0.0,210.0,350.0,0.0,0.0,211.0,0.0,3.0,201.0,617.2421820753416,0.0,897.0,843.0,0.0,38.0,0.0,0.0,3.0
0.0,0.0,0.0,218.0,42.0,0.0,358.0,84.0,3.0,218.0,0.0,576.0,0.0,0.0,0.0,0.0,83.0,0.0,0.0,0.0,84.0,0.0,3.0,201.0,808.684575457032,0.0,358.0,0.0,0.0,576.0,0.0,0.0,5.0
150.0,910.0,1.0,738.0,55.0,0.0,172.0,417.0,4.0,738.0,182.0,910.0,0.0,182.0,0.0,0.0,535.0,182.0,0.0,0.0,417.0,1.0,4.0,139.0,868.2811519491236,0.0,172.0,150.0,0.0,0.0,0.0,0.0,3.0
434.0,1529.0,1.0,439.0,110.0,0.0,1090.0,0.0,3.0,439.0,305.0,1529.0,1529.0,305.0,0.0,0.0,0.0,305.0,0.0,0.0,0.0,0.0,3.0,134.0,548.7010778663382,0.0,1089.0,434.0,0.0,0.0,0.0,0.0,3.0
294.0,1494.0,1.0,504.0,53.0,0.0,990.0,20.0,8.0,504.0,318.0,1494.0,1494.0,298.0,0.0,0.0,20.0,298.0,0.0,0.0,20.0,2.0,8.0,206.0,526.4315607265468,0.0,989.0,294.0,0.0,0.0,0.0,0.0,3.0
1286.0,1915.0,1.0,569.0,86.0,0.0,1346.0,0.0,6.0,569.0,383.0,1915.0,1915.0,383.0,0.0,0.0,0.0,383.0,0.0,0.0,0.0,0.0,6.0,186.0,441.50896020785626,0.0,1346.0,1286.0,0.0,0.0,0.0,0.0,3.0
699.0,0.0,0.0,271.0,115.0,0.0,999.0,0.0,2.0,271.0,0.0,1270.0,0.0,0.0,0.0,0.0,0.0,0.0,0.0,2.0,0.0,0.0,2.0,134.0,600.1883595604353,0.0,999.0,699.0,0.0,1270.0,0.0,0.0,3.0
50.0,0.0,0.0,591.0,40.0,0.0,295.0,405.0,6.0,591.0,0.0,886.0,0.0,0.0,0.0,0.0,405.0,0.0,0.0,0.0,405.0,0.0,6.0,279.0,813.7580588567604,0.0,295.0,50.0,0.0,886.0,0.0,0.0,5.0
0.0,35.0,1.0,35.0,3.0,0.0,0.0,417.0,2.0,558.0,0.0,35.0,0.0,7.0,0.0,0.0,417.0,7.0,0.0,0.0,0.0,0.0,2.0,0.0,923.9859884693096,0.0,0.0,0.0,0.0,0.0,1.0,0.0,4.0
0.0,0.0,0.0,134.0,27.0,0.0,88.0,0.0,1.0,134.0,0.0,222.0,0.0,0.0,222.0,0.0,0.0,0.0,0.0,0.0,0.0,0.0,1.0,134.0,876.2068436027495,0.0,88.0,0.0,0.0,222.0,1.0,0.0,3.0
0.0,0.0,0.0,134.0,87.0,0.0,819.0,0.0,2.0,134.0,0.0,953.0,0.0,0.0,0.0,0.0,0.0,0.0,0.0,2.0,0.0,2.0,2.0,134.0,633.2771686199206,387.0,819.0,167.8657105606258,0.0,953.0,1.0,0.0,4.0
0.0,0.0,0.0,0.0,0.0,0.0,0.0,0.0,1.0,134.0,0.0,0.0,0.0,0.0,0.0,0.0,0.0,0.0,0.0,0.0,0.0,0.0,1.0,0.0,906.932166166217,0.0,0.0,0.0,0.0,0.0,0.0,0.0,1.0
54.0,0.0,0.0,177.0,9.0,0.0,0.0,297.0,5.0,459.0,0.0,177.0,0.0,0.0,0.0,0.0,284.0,0.0,0.0,0.0,15.0,0.0,5.0,0.0,908.969837576922,0.0,0.0,54.0,0.0,177.0,0.0,0.0,1.0
101.0,473.0,1.0,377.0,67.0,0.0,1119.0,97.0,6.0,377.0,141.0,1496.0,473.0,95.0,0.0,0.0,97.0,94.0,0.0,0.0,97.0,0.0,6.0,279.0,521.8674953877971,0.0,1119.0,101.0,0.0,1023.0,0.0,0.0,5.0
16.0,1227.0,1.0,774.0,112.0,0.0,453.0,395.0,2.0,774.0,368.0,1227.0,1227.0,245.0,0.0,0.0,395.0,245.0,0.0,0.0,395.0,0.0,2.0,201.0,763.2689171083999,0.0,452.0,16.0,0.0,0.0,0.0,0.0,5.0
0.0,0.0,0.0,260.0,27.0,293.0,33.0,126.0,2.0,260.0,0.0,293.0,0.0,0.0,0.0,0.0,126.0,0.0,1.0,0.0,126.0,0.0,2.0,201.0,912.1685566439436,0.0,33.0,0.0,0.0,293.0,1.0,0.0,1.0
0.0,556.0,1.0,485.0,54.0,503.0,574.0,212.0,5.0,485.0,167.0,1059.0,556.0,111.0,0.0,0.0,212.0,111.0,1.0,0.0,212.0,0.0,5.0,243.0,705.7100124807752,0.0,574.0,0.0,0.0,503.0,1.0,0.0,4.0
50.0,0.0,0.0,222.0,20.0,222.0,0.0,417.0,2.0,551.0,0.0,222.0,0.0,0.0,0.0,0.0,417.0,0.0,1.0,0.0,88.0,0.0,2.0,0.0,923.9859884693096,0.0,0.0,50.0,0.0,222.0,0.0,0.0,3.0
1779.0,0.0,0.0,437.0,90.0,0.0,300.0,303.0,1.0,437.0,0.0,737.0,0.0,0.0,0.0,0.0,303.0,0.0,0.0,1.0,303.0,0.0,1.0,201.0,800.5752807156885,0.0,300.0,1779.0,0.0,737.0,0.0,0.0,1.0
584.0,1452.0,1.0,465.0,105.0,0.0,987.0,41.0,3.0,465.0,331.0,1452.0,1452.0,290.0,0.0,0.0,40.0,290.0,0.0,0.0,41.0,0.0,3.0,175.0,585.3351164657131,0.0,987.0,584.0,0.0,0.0,0.0,0.0,3.0
804.0,0.0,0.0,315.0,71.0,0.0,467.0,181.0,2.0,315.0,0.0,782.0,0.0,0.0,0.0,0.0,180.0,0.0,0.0,0.0,181.0,0.0,2.0,201.0,758.5419445111849,0.0,467.0,804.0,0.0,782.0,0.0,0.0,1.0
0.0,0.0,0.0,200.0,80.0,0.0,452.0,66.0,1.0,200.0,0.0,652.0,0.0,0.0,0.0,1.0,66.0,0.0,0.0,0.0,66.0,0.0,1.0,200.0,746.2150948414801,469.0,452.0,0.0,0.0,652.0,1.0,0.0,1.0
863.0,816.0,1.0,527.0,100.0,0.0,294.0,230.0,1.0,527.0,245.0,821.0,0.0,163.0,0.0,0.0,230.0,163.0,0.0,0.0,230.0,0.0,1.0,201.0,802.9387671284991,0.0,293.0,863.0,0.0,5.0,0.0,0.0,3.0
661.0,0.0,0.0,371.0,76.0,0.0,253.0,237.0,1.0,371.0,0.0,624.0,0.0,0.0,0.0,0.0,237.0,0.0,0.0,1.0,237.0,0.0,1.0,201.0,817.1196851984969,0.0,253.0,661.0,0.0,624.0,0.0,0.0,1.0
0.0,0.0,0.0,0.0,0.0,0.0,0.0,305.0,1.0,439.0,0.0,0.0,0.0,0.0,0.0,0.0,305.0,0.0,0.0,0.0,0.0,0.0,1.0,0.0,906.932166166217,0.0,0.0,0.0,0.0,0.0,0.0,0.0,3.0
2389.0,0.0,0.0,177.0,88.0,0.0,542.0,43.0,1.0,177.0,0.0,719.0,0.0,0.0,0.0,0.0,40.0,0.0,0.0,1.0,43.0,0.0,1.0,177.0,735.5794065031956,0.0,545.0,2389.0,0.0,719.0,0.0,0.0,3.0
0.0,1146.0,1.0,474.0,104.0,0.0,672.0,111.0,2.0,474.0,340.0,1146.0,1146.0,229.0,0.0,0.0,111.0,229.0,0.0,0.0,111.0,0.0,2.0,201.0,685.2738679643924,0.0,672.0,0.0,0.0,0.0,0.0,0.0,1.0
0.0,0.0,0.0,321.0,19.0,321.0,0.0,214.0,4.0,353.0,0.0,321.0,0.0,0.0,0.0,0.0,214.0,0.0,1.0,0.0,182.0,0.0,4.0,177.0,929.7317969791176,0.0,0.0,0.0,0.0,321.0,1.0,0.0,1.0
0.0,0.0,0.0,324.0,26.0,364.0,40.0,190.0,3.0,324.0,0.0,364.0,0.0,0.0,0.0,0.0,190.0,0.0,1.0,0.0,190.0,0.0,3.0,201.0,920.9501768241172,0.0,40.0,0.0,0.0,364.0,1.0,0.0,1.0
0.0,0.0,0.0,154.0,27.0,293.0,139.0,20.0,2.0,154.0,0.0,293.0,0.0,0.0,0.0,0.0,20.0,0.0,1.0,0.0,20.0,0.0,2.0,154.0,874.3527752398727,0.0,138.0,0.0,0.0,293.0,1.0,0.0,1.0
0.0,2045.0,1.0,668.0,123.0,0.0,1384.0,0.0,4.0,668.0,409.0,2052.0,2045.0,409.0,0.0,0.0,0.0,409.0,0.0,0.0,0.0,0.0,4.0,139.0,439.3083808449596,0.0,1384.0,0.0,0.0,7.0,0.0,0.0,3.0
0.0,0.0,0.0,185.0,68.0,293.0,751.0,51.0,3.0,185.0,0.0,936.0,0.0,0.0,0.0,1.0,51.0,0.0,1.0,0.0,51.0,0.0,3.0,185.0,669.2388813455283,375.0,751.0,0.0,0.0,936.0,1.0,0.0,1.0
0.0,0.0,0.0,293.0,27.0,89.0,0.0,417.0,2.0,551.0,0.0,293.0,0.0,0.0,0.0,0.0,417.0,0.0,1.0,0.0,159.0,0.0,2.0,0.0,923.9859884693096,0.0,0.0,0.0,0.0,293.0,1.0,0.0,4.0
0.0,0.0,0.0,253.0,65.0,0.0,467.0,119.0,2.0,253.0,0.0,720.0,0.0,0.0,97.0,1.0,119.0,0.0,0.0,0.0,119.0,0.0,2.0,201.0,758.5419445111847,623.0,467.0,0.0,0.0,720.0,0.0,0.0,3.0
0.0,271.0,1.0,188.0,37.0,0.0,323.0,0.0,3.0,188.0,54.0,511.0,271.0,54.0,0.0,0.0,0.0,54.0,0.0,0.0,0.0,0.0,3.0,134.0,820.5020072330284,0.0,324.0,0.0,0.0,240.0,0.0,0.0,1.0
0.0,400.0,1.0,242.0,46.0,506.0,664.0,0.0,5.0,242.0,80.0,906.0,400.0,80.0,0.0,0.0,0.0,80.0,1.0,0.0,0.0,0.0,5.0,162.0,673.8029466055656,0.0,440.0,0.0,0.0,506.0,1.0,0.0,2.672
0.0,0.0,0.0,184.0,79.0,0.0,459.0,50.0,1.0,184.0,0.0,643.0,0.0,0.0,0.0,0.0,50.0,0.0,0.0,1.0,50.0,0.0,1.0,184.0,743.8516086922041,177.0,458.0,0.0,0.0,643.0,1.0,0.0,2.672
2.0,0.0,0.0,134.0,92.0,0.0,615.0,0.0,1.0,134.0,0.0,749.0,0.0,0.0,0.0,1.0,0.0,0.0,0.0,0.0,0.0,0.0,1.0,134.0,735.5794065031956,0.0,615.0,2.0,0.0,749.0,0.0,0.0,3.0
0.0,33.0,1.0,288.0,75.0,0.0,325.0,148.0,1.0,288.0,9.0,613.0,33.0,6.0,0.0,1.0,148.0,6.0,0.0,0.0,148.0,0.0,1.0,201.0,791.1213354820931,215.0,325.0,0.0,0.0,580.0,1.0,0.0,2.672
772.0,0.0,0.0,450.0,103.0,0.0,391.0,316.0,1.0,450.0,0.0,841.0,0.0,0.0,0.0,1.0,316.0,0.0,0.0,0.0,316.0,0.0,1.0,201.0,768.6682150811273,0.0,390.0,772.0,0.0,841.0,0.0,0.0,2.672
0.0,0.0,0.0,465.0,80.0,0.0,187.0,331.0,1.0,465.0,0.0,652.0,0.0,0.0,9.0,0.0,331.0,0.0,0.0,1.0,331.0,0.0,1.0,201.0,840.754548647096,277.0,187.0,0.0,0.0,652.0,1.0,0.0,4.0
0.0,0.0,0.0,375.0,46.0,0.0,0.0,254.0,1.0,388.0,0.0,375.0,0.0,0.0,375.0,0.0,254.0,0.0,0.0,0.0,241.0,0.0,1.0,188.0,906.932166166217,0.0,0.0,0.0,0.0,375.0,1.0,0.0,2.672
385.0,1058.0,1.0,651.0,119.0,0.0,991.0,306.0,3.0,651.0,316.0,1642.0,1058.0,211.0,0.0,0.0,306.0,211.0,0.0,0.0,306.0,0.0,3.0,201.0,584.1533730594285,0.0,986.0,385.0,0.0,584.0,0.0,0.0,2.672
0.0,655.0,1.0,265.0,98.0,0.0,1088.0,0.0,3.0,265.0,131.0,1353.0,655.0,131.0,0.0,0.0,0.0,131.0,0.0,0.0,0.0,0.0,3.0,134.0,549.8828211741587,0.0,1088.0,0.0,0.0,698.0,0.0,0.0,6.0
0.0,916.0,1.0,524.0,56.0,12.0,404.0,202.0,4.0,524.0,275.0,928.0,916.0,183.0,0.0,0.0,202.0,183.0,1.0,0.0,202.0,0.0,4.0,209.0,786.7408731165137,0.0,404.0,0.0,0.0,12.0,1.0,0.0,1.0
0.0,0.0,0.0,632.0,77.0,0.0,0.0,506.0,1.0,690.0,0.0,632.0,0.0,0.0,9.0,1.0,506.0,0.0,0.0,0.0,448.0,0.0,1.0,143.0,906.932166166217,623.0,0.0,0.0,0.0,632.0,1.0,0.0,4.0
0.0,0.0,0.0,427.0,76.0,0.0,196.0,238.0,1.0,427.0,0.0,623.0,0.0,0.0,0.0,1.0,238.0,0.0,0.0,0.0,238.0,0.0,1.0,201.0,837.2093190215282,623.0,196.0,0.0,0.0,623.0,1.0,0.0,1.0
470.0,70.0,1.0,148.0,77.0,0.0,480.0,0.0,1.0,148.0,14.0,628.0,70.0,14.0,0.0,0.0,0.0,14.0,0.0,0.0,0.0,0.0,1.0,134.0,736.761149640284,0.0,480.0,470.0,0.0,558.0,0.0,0.0,7.0
0.0,968.0,1.0,726.0,118.0,0.0,242.0,399.0,1.0,726.0,289.0,968.0,968.0,194.0,0.0,0.0,400.0,193.0,0.0,0.0,399.0,0.0,1.0,201.0,820.6649148493376,0.0,241.0,0.0,0.0,0.0,0.0,0.0,6.0
0.0,441.0,1.0,639.0,58.0,364.0,166.0,417.0,3.0,639.0,111.0,805.0,0.0,88.0,0.0,0.0,417.0,88.0,1.0,0.0,417.0,0.0,3.0,180.0,876.0439361882843,0.0,166.0,0.0,0.0,364.0,1.0,0.0,1.0
0.0,0.0,0.0,0.0,0.0,0.0,0.0,0.0,1.0,134.0,0.0,0.0,0.0,0.0,0.0,0.0,0.0,0.0,0.0,0.0,0.0,0.0,1.0,0.0,906.932166166217,0.0,0.0,0.0,0.0,0.0,0.0,0.0,1.0
2000.0,0.0,0.0,0.0,0.0,0.0,0.0,390.0,1.0,524.0,0.0,0.0,0.0,0.0,0.0,0.0,390.0,0.0,0.0,0.0,0.0,0.0,1.0,0.0,906.932166166217,0.0,0.0,0.0,2000.0,0.0,0.0,0.0,6.0
0.0,0.0,0.0,0.0,0.0,0.0,0.0,340.0,3.0,524.0,0.0,0.0,0.0,0.0,0.0,0.0,340.0,0.0,0.0,0.0,0.0,0.0,3.0,0.0,935.1310947830068,0.0,0.0,0.0,0.0,0.0,0.0,0.0,3.0
0.0,0.0,0.0,222.0,27.0,222.0,0.0,153.0,1.0,287.0,0.0,222.0,0.0,0.0,0.0,0.0,153.0,0.0,1.0,0.0,88.0,0.0,1.0,136.0,906.9321661662171,0.0,0.0,0.0,0.0,222.0,1.0,0.0,3.0
0.0,0.0,0.0,184.0,27.0,293.0,109.0,50.0,2.0,184.0,0.0,293.0,0.0,0.0,0.0,0.0,51.0,0.0,1.0,0.0,50.0,0.0,2.0,184.0,884.9884636920082,0.0,109.0,0.0,0.0,293.0,1.0,0.0,1.0
0.0,0.0,0.0,185.0,77.0,0.0,447.0,51.0,1.0,185.0,0.0,632.0,0.0,0.0,9.0,1.0,51.0,0.0,0.0,0.0,51.0,0.0,1.0,185.0,748.5785813374797,623.0,447.0,0.0,0.0,632.0,1.0,0.0,4.0
0.0,0.0,0.0,145.0,77.0,0.0,488.0,0.0,1.0,145.0,0.0,633.0,0.0,0.0,0.0,0.0,0.0,0.0,0.0,1.0,0.0,0.0,1.0,134.0,735.5794065031955,171.0,488.0,0.0,0.0,633.0,1.0,0.0,1.0
706.0,0.0,0.0,134.0,87.0,293.0,1069.0,0.0,3.0,134.0,0.0,1203.0,0.0,0.0,0.0,1.0,0.0,0.0,1.0,0.0,0.0,0.0,3.0,134.0,555.7915370856786,0.0,1069.0,706.0,0.0,1203.0,1.0,0.0,1.0
797.0,1634.0,1.0,488.0,84.0,0.0,1146.0,0.0,5.0,488.0,326.0,1634.0,1634.0,327.0,0.0,0.0,0.0,326.0,0.0,0.0,0.0,0.0,5.0,162.0,502.4501869035532,0.0,1145.0,797.0,0.0,0.0,0.0,0.0,6.0
0.0,0.0,0.0,134.0,79.0,0.0,509.0,0.0,1.0,134.0,0.0,643.0,0.0,0.0,0.0,1.0,0.0,0.0,0.0,0.0,0.0,0.0,1.0,134.0,758.1285676771685,107.0,509.0,167.8657105606258,2.534854245880862,643.0,1.0,0.0,4.0
0.0,0.0,0.0,217.0,76.0,0.0,406.0,83.0,1.0,217.0,0.0,623.0,0.0,0.0,0.0,0.0,83.0,0.0,0.0,1.0,83.0,0.0,1.0,201.0,752.2717189794103,623.0,405.0,167.8657105606258,0.0,623.0,1.0,0.0,4.0
736.0,2040.0,1.0,594.0,116.0,0.0,2007.0,0.0,6.0,594.0,408.0,2601.0,2040.0,408.0,0.0,1.0,0.0,408.0,0.0,0.0,0.0,0.0,6.0,186.0,1163.56747115452,561.0,2007.0,736.0,0.0,561.0,0.0,0.0,3.0
0.0,0.0,0.0,548.0,82.0,0.0,358.0,414.0,2.0,548.0,0.0,906.0,0.0,0.0,0.0,0.0,413.0,0.0,0.0,2.0,414.0,0.0,2.0,201.0,803.1076029229819,906.0,358.0,167.8657105606258,0.0,906.0,1.0,0.0,4.0
0.0,0.0,0.0,303.0,76.0,0.0,320.0,169.0,1.0,303.0,0.0,623.0,0.0,0.0,0.0,0.0,169.0,0.0,0.0,1.0,169.0,1.0,1.0,201.0,745.650933494988,623.0,319.0,167.8657105606258,0.0,623.0,1.0,0.0,4.0
1161.0,0.0,0.0,320.0,127.0,0.0,719.0,0.0,1.0,320.0,0.0,1039.0,0.0,0.0,0.0,0.0,0.0,0.0,0.0,1.0,0.0,0.0,1.0,134.0,758.1285676771685,0.0,719.0,1161.0,0.0,1039.0,0.0,0.0,3.0
0.0,0.0,0.0,134.0,79.0,0.0,509.0,0.0,1.0,134.0,0.0,643.0,0.0,0.0,0.0,0.0,0.0,0.0,0.0,1.0,0.0,0.0,1.0,134.0,758.1285676771685,64.0,509.0,167.8657105606258,0.0,643.0,1.0,0.0,4.0
0.0,0.0,0.0,293.0,27.0,293.0,0.0,239.0,2.0,373.0,0.0,293.0,0.0,0.0,0.0,0.0,239.0,0.0,1.0,0.0,159.0,0.0,2.0,121.0,775.8605241986286,0.0,0.0,167.8657105606258,0.0,293.0,1.0,0.0,4.0
0.0,0.0,0.0,597.0,37.0,0.0,26.0,458.0,4.0,597.0,0.0,623.0,0.0,0.0,0.0,1.0,458.0,0.0,0.0,0.0,458.0,0.0,4.0,209.0,893.3203190101634,623.0,26.0,0.0,0.0,623.0,0.0,0.0,3.0
0.0,0.0,0.0,437.0,76.0,0.0,186.0,303.0,1.0,437.0,0.0,623.0,0.0,0.0,0.0,1.0,304.0,0.0,0.0,0.0,303.0,0.0,1.0,201.0,735.4651096727998,623.0,186.0,0.0,0.0,623.0,1.0,0.0,1.0
0.0,200.0,1.0,200.0,18.0,0.0,0.0,292.0,2.0,466.0,0.0,200.0,200.0,40.0,0.0,0.0,292.0,40.0,0.0,0.0,26.0,0.0,2.0,0.0,775.8605241986287,0.0,0.0,0.0,0.0,0.0,0.0,0.0,4.0
20.0,0.0,0.0,196.0,82.0,0.0,472.0,62.0,1.0,196.0,0.0,668.0,0.0,0.0,0.0,1.0,62.0,0.0,0.0,0.0,62.0,0.0,1.0,196.0,757.3646308905044,0.0,472.0,20.0,0.0,668.0,0.0,0.0,3.0
0.0,0.0,0.0,250.0,31.0,0.0,0.0,192.0,1.0,326.0,0.0,250.0,0.0,0.0,0.0,0.0,192.0,0.0,0.0,0.0,116.0,0.0,1.0,125.0,721.2049563217365,0.0,0.0,0.0,0.0,250.0,0.0,0.0,1.0
2.0,163.0,1.0,166.0,57.0,0.0,620.0,0.0,3.0,166.0,32.0,786.0,163.0,33.0,0.0,1.0,0.0,32.0,0.0,0.0,0.0,0.0,3.0,134.0,879.153400826469,623.0,620.0,2.0,0.0,623.0,0.0,0.0,3.0
0.0,530.0,1.0,395.0,65.0,0.0,135.0,155.0,1.0,395.0,159.0,530.0,0.0,106.0,0.0,0.0,155.0,106.0,0.0,0.0,155.0,0.0,1.0,201.0,731.6454257394793,0.0,135.0,0.0,0.0,0.0,0.0,0.0,1.0
19.0,0.0,0.0,0.0,0.0,0.0,0.0,398.0,3.0,532.0,0.0,0.0,0.0,0.0,0.0,0.0,398.0,0.0,0.0,0.0,0.0,0.0,3.0,0.0,831.7893200532943,0.0,0.0,19.0,0.0,0.0,0.0,0.0,6.0
492.0,1861.0,1.0,917.0,112.0,0.0,944.0,114.0,4.0,917.0,486.0,1861.0,1861.0,372.0,0.0,0.0,114.0,372.0,0.0,0.0,114.0,0.0,4.0,209.0,963.3478577877066,0.0,944.0,397.0,0.0,0.0,0.0,95.0,5.0
1507.0,916.0,1.0,516.0,66.0,0.0,400.0,70.0,3.0,516.0,253.0,916.0,916.0,183.0,0.0,0.0,70.0,183.0,0.0,0.0,70.0,1.0,3.0,201.0,862.3467915198586,0.0,399.0,1507.0,0.0,0.0,0.0,0.0,3.0
0.0,1131.0,1.0,671.0,58.0,0.0,460.0,283.0,5.0,671.0,339.0,1131.0,1131.0,226.0,0.0,0.0,284.0,226.0,0.0,0.0,283.0,1.0,5.0,243.0,989.2284733669176,0.0,459.0,0.0,0.0,0.0,0.0,0.0,3.0
0.0,111.0,1.0,404.0,29.0,293.0,0.0,417.0,3.0,573.0,0.0,404.0,0.0,22.0,0.0,0.0,417.0,22.0,1.0,0.0,248.0,0.0,3.0,0.0,831.7893200532943,0.0,0.0,0.0,0.0,293.0,1.0,0.0,3.0
0.0,1308.0,1.0,864.0,53.0,0.0,617.0,417.0,8.0,864.0,361.0,1481.0,1308.0,261.0,0.0,0.0,417.0,261.0,0.0,0.0,417.0,0.0,8.0,248.0,1182.988711677494,0.0,616.0,0.0,0.0,173.0,1.0,0.0,4.0
0.0,0.0,0.0,0.0,0.0,0.0,0.0,417.0,1.0,551.0,0.0,0.0,0.0,0.0,0.0,0.0,417.0,0.0,0.0,0.0,0.0,0.0,1.0,0.0,721.2049563217365,0.0,0.0,0.0,0.0,0.0,0.0,0.0,3.0
88.0,0.0,0.0,594.0,131.0,0.0,473.0,166.0,1.0,594.0,0.0,1067.0,0.0,0.0,0.0,1.0,166.0,0.0,0.0,0.0,166.0,0.0,1.0,201.0,757.3646308905044,0.0,471.0,88.0,0.0,1067.0,0.0,0.0,2.0
0.0,1474.0,1.0,625.0,110.0,0.0,899.0,157.0,3.0,625.0,441.0,1524.0,1474.0,294.0,0.0,0.0,157.0,294.0,0.0,0.0,157.0,0.0,3.0,201.0,900.5436308530642,0.0,898.0,0.0,0.0,50.0,0.0,0.0,3.0
0.0,0.0,0.0,313.0,76.0,0.0,310.0,179.0,1.0,313.0,0.0,623.0,0.0,0.0,0.0,0.0,179.0,0.0,0.0,1.0,179.0,0.0,1.0,201.0,744.8869967083239,623.0,309.0,0.0,0.0,623.0,1.0,0.0,4.0
0.0,0.0,0.0,0.0,0.0,0.0,0.0,0.0,1.0,134.0,0.0,0.0,0.0,0.0,0.0,0.0,0.0,0.0,0.0,0.0,0.0,0.0,1.0,0.0,721.2049563217365,0.0,0.0,0.0,0.0,0.0,0.0,0.0,1.0
2982.0,77.0,1.0,200.0,115.0,0.0,1069.0,0.0,2.0,200.0,15.0,1269.0,0.0,15.0,0.0,0.0,0.0,15.0,0.0,2.0,0.0,0.0,2.0,134.0,845.6334173806173,0.0,1069.0,2982.0,0.0,1192.0,0.0,0.0,3.0
0.0,0.0,0.0,145.0,76.0,0.0,478.0,0.0,1.0,145.0,0.0,623.0,0.0,0.0,0.0,1.0,0.0,0.0,0.0,0.0,0.0,0.0,1.0,134.0,757.6192764860591,623.0,477.0,0.0,0.0,623.0,1.0,0.0,1.0
5.0,0.0,0.0,450.0,110.0,0.0,762.0,316.0,2.0,450.0,0.0,1212.0,0.0,0.0,0.0,0.0,315.0,0.0,0.0,0.0,316.0,0.0,2.0,201.0,834.1743655806557,0.0,762.0,5.0,0.0,1212.0,0.0,0.0,3.0
0.0,0.0,0.0,348.0,82.0,0.0,325.0,214.0,1.0,348.0,0.0,673.0,0.0,0.0,0.0,1.0,214.0,0.0,0.0,0.0,214.0,0.0,1.0,201.0,746.1602246860974,0.0,324.0,0.0,0.0,673.0,0.0,0.0,6.0
557.0,0.0,0.0,521.0,119.0,0.0,454.0,301.0,1.0,521.0,0.0,975.0,0.0,0.0,0.0,1.0,301.0,0.0,0.0,0.0,301.0,0.0,1.0,201.0,755.8367573171762,0.0,453.0,557.0,0.0,975.0,0.0,0.0,1.0
26.0,0.0,0.0,264.0,24.0,264.0,0.0,276.0,2.0,410.0,0.0,264.0,0.0,0.0,0.0,0.0,276.0,0.0,1.0,0.0,130.0,0.0,2.0,55.0,775.8605241986287,0.0,0.0,26.0,0.0,264.0,1.0,0.0,1.0
719.0,2438.0,1.0,673.0,109.0,0.0,1765.0,0.0,6.0,673.0,487.0,2438.0,2438.0,487.0,0.0,0.0,0.0,487.0,0.0,0.0,0.0,3.0,6.0,186.0,1145.2329882745814,0.0,1764.0,719.0,0.0,0.0,0.0,0.0,6.0
0.0,0.0,0.0,364.0,60.0,0.0,629.0,225.0,4.0,364.0,0.0,993.0,0.0,0.0,0.0,0.0,224.0,0.0,0.0,0.0,225.0,0.0,4.0,209.0,939.4111718055648,0.0,629.0,0.0,0.0,993.0,0.0,0.0,1.0
0.0,0.0,0.0,293.0,36.0,293.0,0.0,159.0,1.0,293.0,0.0,293.0,0.0,0.0,0.0,0.0,159.0,0.0,1.0,0.0,159.0,0.0,1.0,201.0,721.2049563217365,0.0,0.0,0.0,0.0,293.0,1.0,0.0,2.672
0.0,0.0,0.0,324.0,26.0,364.0,40.0,190.0,3.0,324.0,0.0,364.0,0.0,0.0,0.0,0.0,190.0,0.0,1.0,0.0,190.0,0.0,3.0,201.0,834.8450671999508,0.0,40.0,0.0,0.0,364.0,1.0,0.0,4.0
0.0,0.0,0.0,435.0,26.0,435.0,0.0,417.0,4.0,556.0,0.0,435.0,0.0,0.0,0.0,0.0,417.0,0.0,1.0,0.0,296.0,4.0,4.0,18.0,891.2831542457258,0.0,0.0,0.0,0.0,435.0,1.0,0.0,2.672
0.0,0.0,0.0,632.0,77.0,0.0,0.0,606.0,1.0,740.0,0.0,632.0,0.0,0.0,9.0,0.0,606.0,0.0,0.0,1.0,498.0,1.0,1.0,93.0,721.2049563217365,623.0,0.0,0.0,0.0,632.0,1.0,0.0,2.672
0.0,0.0,0.0,464.0,42.0,293.0,0.0,340.0,2.0,474.0,0.0,464.0,0.0,0.0,0.0,0.0,339.0,0.0,1.0,0.0,330.0,0.0,2.0,191.0,775.8605241986287,0.0,0.0,0.0,0.0,464.0,1.0,0.0,4.0
0.0,0.0,0.0,0.0,0.0,0.0,0.0,417.0,4.0,556.0,0.0,0.0,0.0,0.0,0.0,0.0,417.0,0.0,0.0,0.0,0.0,0.0,4.0,0.0,891.2831542457259,0.0,0.0,0.0,0.0,0.0,1.0,0.0,4.0
0.0,0.0,0.0,394.0,76.0,0.0,229.0,260.0,1.0,394.0,0.0,623.0,0.0,0.0,0.0,1.0,260.0,0.0,0.0,0.0,260.0,0.0,1.0,201.0,738.775502415011,623.0,228.0,0.0,0.0,623.0,1.0,0.0,4.0
401.0,0.0,0.0,551.0,57.0,0.0,240.0,417.0,3.0,551.0,0.0,791.0,0.0,0.0,0.0,0.0,417.0,0.0,0.0,0.0,417.0,0.0,3.0,134.0,850.1238029332329,0.0,240.0,401.0,0.0,791.0,0.0,0.0,5.0
0.0,1068.0,1.0,347.0,77.0,0.0,721.0,0.0,3.0,347.0,213.0,1068.0,1068.0,213.0,0.0,0.0,0.0,213.0,0.0,0.0,0.0,0.0,3.0,134.0,886.7927686931101,0.0,720.0,0.0,0.0,0.0,0.0,0.0,1.0
25.0,608.0,1.0,608.0,55.0,0.0,0.0,417.0,2.0,672.0,57.0,608.0,608.0,122.0,0.0,0.0,417.0,121.0,0.0,0.0,353.0,0.0,2.0,70.0,775.8605241986287,0.0,0.0,25.0,0.0,0.0,0.0,0.0,6.0
0.0,0.0,0.0,632.0,77.0,0.0,0.0,556.0,1.0,690.0,0.0,632.0,0.0,0.0,9.0,1.0,556.0,0.0,0.0,0.0,498.0,0.0,1.0,143.0,721.2049563217365,623.0,0.0,0.0,0.0,632.0,1.0,0.0,1.0
2674.0,0.0,0.0,325.0,120.0,0.0,654.0,191.0,1.0,325.0,0.0,979.0,0.0,0.0,0.0,0.0,191.0,0.0,0.0,1.0,191.0,0.0,1.0,201.0,758.1285676771685,0.0,653.0,2674.0,0.0,979.0,0.0,0.0,1.0
0.0,0.0,0.0,0.0,0.0,0.0,0.0,0.0,1.0,134.0,0.0,0.0,0.0,0.0,0.0,0.0,0.0,0.0,0.0,0.0,0.0,0.0,1.0,0.0,721.2049563217366,0.0,0.0,0.0,0.0,0.0,0.0,0.0,1.0
24.0,0.0,0.0,318.0,80.0,0.0,336.0,174.0,1.0,318.0,0.0,654.0,0.0,0.0,0.0,0.0,174.0,0.0,0.0,0.0,174.0,0.0,1.0,201.0,746.9241614727616,0.0,336.0,24.0,0.0,654.0,0.0,0.0,3.0
0.0,0.0,0.0,0.0,0.0,0.0,0.0,417.0,1.0,551.0,0.0,0.0,0.0,0.0,0.0,0.0,417.0,0.0,0.0,0.0,0.0,0.0,1.0,0.0,721.2049563217366,0.0,0.0,0.0,0.0,0.0,0.0,0.0,6.0
0.0,0.0,0.0,314.0,23.0,314.0,0.0,215.0,3.0,349.0,0.0,314.0,0.0,0.0,0.0,0.0,215.0,0.0,1.0,0.0,180.0,0.0,3.0,166.0,831.7893200532943,0.0,0.0,0.0,0.0,314.0,1.0,0.0,5.0
0.0,0.0,0.0,218.0,20.0,0.0,0.0,175.0,2.0,309.0,0.0,218.0,0.0,0.0,0.0,0.0,175.0,0.0,0.0,0.0,84.0,0.0,2.0,110.0,775.8605241986287,0.0,0.0,0.0,0.0,218.0,0.0,0.0,1.0
0.0,0.0,0.0,0.0,0.0,0.0,0.0,417.0,3.0,551.0,0.0,0.0,0.0,0.0,0.0,0.0,417.0,0.0,0.0,0.0,0.0,0.0,3.0,0.0,831.7893200532943,0.0,0.0,0.0,0.0,0.0,0.0,0.0,3.0
0.0,0.0,0.0,476.0,80.0,0.0,176.0,342.0,1.0,476.0,0.0,652.0,0.0,0.0,9.0,1.0,370.0,0.0,0.0,0.0,342.0,0.0,1.0,201.0,734.7011728861359,65.0,148.0,0.0,0.0,652.0,1.0,0.0,1.0
0.0,0.0,0.0,134.0,69.0,0.0,820.0,0.0,3.0,134.0,0.0,954.0,0.0,0.0,0.0,0.0,0.0,0.0,0.0,0.0,0.0,0.0,3.0,134.0,894.4321365597513,0.0,820.0,0.0,0.0,954.0,0.0,0.0,3.0
0.0,730.0,1.0,697.0,89.0,0.0,33.0,417.0,1.0,697.0,156.0,730.0,730.0,146.0,0.0,0.0,417.0,146.0,0.0,0.0,417.0,0.0,1.0,138.0,723.7514122772836,0.0,33.0,0.0,0.0,0.0,0.0,0.0,3.0
0.0,0.0,0.0,130.0,16.0,0.0,0.0,330.0,1.0,464.0,0.0,130.0,0.0,0.0,105.0,0.0,330.0,0.0,0.0,0.0,0.0,0.0,1.0,0.0,721.2049563217366,0.0,0.0,0.0,0.0,130.0,1.0,0.0,1.0
0.0,0.0,0.0,0.0,0.0,0.0,0.0,25.0,2.0,159.0,0.0,0.0,0.0,0.0,0.0,0.0,25.0,0.0,0.0,0.0,0.0,0.0,2.0,0.0,775.8605241986287,0.0,0.0,0.0,0.0,0.0,0.0,0.0,3.0
0.0,0.0,0.0,305.0,76.0,0.0,318.0,171.0,1.0,305.0,0.0,623.0,0.0,0.0,0.0,1.0,177.0,0.0,0.0,0.0,171.0,0.0,1.0,201.0,745.3962878994333,623.0,301.0,0.0,0.0,623.0,1.0,0.0,4.0
6.0,0.0,0.0,312.0,83.0,0.0,365.0,178.0,1.0,312.0,0.0,677.0,0.0,0.0,0.0,0.0,178.0,0.0,0.0,1.0,178.0,0.0,1.0,201.0,749.2159718327539,0.0,365.0,6.0,0.0,677.0,0.0,0.0,3.0
3000.0,0.0,0.0,605.0,130.0,0.0,455.0,293.0,1.0,605.0,0.0,1060.0,0.0,0.0,0.0,0.0,293.0,0.0,0.0,1.0,293.0,0.0,1.0,201.0,756.0914029127308,0.0,455.0,3000.0,0.0,1060.0,0.0,0.0,3.0
135.0,1214.0,1.0,724.0,110.0,0.0,490.0,273.0,2.0,724.0,363.0,1214.0,1214.0,243.0,0.0,0.0,274.0,242.0,0.0,0.0,273.0,0.0,2.0,201.0,813.29342674517,0.0,489.0,135.0,0.0,0.0,0.0,0.0,3.0
0.0,0.0,0.0,0.0,0.0,0.0,0.0,233.0,2.0,367.0,0.0,0.0,0.0,0.0,0.0,0.0,233.0,0.0,0.0,0.0,0.0,0.0,2.0,0.0,775.8605241986287,0.0,0.0,0.0,0.0,0.0,0.0,0.0,1.0
1.0,549.0,1.0,445.0,54.0,0.0,304.0,202.0,3.0,445.0,164.0,749.0,549.0,110.0,0.0,0.0,203.0,109.0,0.0,0.0,202.0,0.0,3.0,201.0,854.9620692487722,0.0,302.0,1.0,0.0,200.0,0.0,0.0,3.0
25.0,1548.0,1.0,738.0,93.0,0.0,810.0,290.0,4.0,738.0,464.0,1548.0,1548.0,310.0,0.0,0.0,290.0,309.0,0.0,0.0,290.0,0.0,4.0,209.0,817.150247385377,0.0,809.0,25.0,0.0,0.0,0.0,0.0,3.0
1278.0,836.0,1.0,415.0,92.0,0.0,597.0,114.0,2.0,415.0,250.0,1012.0,0.0,167.0,0.0,0.0,115.0,167.0,0.0,0.0,114.0,0.0,2.0,201.0,859.1923365348642,0.0,596.0,1278.0,0.0,176.0,0.0,0.0,6.0
0.0,923.0,1.0,328.0,55.0,0.0,595.0,5.0,4.0,328.0,189.0,923.0,923.0,185.0,0.0,0.0,5.0,184.0,0.0,0.0,5.0,0.0,4.0,144.0,791.2957315611102,0.0,594.0,0.0,0.0,0.0,1.0,0.0,4.0
0.0,58.0,1.0,380.0,84.0,0.0,304.0,235.0,1.0,380.0,16.0,684.0,58.0,12.0,0.0,1.0,236.0,11.0,0.0,0.0,235.0,0.0,1.0,201.0,862.4384014804244,164.0,302.0,0.0,0.0,626.0,1.0,0.0,1.0
0.0,0.0,0.0,303.0,76.0,0.0,320.0,169.0,1.0,303.0,0.0,623.0,0.0,0.0,0.0,0.0,170.0,0.0,0.0,1.0,169.0,1.0,1.0,201.0,864.4582855291952,623.0,320.0,0.0,0.0,623.0,1.0,0.0,1.0
3.0,0.0,0.0,384.0,103.0,0.0,456.0,250.0,1.0,384.0,0.0,840.0,0.0,0.0,0.0,0.0,250.0,0.0,0.0,1.0,250.0,0.0,1.0,201.0,881.0213347291162,0.0,456.0,3.0,0.0,840.0,0.0,0.0,3.0
1544.0,0.0,0.0,329.0,123.0,0.0,674.0,195.0,1.0,329.0,0.0,1003.0,0.0,0.0,0.0,1.0,195.0,0.0,0.0,0.0,195.0,0.0,1.0,201.0,884.2531492071496,0.0,674.0,1544.0,0.0,1003.0,0.0,0.0,1.0
0.0,791.0,1.0,714.0,47.0,0.0,77.0,417.0,4.0,714.0,158.0,791.0,791.0,158.0,0.0,0.0,417.0,158.0,0.0,0.0,417.0,0.0,4.0,139.0,728.2753492394598,0.0,77.0,0.0,0.0,0.0,0.0,0.0,3.0
50.0,0.0,0.0,0.0,0.0,0.0,0.0,417.0,3.0,551.0,0.0,0.0,0.0,0.0,0.0,0.0,705.0,0.0,0.0,0.0,0.0,0.0,3.0,0.0,750.1043474337118,0.0,0.0,50.0,0.0,0.0,0.0,0.0,1.0
0.0,0.0,0.0,50.0,6.0,0.0,0.0,0.0,1.0,134.0,0.0,50.0,0.0,0.0,0.0,0.0,0.0,0.0,0.0,0.0,0.0,0.0,1.0,50.0,825.676511792795,0.0,0.0,0.0,0.0,50.0,0.0,0.0,1.0
0.0,0.0,0.0,337.0,51.0,0.0,81.0,203.0,1.0,337.0,0.0,418.0,0.0,0.0,0.0,0.0,203.0,0.0,0.0,1.0,203.0,0.0,1.0,201.0,835.3719552268951,0.0,81.0,0.0,0.0,418.0,1.0,0.0,4.0
10.0,850.0,1.0,758.0,77.0,0.0,92.0,417.0,2.0,758.0,170.0,850.0,850.0,170.0,0.0,0.0,695.0,170.0,0.0,0.0,417.0,0.0,2.0,134.0,798.1918382619847,0.0,91.0,10.0,0.0,0.0,0.0,0.0,3.0
78.0,0.0,0.0,551.0,52.0,0.0,26.0,417.0,2.0,551.0,0.0,577.0,0.0,0.0,0.0,0.0,583.0,0.0,0.0,0.0,417.0,0.0,2.0,134.0,790.1123020669014,0.0,25.0,78.0,0.0,577.0,0.0,0.0,1.0
0.0,322.0,1.0,322.0,29.0,0.0,0.0,251.0,2.0,449.0,0.0,322.0,322.0,64.0,0.0,0.0,251.0,64.0,0.0,0.0,124.0,0.0,2.0,74.0,786.880487588868,0.0,0.0,0.0,0.0,0.0,0.0,0.0,3.0
15.0,1190.0,1.0,790.0,108.0,0.0,400.0,243.0,2.0,790.0,357.0,1190.0,1190.0,238.0,0.0,0.0,243.0,238.0,0.0,0.0,243.0,2.0,2.0,201.0,835.3577047593683,0.0,400.0,15.0,0.0,0.0,0.0,0.0,5.0
0.0,0.0,0.0,283.0,77.0,222.0,562.0,149.0,2.0,283.0,0.0,845.0,0.0,0.0,0.0,1.0,150.0,0.0,1.0,0.0,149.0,0.0,2.0,201.0,855.1525684373225,623.0,562.0,0.0,0.0,845.0,1.0,0.0,1.0
228.0,0.0,0.0,445.0,97.0,0.0,351.0,311.0,1.0,445.0,0.0,796.0,0.0,0.0,0.0,1.0,311.0,0.0,0.0,0.0,311.0,0.0,1.0,201.0,868.0940768169828,0.0,351.0,228.0,0.0,796.0,0.0,0.0,3.0
0.0,0.0,0.0,0.0,0.0,0.0,0.0,0.0,6.0,186.0,0.0,0.0,0.0,0.0,0.0,0.0,0.0,0.0,0.0,0.0,0.0,0.0,6.0,0.0,656.7429529779183,0.0,0.0,0.0,0.0,0.0,0.0,0.0,1.0
0.0,468.0,1.0,644.0,53.0,268.0,92.0,417.0,3.0,644.0,93.0,736.0,468.0,94.0,0.0,0.0,408.0,93.0,1.0,0.0,417.0,0.0,3.0,148.0,761.4156981068286,0.0,286.0,0.0,0.0,268.0,1.0,0.0,4.0
0.0,63.0,1.0,356.0,32.0,293.0,0.0,334.0,2.0,480.0,0.0,356.0,0.0,13.0,0.0,0.0,334.0,12.0,1.0,0.0,210.0,0.0,2.0,77.0,786.880487588868,0.0,0.0,0.0,0.0,293.0,1.0,0.0,1.0
22.0,0.0,0.0,351.0,71.0,0.0,225.0,217.0,1.0,351.0,0.0,576.0,0.0,0.0,0.0,0.0,217.0,0.0,0.0,1.0,217.0,0.0,1.0,201.0,853.1469348560785,0.0,224.0,22.0,0.0,576.0,0.0,0.0,3.0
881.0,41.0,1.0,320.0,92.0,0.0,431.0,178.0,1.0,320.0,12.0,751.0,41.0,8.0,0.0,0.0,178.0,8.0,0.0,1.0,178.0,0.0,1.0,201.0,877.7895202510829,0.0,430.0,881.0,0.0,710.0,0.0,0.0,1.0
25.0,824.0,1.0,512.0,49.0,0.0,312.0,209.0,4.0,512.0,246.0,824.0,824.0,164.0,0.0,0.0,209.0,164.0,0.0,0.0,209.0,0.0,4.0,208.0,756.9577027320058,0.0,310.0,25.0,0.0,0.0,0.0,0.0,3.0
0.0,1462.0,1.0,691.0,65.0,0.0,771.0,213.0,6.0,691.0,438.0,1462.0,1462.0,292.0,0.0,0.0,213.0,292.0,0.0,0.0,213.0,0.0,6.0,279.0,750.0615960311313,0.0,770.0,0.0,0.0,0.0,0.0,0.0,3.0
0.0,0.0,0.0,211.0,91.0,0.0,533.0,77.0,1.0,211.0,0.0,744.0,0.0,0.0,0.0,1.0,77.0,0.0,0.0,0.0,77.0,0.0,1.0,201.0,884.2531492071496,0.0,533.0,0.0,0.0,744.0,0.0,0.0,2.0
253.0,1348.0,1.0,793.0,85.0,0.0,616.0,385.0,4.0,793.0,403.0,1409.0,1348.0,269.0,0.0,0.0,385.0,269.0,0.0,0.0,385.0,0.0,4.0,208.0,793.7195924196352,0.0,615.0,253.0,0.0,61.0,0.0,0.0,3.0
0.0,729.0,1.0,438.0,93.0,0.0,583.0,159.0,2.0,438.0,218.0,1021.0,729.0,145.0,0.0,0.0,225.0,145.0,0.0,0.0,159.0,0.0,2.0,201.0,857.5764292958476,0.0,581.0,0.0,0.0,292.0,0.0,0.0,3.0
294.0,478.0,1.0,257.0,79.0,0.0,1280.0,0.0,5.0,257.0,95.0,1537.0,478.0,96.0,0.0,0.0,0.0,95.0,0.0,0.0,0.0,0.0,5.0,162.0,848.2422112689212,0.0,1279.0,294.0,0.0,1059.0,0.0,0.0,6.0
11.0,1919.0,1.0,818.0,118.0,0.0,1151.0,0.0,4.0,818.0,383.0,1969.0,1919.0,383.0,0.0,0.0,0.0,383.0,0.0,0.0,0.0,0.0,4.0,139.0,858.3558819803022,0.0,1150.0,11.0,0.0,50.0,0.0,0.0,3.0
5.0,0.0,0.0,134.0,95.0,0.0,645.0,0.0,1.0,134.0,0.0,779.0,0.0,0.0,0.0,1.0,0.0,0.0,0.0,0.0,0.0,0.0,1.0,134.0,884.2531492071495,0.0,645.0,5.0,0.0,779.0,0.0,0.0,2.0
0.0,0.0,0.0,293.0,27.0,293.0,0.0,282.0,2.0,416.0,0.0,293.0,0.0,0.0,0.0,0.0,282.0,0.0,1.0,0.0,159.0,0.0,2.0,78.0,786.880487588868,0.0,0.0,0.0,0.0,293.0,1.0,0.0,4.0
0.0,0.0,0.0,329.0,21.0,577.0,248.0,143.0,8.0,329.0,0.0,577.0,0.0,0.0,0.0,0.0,143.0,0.0,1.0,0.0,143.0,0.0,8.0,279.0,634.8997043161396,0.0,247.0,0.0,0.0,577.0,1.0,0.0,2.672
0.0,0.0,0.0,0.0,0.0,0.0,0.0,305.0,3.0,439.0,0.0,0.0,0.0,0.0,0.0,0.0,305.0,0.0,0.0,0.0,0.0,0.0,3.0,0.0,750.1043474337118,0.0,0.0,0.0,0.0,0.0,1.0,0.0,2.672
0.0,0.0,0.0,324.0,26.0,364.0,40.0,190.0,3.0,324.0,0.0,364.0,0.0,0.0,0.0,0.0,190.0,0.0,1.0,0.0,190.0,0.0,3.0,201.0,754.9520691507619,0.0,40.0,0.0,0.0,364.0,1.0,0.0,2.672
0.0,0.0,0.0,134.0,99.0,166.0,675.0,0.0,1.0,134.0,0.0,809.0,0.0,0.0,0.0,0.0,0.0,0.0,1.0,0.0,0.0,0.0,1.0,134.0,884.2531492071496,78.0,675.0,0.0,0.0,809.0,1.0,0.0,2.672
0.0,0.0,0.0,0.0,0.0,0.0,0.0,417.0,2.0,826.0,0.0,0.0,0.0,0.0,0.0,0.0,417.0,0.0,0.0,0.0,0.0,0.0,2.0,0.0,786.880487588868,0.0,0.0,0.0,0.0,0.0,1.0,0.0,2.672
0.0,1335.0,1.0,406.0,96.0,0.0,1193.0,0.0,4.0,406.0,267.0,1599.0,1335.0,267.0,0.0,0.0,0.0,267.0,0.0,0.0,0.0,0.0,4.0,139.0,863.6075805071065,0.0,1195.0,0.0,0.0,264.0,0.0,0.0,3.0
0.0,0.0,0.0,221.0,79.0,0.0,422.0,87.0,1.0,221.0,0.0,643.0,0.0,0.0,0.0,0.0,87.0,0.0,0.0,1.0,87.0,0.0,1.0,201.0,876.9815666315745,380.0,421.0,0.0,0.0,643.0,1.0,0.0,1.0
0.0,0.0,0.0,336.0,76.0,0.0,287.0,202.0,1.0,336.0,0.0,623.0,0.0,0.0,0.0,1.0,202.0,0.0,0.0,0.0,202.0,0.0,1.0,201.0,860.4185174316536,623.0,286.0,0.0,0.0,623.0,1.0,0.0,1.0
217.0,1124.0,1.0,734.0,96.0,0.0,590.0,376.0,3.0,734.0,336.0,1324.0,1124.0,225.0,0.0,0.0,376.0,224.0,0.0,0.0,376.0,0.0,3.0,201.0,821.6082427601997,0.0,589.0,217.0,0.0,200.0,0.0,0.0,6.0
0.0,0.0,0.0,219.0,20.0,219.0,0.0,0.0,2.0,525.0,0.0,219.0,0.0,0.0,0.0,0.0,0.0,0.0,1.0,0.0,0.0,0.0,2.0,0.0,786.880487588868,0.0,0.0,0.0,0.0,219.0,1.0,0.0,1.0
117.0,0.0,0.0,237.0,79.0,0.0,411.0,103.0,1.0,237.0,0.0,648.0,0.0,0.0,0.0,0.0,103.0,0.0,0.0,0.0,103.0,0.0,1.0,201.0,875.3656593925579,0.0,411.0,117.0,0.0,648.0,0.0,0.0,1.0
0.0,0.0,0.0,375.0,46.0,0.0,0.0,254.0,1.0,388.0,0.0,375.0,0.0,0.0,375.0,0.0,254.0,0.0,0.0,0.0,241.0,0.0,1.0,188.0,825.676511792795,0.0,0.0,0.0,0.0,375.0,1.0,0.0,1.0
0.0,0.0,0.0,0.0,0.0,0.0,0.0,0.0,1.0,134.0,0.0,0.0,0.0,0.0,0.0,0.0,0.0,0.0,0.0,0.0,0.0,0.0,1.0,0.0,825.676511792795,0.0,0.0,0.0,0.0,0.0,0.0,0.0,1.0
0.0,0.0,0.0,0.0,0.0,0.0,0.0,0.0,1.0,134.0,0.0,0.0,0.0,0.0,0.0,0.0,0.0,0.0,0.0,0.0,0.0,0.0,1.0,0.0,825.676511792795,0.0,0.0,0.0,0.0,0.0,0.0,0.0,1.0
0.0,0.0,0.0,225.0,28.0,0.0,0.0,179.0,1.0,313.0,0.0,225.0,0.0,0.0,225.0,0.0,179.0,0.0,0.0,0.0,91.0,0.0,1.0,113.0,825.676511792795,0.0,0.0,0.0,0.0,225.0,1.0,0.0,1.0
0.0,0.0,0.0,134.0,69.0,0.0,426.0,0.0,1.0,134.0,0.0,560.0,0.0,0.0,0.0,1.0,0.0,0.0,0.0,0.0,0.0,0.0,1.0,134.0,877.3855434413287,560.0,489.0,0.0,0.0,560.0,1.0,0.0,1.0
0.0,0.0,0.0,134.0,92.0,0.0,614.0,0.0,1.0,134.0,0.0,748.0,0.0,0.0,0.0,0.0,0.0,0.0,0.0,0.0,0.0,0.0,1.0,134.0,884.2531492071495,0.0,614.0,0.0,0.0,748.0,0.0,0.0,1.0
0.0,1590.0,1.0,1008.0,82.0,0.0,582.0,359.0,5.0,1008.0,477.0,1590.0,1590.0,318.0,0.0,0.0,274.0,318.0,0.0,0.0,359.0,0.0,5.0,243.0,763.8110580302999,0.0,0.0,0.0,0.0,0.0,0.0,0.0,3.0
1252.0,1044.0,1.0,444.0,105.0,0.0,1600.0,74.0,5.0,444.0,282.0,2044.0,1044.0,208.0,0.0,0.0,74.0,208.0,0.0,0.0,74.0,0.0,5.0,236.0,887.0239850053214,0.0,1599.0,1252.0,0.0,1000.0,1.0,0.0,3.0
129.0,0.0,0.0,728.0,101.0,0.0,99.0,594.0,1.0,728.0,0.0,827.0,0.0,0.0,0.0,1.0,289.0,0.0,0.0,0.0,594.0,0.0,1.0,201.0,837.7958160854201,0.0,403.0,129.0,0.0,827.0,0.0,0.0,6.0
0.0,0.0,0.0,577.0,79.0,0.0,66.0,443.0,1.0,577.0,0.0,643.0,0.0,0.0,0.0,0.0,138.0,0.0,0.0,1.0,443.0,0.0,1.0,201.0,833.7560479878784,46.0,370.0,0.0,0.0,643.0,1.0,0.0,1.0
0.0,0.0,0.0,0.0,0.0,0.0,0.0,0.0,3.0,134.0,0.0,0.0,0.0,0.0,0.0,0.0,0.0,0.0,0.0,0.0,0.0,0.0,3.0,0.0,750.1043474337118,0.0,0.0,0.0,0.0,0.0,0.0,0.0,3.0
0.0,0.0,0.0,219.0,26.0,364.0,145.0,85.0,3.0,219.0,0.0,364.0,0.0,0.0,0.0,0.0,85.0,0.0,1.0,0.0,85.0,0.0,3.0,201.0,767.8793270628953,0.0,145.0,0.0,0.0,364.0,1.0,0.0,4.0
3.0,0.0,0.0,122.0,11.0,0.0,0.0,310.0,2.0,444.0,0.0,122.0,0.0,0.0,0.0,0.0,310.0,0.0,0.0,0.0,0.0,0.0,2.0,0.0,786.880487588868,0.0,0.0,3.0,0.0,122.0,0.0,0.0,3.0
517.0,0.0,0.0,406.0,76.0,0.0,215.0,146.0,1.0,406.0,0.0,621.0,0.0,0.0,0.0,0.0,146.0,0.0,0.0,1.0,146.0,0.0,1.0,201.0,851.935004426816,0.0,215.0,517.0,0.0,621.0,0.0,0.0,3.0
1479.0,1480.0,1.0,575.0,76.0,0.0,905.0,117.0,5.0,575.0,413.0,1480.0,1480.0,296.0,0.0,0.0,117.0,296.0,0.0,0.0,117.0,0.0,5.0,243.0,802.9968085764543,0.0,905.0,1479.0,0.0,0.0,0.0,0.0,5.0
391.0,42.0,1.0,251.0,92.0,0.0,766.0,109.0,2.0,251.0,12.0,1017.0,0.0,8.0,0.0,0.0,110.0,8.0,0.0,2.0,109.0,0.0,2.0,201.0,879.7951538323268,0.0,765.0,391.0,0.0,975.0,0.0,0.0,3.0
0.0,0.0,0.0,134.0,79.0,0.0,509.0,0.0,1.0,134.0,0.0,643.0,0.0,0.0,0.0,1.0,0.0,0.0,0.0,0.0,0.0,0.0,1.0,134.0,884.2531492071495,170.0,509.0,0.0,0.0,643.0,1.0,0.0,1.0
109.0,945.0,1.0,328.0,109.0,0.0,1490.0,0.0,4.0,328.0,189.0,1818.0,945.0,189.0,0.0,1.0,0.0,189.0,0.0,0.0,0.0,0.0,4.0,139.0,899.5615165752274,0.0,1490.0,109.0,0.0,873.0,0.0,0.0,3.0
0.0,231.0,1.0,231.0,21.0,0.0,0.0,417.0,2.0,597.0,0.0,231.0,231.0,46.0,0.0,0.0,417.0,46.0,0.0,0.0,51.0,0.0,2.0,0.0,786.880487588868,0.0,0.0,0.0,0.0,0.0,0.0,0.0,3.0
111.0,802.0,1.0,832.0,109.0,0.0,370.0,417.0,2.0,832.0,160.0,1202.0,0.0,160.0,0.0,0.0,417.0,160.0,0.0,0.0,417.0,0.0,2.0,134.0,831.7219134715808,0.0,370.0,111.0,0.0,400.0,0.0,0.0,5.0
73.0,1195.0,1.0,373.0,94.0,0.0,922.0,0.0,3.0,373.0,239.0,1295.0,1195.0,239.0,0.0,0.0,0.0,239.0,0.0,0.0,0.0,0.0,3.0,134.0,862.0059237356166,0.0,922.0,73.0,0.0,100.0,0.0,0.0,3.0
187.0,0.0,0.0,406.0,63.0,0.0,290.0,272.0,2.0,406.0,0.0,696.0,0.0,0.0,0.0,0.0,272.0,0.0,0.0,1.0,272.0,0.0,2.0,201.0,801.434466839529,0.0,290.0,187.0,0.0,696.0,0.0,0.0,1.0
50.0,0.0,0.0,0.0,0.0,0.0,0.0,417.0,3.0,551.0,0.0,0.0,0.0,0.0,0.0,0.0,582.0,0.0,0.0,0.0,0.0,0.0,3.0,0.0,879.121631951809,0.0,0.0,50.0,0.0,0.0,0.0,0.0,3.0
1048.0,0.0,0.0,501.0,111.0,0.0,409.0,210.0,1.0,501.0,0.0,910.0,0.0,0.0,0.0,0.0,210.0,0.0,0.0,1.0,210.0,0.0,1.0,201.0,747.8329972856768,0.0,408.0,1048.0,0.0,910.0,0.0,0.0,3.0
0.0,42.0,1.0,42.0,4.0,0.0,0.0,395.0,2.0,537.0,0.0,42.0,42.0,8.0,0.0,0.0,395.0,8.0,0.0,0.0,0.0,0.0,2.0,0.0,846.987847569599,0.0,0.0,0.0,0.0,0.0,0.0,0.0,3.0
0.0,0.0,0.0,134.0,76.0,0.0,489.0,0.0,1.0,134.0,0.0,623.0,0.0,0.0,0.0,0.0,0.0,0.0,0.0,1.0,0.0,0.0,1.0,134.0,736.31375158382,623.0,489.0,0.0,0.0,623.0,1.0,0.0,4.0
116.0,0.0,0.0,393.0,117.0,0.0,560.0,152.0,1.0,393.0,0.0,953.0,0.0,0.0,0.0,1.0,152.0,0.0,0.0,0.0,152.0,0.0,1.0,201.0,736.31375158382,0.0,560.0,116.0,0.0,953.0,0.0,0.0,1.0
0.0,190.0,1.0,490.0,60.0,0.0,0.0,417.0,1.0,589.0,0.0,490.0,190.0,38.0,0.0,0.0,417.0,38.0,0.0,0.0,318.0,0.0,1.0,73.0,812.2360528006034,0.0,0.0,0.0,0.0,300.0,0.0,0.0,1.0
0.0,0.0,0.0,490.0,77.0,0.0,142.0,356.0,1.0,490.0,0.0,632.0,0.0,0.0,9.0,1.0,356.0,0.0,0.0,0.0,356.0,0.0,1.0,201.0,789.721163474247,623.0,142.0,0.0,0.0,632.0,1.0,0.0,1.0
0.0,0.0,0.0,491.0,89.0,0.0,239.0,357.0,1.0,491.0,0.0,730.0,0.0,0.0,0.0,1.0,357.0,0.0,0.0,0.0,357.0,0.0,1.0,201.0,774.5367032308903,0.0,239.0,0.0,0.0,730.0,0.0,0.0,1.0
0.0,860.0,1.0,723.0,79.0,0.0,375.0,417.0,3.0,723.0,172.0,1098.0,860.0,172.0,0.0,0.0,417.0,172.0,0.0,0.0,417.0,0.0,3.0,134.0,819.9545972104537,0.0,375.0,0.0,0.0,238.0,0.0,0.0,3.0
0.0,848.0,1.0,303.0,119.0,0.0,1008.0,0.0,2.0,303.0,169.0,1311.0,0.0,170.0,0.0,0.0,0.0,169.0,0.0,2.0,0.0,0.0,2.0,134.0,703.5208783737463,0.0,1008.0,0.0,0.0,463.0,0.0,0.0,3.0
286.0,0.0,0.0,338.0,117.0,0.0,948.0,204.0,2.0,338.0,0.0,1286.0,0.0,0.0,0.0,1.0,204.0,0.0,0.0,0.0,204.0,1.0,2.0,201.0,703.5208783737463,0.0,948.0,286.0,0.0,1286.0,0.0,0.0,1.0
0.0,0.0,0.0,134.0,27.0,293.0,159.0,0.0,2.0,134.0,0.0,293.0,0.0,0.0,0.0,0.0,0.0,0.0,1.0,0.0,0.0,0.0,2.0,134.0,821.854947856457,0.0,159.0,0.0,0.0,293.0,1.0,0.0,4.0
0.0,1028.0,1.0,590.0,93.0,0.0,438.0,217.0,2.0,590.0,307.0,1028.0,1028.0,205.0,0.0,0.0,218.0,205.0,0.0,0.0,217.0,0.0,2.0,201.0,778.3959754358154,0.0,435.0,0.0,0.0,0.0,0.0,0.0,1.0
628.0,587.0,1.0,476.0,75.0,0.0,354.0,225.0,2.0,476.0,175.0,830.0,587.0,117.0,0.0,0.0,226.0,117.0,0.0,0.0,225.0,0.0,2.0,201.0,791.4860273697436,0.0,353.0,628.0,0.0,243.0,0.0,0.0,5.0
456.0,2534.0,1.0,751.0,113.0,0.0,1783.0,59.0,6.0,751.0,565.0,2534.0,2534.0,507.0,0.0,0.0,59.0,506.0,0.0,0.0,59.0,0.0,6.0,245.0,673.404586463377,0.0,1782.0,456.0,0.0,0.0,0.0,0.0,5.0
0.0,0.0,0.0,0.0,0.0,0.0,0.0,50.0,1.0,184.0,0.0,0.0,0.0,0.0,0.0,0.0,50.0,0.0,0.0,0.0,0.0,0.0,1.0,0.0,812.2360528006034,0.0,0.0,0.0,0.0,0.0,0.0,0.0,1.0
0.0,548.0,1.0,243.0,128.0,0.0,806.0,0.0,1.0,243.0,109.0,1049.0,548.0,110.0,0.0,1.0,0.0,109.0,0.0,0.0,0.0,0.0,1.0,134.0,736.31375158382,55.0,806.0,0.0,0.0,501.0,1.0,0.0,1.0
2831.0,0.0,0.0,209.0,80.0,0.0,447.0,75.0,1.0,209.0,0.0,656.0,0.0,0.0,0.0,0.0,75.0,0.0,0.0,1.0,75.0,0.0,1.0,201.0,742.0733744347485,0.0,447.0,2831.0,0.0,656.0,0.0,0.0,3.0
0.0,545.0,1.0,397.0,67.0,0.0,148.0,154.0,1.0,397.0,164.0,545.0,545.0,109.0,0.0,0.0,154.0,109.0,0.0,0.0,154.0,0.0,1.0,201.0,789.1975613968898,0.0,148.0,0.0,0.0,0.0,0.0,0.0,5.0
0.0,930.0,1.0,562.0,48.0,0.0,368.0,214.0,5.0,562.0,279.0,930.0,930.0,186.0,0.0,0.0,214.0,186.0,0.0,0.0,214.0,0.0,5.0,243.0,864.3252870353028,0.0,368.0,0.0,0.0,0.0,0.0,0.0,3.0
5.0,548.0,1.0,548.0,40.0,0.0,0.0,417.0,3.0,660.0,0.0,548.0,548.0,109.0,0.0,0.0,417.0,109.0,0.0,0.0,305.0,0.0,3.0,22.0,879.121631951809,0.0,0.0,5.0,0.0,0.0,0.0,0.0,3.0
0.0,0.0,0.0,242.0,104.0,293.0,1499.0,0.0,4.0,242.0,0.0,1741.0,0.0,0.0,0.0,1.0,0.0,0.0,1.0,1.0,0.0,0.0,4.0,139.0,668.3040524403124,0.0,1499.0,0.0,0.0,1741.0,1.0,0.0,3.0
0.0,460.0,1.0,226.0,111.0,0.0,680.0,0.0,1.0,226.0,92.0,906.0,0.0,91.0,0.0,1.0,0.0,92.0,0.0,0.0,0.0,0.0,1.0,134.0,736.31375158382,444.0,680.0,0.0,0.0,446.0,1.0,0.0,4.0
0.0,758.0,1.0,705.0,68.0,0.0,613.0,392.0,5.0,705.0,226.0,1318.0,0.0,151.0,0.0,1.0,392.0,151.0,0.0,0.0,392.0,0.0,5.0,243.0,825.5787333108756,560.0,612.0,0.0,0.0,560.0,0.0,0.0,2.0
1452.0,2301.0,1.0,687.0,118.0,0.0,1614.0,65.0,5.0,687.0,525.0,2301.0,2301.0,460.0,0.0,0.0,65.0,460.0,0.0,0.0,65.0,0.0,5.0,227.0,668.4981101037376,0.0,1613.0,1452.0,0.0,0.0,0.0,0.0,3.0
608.0,0.0,0.0,328.0,119.0,0.0,641.0,194.0,1.0,328.0,0.0,969.0,0.0,0.0,0.0,0.0,194.0,0.0,0.0,1.0,194.0,0.0,1.0,201.0,736.31375158382,0.0,604.0,608.0,0.0,969.0,0.0,0.0,3.0
100.0,656.0,1.0,433.0,75.0,0.0,396.0,168.0,2.0,433.0,197.0,829.0,510.0,131.0,0.0,0.0,168.0,131.0,0.0,0.0,168.0,0.0,2.0,201.0,784.679200364101,0.0,395.0,100.0,0.0,173.0,0.0,0.0,3.0
27.0,0.0,0.0,139.0,69.0,0.0,1013.0,0.0,4.0,139.0,0.0,1152.0,0.0,0.0,0.0,0.0,0.0,0.0,0.0,0.0,0.0,0.0,4.0,139.0,744.7499557344528,0.0,1013.0,27.0,0.0,1152.0,0.0,0.0,1.0
0.0,0.0,0.0,204.0,104.0,0.0,649.0,70.0,1.0,204.0,0.0,853.0,0.0,0.0,0.0,1.0,70.0,0.0,0.0,0.0,70.0,0.0,1.0,201.0,736.31375158382,0.0,649.0,0.0,0.0,853.0,0.0,0.0,1.0
0.0,0.0,0.0,0.0,0.0,0.0,0.0,417.0,1.0,551.0,0.0,0.0,0.0,0.0,0.0,0.0,417.0,0.0,0.0,0.0,0.0,0.0,1.0,0.0,812.2360528006034,0.0,0.0,0.0,0.0,0.0,0.0,0.0,3.0
40.0,1108.0,1.0,786.0,61.0,0.0,401.0,403.0,5.0,786.0,332.0,1187.0,1108.0,222.0,0.0,0.0,403.0,221.0,0.0,0.0,403.0,0.0,5.0,243.0,859.0892662617316,0.0,400.0,40.0,0.0,79.0,0.0,0.0,3.0
0.0,0.0,0.0,437.0,57.0,109.0,515.0,298.0,4.0,437.0,0.0,952.0,0.0,0.0,0.0,1.0,298.0,0.0,1.0,0.0,298.0,0.0,4.0,208.0,822.7666652606647,0.0,514.0,0.0,0.0,952.0,1.0,0.0,4.0
0.0,1736.0,1.0,481.0,125.0,0.0,1255.0,0.0,3.0,481.0,347.0,1736.0,0.0,347.0,0.0,0.0,0.0,347.0,0.0,0.0,0.0,0.0,3.0,134.0,681.7236487881723,0.0,1255.0,0.0,0.0,0.0,0.0,0.0,3.0
0.0,0.0,0.0,184.0,68.0,0.0,562.0,50.0,2.0,184.0,0.0,746.0,0.0,0.0,0.0,1.0,50.0,0.0,0.0,0.0,50.0,0.0,2.0,184.0,758.4990964962446,0.0,612.0,0.0,0.0,746.0,0.0,0.0,3.0
231.0,384.0,1.0,362.0,47.0,0.0,22.0,152.0,1.0,362.0,114.0,384.0,384.0,77.0,0.0,0.0,152.0,76.0,0.0,0.0,152.0,0.0,1.0,201.0,808.5708382591035,0.0,21.0,231.0,0.0,0.0,0.0,0.0,3.0
0.0,0.0,0.0,0.0,0.0,0.0,0.0,0.0,1.0,134.0,0.0,0.0,0.0,0.0,0.0,0.0,0.0,0.0,0.0,0.0,0.0,0.0,1.0,0.0,812.2360528006035,0.0,0.0,0.0,0.0,0.0,0.0,0.0,1.0
0.0,679.0,1.0,403.0,49.0,0.0,276.0,134.0,3.0,403.0,203.0,679.0,679.0,136.0,0.0,0.0,135.0,135.0,0.0,0.0,134.0,0.0,3.0,201.0,835.6626595311675,0.0,274.0,0.0,0.0,0.0,0.0,0.0,1.0
0.0,0.0,0.0,244.0,76.0,0.0,379.0,110.0,1.0,244.0,0.0,623.0,0.0,0.0,0.0,1.0,110.0,0.0,0.0,0.0,110.0,0.0,1.0,201.0,752.545415981891,623.0,378.0,0.0,0.0,623.0,1.0,0.0,1.0
0.0,0.0,0.0,682.0,98.0,0.0,116.0,548.0,1.0,682.0,0.0,798.0,0.0,0.0,0.0,1.0,548.0,0.0,0.0,0.0,548.0,0.0,1.0,201.0,793.909980093104,0.0,116.0,0.0,0.0,798.0,0.0,0.0,3.0
12.0,0.0,0.0,0.0,0.0,0.0,0.0,0.0,2.0,134.0,0.0,0.0,0.0,0.0,0.0,0.0,0.0,0.0,0.0,0.0,0.0,0.0,2.0,0.0,846.987847569599,0.0,0.0,12.0,0.0,0.0,0.0,0.0,1.0
0.0,0.0,0.0,406.0,76.0,0.0,217.0,272.0,1.0,406.0,0.0,623.0,0.0,0.0,0.0,0.0,272.0,0.0,0.0,1.0,272.0,0.0,1.0,201.0,778.2019177723902,111.0,216.0,0.0,0.0,623.0,1.0,0.0,1.0
26.0,0.0,0.0,134.0,84.0,0.0,552.0,0.0,1.0,134.0,0.0,686.0,0.0,0.0,0.0,0.0,205.0,0.0,0.0,1.0,0.0,0.0,1.0,134.0,736.31375158382,0.0,552.0,26.0,0.0,686.0,0.0,0.0,3.0
0.0,0.0,0.0,297.0,76.0,0.0,326.0,163.0,1.0,297.0,0.0,623.0,0.0,0.0,0.0,0.0,163.0,0.0,0.0,1.0,163.0,0.0,1.0,201.0,760.923049219605,623.0,325.0,0.0,0.0,623.0,1.0,0.0,1.0
785.0,915.0,1.0,693.0,66.0,0.0,222.0,376.0,3.0,693.0,275.0,915.0,915.0,183.0,0.0,0.0,375.0,183.0,0.0,0.0,376.0,1.0,3.0,201.0,844.0402927688816,0.0,222.0,785.0,0.0,0.0,0.0,0.0,1.0
0.0,0.0,0.0,0.0,0.0,0.0,0.0,0.0,1.0,134.0,0.0,0.0,0.0,0.0,0.0,0.0,0.0,0.0,0.0,1.0,0.0,0.0,1.0,0.0,812.2360528006034,0.0,0.0,0.0,0.0,0.0,0.0,0.0,1.0
0.0,0.0,0.0,0.0,0.0,0.0,0.0,0.0,1.0,134.0,0.0,0.0,0.0,0.0,0.0,0.0,0.0,0.0,0.0,0.0,0.0,0.0,1.0,0.0,812.2360528006034,0.0,0.0,0.0,0.0,0.0,0.0,0.0,1.0
0.0,0.0,0.0,134.0,71.0,0.0,447.0,0.0,1.0,134.0,0.0,581.0,0.0,0.0,0.0,1.0,0.0,0.0,0.0,0.0,0.0,0.0,1.0,134.0,742.0733744347484,195.0,446.0,0.0,0.0,581.0,1.0,0.0,2.672
25.0,0.0,0.0,253.0,48.0,0.0,142.0,119.0,1.0,253.0,0.0,395.0,0.0,0.0,0.0,0.0,119.0,0.0,0.0,0.0,119.0,0.0,1.0,201.0,789.721163474247,0.0,142.0,25.0,0.0,395.0,0.0,0.0,1.0
121.0,963.0,1.0,515.0,49.0,0.0,448.0,161.0,5.0,515.0,288.0,963.0,963.0,192.0,0.0,0.0,161.0,192.0,0.0,0.0,161.0,0.0,5.0,243.0,851.7588371787318,0.0,446.0,121.0,0.0,0.0,0.0,0.0,3.0
0.0,0.0,0.0,295.0,26.0,506.0,211.0,133.0,5.0,295.0,0.0,506.0,0.0,0.0,0.0,0.0,133.0,0.0,1.0,0.0,133.0,0.0,5.0,243.0,888.9345846710878,0.0,211.0,0.0,0.0,506.0,1.0,0.0,4.0
0.0,168.0,1.0,427.0,26.0,0.0,0.0,417.0,4.0,589.0,0.0,427.0,168.0,33.0,0.0,0.0,417.0,33.0,0.0,0.0,255.0,0.0,4.0,0.0,903.9249872510192,0.0,0.0,0.0,0.0,259.0,0.0,0.0,1.0
0.0,0.0,0.0,114.0,10.0,0.0,0.0,305.0,2.0,439.0,0.0,114.0,0.0,0.0,0.0,0.0,305.0,0.0,0.0,0.0,0.0,0.0,2.0,0.0,846.987847569599,0.0,0.0,0.0,0.0,114.0,0.0,0.0,5.0
0.0,0.0,0.0,0.0,0.0,0.0,0.0,0.0,1.0,134.0,0.0,0.0,0.0,0.0,0.0,0.0,0.0,0.0,0.0,0.0,0.0,0.0,1.0,0.0,812.2360528006034,0.0,0.0,0.0,0.0,0.0,0.0,0.0,2.672
5.0,0.0,0.0,0.0,0.0,0.0,0.0,417.0,1.0,551.0,0.0,0.0,0.0,0.0,0.0,0.0,417.0,0.0,0.0,0.0,0.0,0.0,1.0,0.0,812.2360528006034,0.0,0.0,5.0,0.0,0.0,0.0,0.0,1.0
0.0,0.0,0.0,25.0,3.0,0.0,0.0,0.0,1.0,134.0,0.0,25.0,0.0,0.0,25.0,0.0,0.0,0.0,0.0,0.0,0.0,0.0,1.0,25.0,812.2360528006034,0.0,0.0,0.0,0.0,25.0,1.0,0.0,1.0
30.0,2262.0,1.0,1098.0,277.0,0.0,1164.0,65.0,1.0,1098.0,517.0,2262.0,2262.0,452.0,0.0,0.0,66.0,452.0,0.0,0.0,65.0,0.0,1.0,199.0,736.31375158382,0.0,1163.0,30.0,0.0,0.0,1.0,0.0,3.0
219.0,1178.0,1.0,589.0,85.0,0.0,589.0,220.0,3.0,589.0,352.0,1178.0,1178.0,236.0,0.0,0.0,221.0,235.0,0.0,0.0,220.0,0.0,3.0,201.0,786.4440642595976,0.0,587.0,219.0,0.0,0.0,0.0,0.0,3.0
176.0,1492.0,1.0,437.0,90.0,0.0,1055.0,0.0,4.0,437.0,298.0,1492.0,1492.0,298.0,0.0,0.0,0.0,298.0,0.0,0.0,0.0,0.0,4.0,139.0,737.9431287288102,0.0,1054.0,176.0,0.0,0.0,0.0,0.0,6.0
0.0,0.0,0.0,292.0,27.0,0.0,0.0,417.0,2.0,551.0,0.0,292.0,0.0,0.0,0.0,0.0,417.0,0.0,0.0,0.0,158.0,0.0,2.0,0.0,846.987847569599,0.0,0.0,0.0,0.0,292.0,0.0,0.0,1.0
2.0,927.0,1.0,432.0,37.0,0.0,495.0,61.0,7.0,432.0,246.0,927.0,927.0,185.0,0.0,0.0,61.0,185.0,0.0,0.0,61.0,0.0,7.0,247.0,883.56307714701,0.0,494.0,2.0,0.0,0.0,0.0,0.0,3.0
0.0,0.0,0.0,501.0,128.0,0.0,905.0,143.0,2.0,501.0,0.0,1406.0,0.0,0.0,0.0,1.0,143.0,0.0,0.0,1.0,143.0,0.0,2.0,201.0,704.5680825284606,0.0,905.0,0.0,0.0,1406.0,0.0,0.0,2.0
0.0,1095.0,1.0,353.0,79.0,0.0,742.0,0.0,3.0,353.0,219.0,1095.0,1095.0,219.0,0.0,0.0,0.0,219.0,0.0,0.0,0.0,0.0,3.0,134.0,762.3583687011698,0.0,742.0,0.0,0.0,0.0,0.0,0.0,1.0
0.0,1070.0,1.0,385.0,69.0,0.0,766.0,32.0,4.0,385.0,246.0,1151.0,1070.0,214.0,0.0,0.0,32.0,214.0,0.0,0.0,32.0,0.0,4.0,171.0,783.4965094588802,0.0,765.0,0.0,0.0,81.0,0.0,0.0,3.0
561.0,997.0,1.0,556.0,91.0,0.0,441.0,223.0,2.0,556.0,299.0,997.0,997.0,199.0,0.0,0.0,223.0,199.0,0.0,0.0,223.0,0.0,2.0,201.0,812.5136304781208,0.0,440.0,561.0,0.0,0.0,0.0,0.0,6.0
620.0,0.0,0.0,153.0,109.0,0.0,737.0,0.0,1.0,153.0,0.0,890.0,0.0,0.0,0.0,0.0,0.0,0.0,0.0,1.0,0.0,0.0,1.0,134.0,755.9358167761003,0.0,737.0,620.0,0.0,890.0,0.0,0.0,3.0
0.0,0.0,0.0,0.0,0.0,0.0,0.0,417.0,2.0,551.0,0.0,0.0,0.0,0.0,0.0,0.0,417.0,0.0,0.0,0.0,0.0,0.0,2.0,0.0,607.308709053679,0.0,0.0,0.0,0.0,0.0,0.0,0.0,1.0
938.0,1207.0,1.0,820.0,62.0,0.0,387.0,417.0,5.0,820.0,241.0,1207.0,1207.0,242.0,0.0,0.0,417.0,241.0,0.0,0.0,417.0,0.0,5.0,162.0,1105.059109035736,0.0,387.0,938.0,0.0,0.0,0.0,0.0,3.0
599.0,464.0,1.0,455.0,143.0,0.0,712.0,229.0,1.0,455.0,138.0,1167.0,464.0,93.0,0.0,1.0,230.0,92.0,0.0,0.0,229.0,0.0,1.0,201.0,755.9358167761002,0.0,711.0,599.0,0.0,703.0,0.0,0.0,6.0
0.0,0.0,0.0,100.0,12.0,0.0,0.0,100.0,1.0,234.0,0.0,100.0,0.0,0.0,0.0,0.0,100.0,0.0,0.0,0.0,0.0,0.0,1.0,50.0,530.5213191465663,0.0,0.0,0.0,0.0,100.0,0.0,0.0,1.0
1079.0,0.0,0.0,508.0,127.0,0.0,527.0,242.0,1.0,508.0,0.0,1035.0,0.0,0.0,0.0,1.0,243.0,0.0,0.0,0.0,242.0,0.0,1.0,201.0,755.9358167761003,0.0,527.0,1079.0,0.0,1035.0,0.0,0.0,1.0
0.0,0.0,0.0,515.0,77.0,0.0,117.0,381.0,1.0,515.0,0.0,632.0,0.0,0.0,9.0,1.0,381.0,0.0,0.0,0.0,381.0,0.0,1.0,201.0,584.9317152585173,623.0,117.0,0.0,0.0,632.0,1.0,0.0,4.0
0.0,0.0,0.0,294.0,88.0,0.0,673.0,160.0,2.0,294.0,0.0,967.0,0.0,0.0,0.0,1.0,160.0,0.0,0.0,0.0,160.0,0.0,2.0,201.0,921.3344226281092,512.0,673.0,0.0,0.0,967.0,0.0,0.0,2.0
0.0,0.0,0.0,325.0,80.0,0.0,327.0,191.0,1.0,325.0,0.0,652.0,0.0,0.0,9.0,1.0,191.0,0.0,0.0,0.0,191.0,0.0,1.0,201.0,682.870427774859,45.0,327.0,0.0,0.0,652.0,1.0,0.0,4.0
142.0,163.0,1.0,583.0,53.0,0.0,157.0,417.0,3.0,583.0,32.0,740.0,163.0,33.0,0.0,0.0,156.0,32.0,0.0,0.0,417.0,0.0,3.0,175.0,764.934400898416,0.0,156.0,142.0,0.0,577.0,0.0,0.0,6.0
200.0,996.0,1.0,656.0,72.0,0.0,340.0,323.0,3.0,656.0,298.0,996.0,996.0,199.0,0.0,0.0,323.0,199.0,0.0,0.0,323.0,0.0,3.0,201.0,850.4364518075113,0.0,339.0,200.0,0.0,0.0,0.0,0.0,3.0
0.0,1657.0,1.0,524.0,120.0,0.0,1133.0,59.0,3.0,524.0,390.0,1657.0,1657.0,331.0,0.0,0.0,59.0,331.0,0.0,0.0,59.0,0.0,3.0,193.0,1220.427144045976,0.0,1133.0,0.0,0.0,0.0,0.0,0.0,1.0
0.0,0.0,0.0,0.0,0.0,0.0,0.0,400.0,5.0,562.0,0.0,0.0,0.0,0.0,0.0,0.0,400.0,0.0,0.0,0.0,0.0,0.0,5.0,0.0,924.7275112274,0.0,0.0,0.0,0.0,0.0,0.0,0.0,3.0
100.0,183.0,1.0,283.0,26.0,0.0,0.0,417.0,2.0,587.0,0.0,283.0,183.0,37.0,0.0,0.0,417.0,36.0,0.0,0.0,113.0,0.0,2.0,0.0,607.308709053679,0.0,0.0,100.0,0.0,100.0,0.0,0.0,5.0
127.0,0.0,0.0,184.0,79.0,0.0,459.0,50.0,1.0,184.0,0.0,643.0,0.0,0.0,0.0,0.0,50.0,0.0,0.0,1.0,50.0,0.0,1.0,184.0,745.0537371017789,22.0,459.0,127.0,0.0,643.0,1.0,0.0,4.0
0.0,0.0,0.0,497.0,105.0,0.0,361.0,363.0,1.0,497.0,0.0,858.0,0.0,0.0,0.0,1.0,363.0,0.0,0.0,0.0,363.0,0.0,1.0,201.0,698.4162549816364,0.0,361.0,0.0,0.0,858.0,0.0,0.0,3.0
0.0,0.0,0.0,22.0,2.0,0.0,0.0,305.0,2.0,439.0,0.0,22.0,0.0,0.0,0.0,0.0,305.0,0.0,0.0,0.0,0.0,0.0,2.0,0.0,607.308709053679,0.0,0.0,0.0,0.0,22.0,0.0,0.0,4.0
0.0,569.0,1.0,569.0,52.0,0.0,0.0,417.0,2.0,664.0,18.0,569.0,569.0,114.0,0.0,0.0,417.0,113.0,0.0,0.0,322.0,0.0,2.0,39.0,607.308709053679,0.0,0.0,0.0,0.0,0.0,0.0,0.0,3.0
108.0,0.0,0.0,467.0,145.0,0.0,721.0,0.0,1.0,467.0,0.0,1188.0,0.0,0.0,0.0,1.0,0.0,0.0,0.0,0.0,0.0,0.0,1.0,134.0,755.9358167761003,0.0,721.0,108.0,0.0,1188.0,0.0,0.0,5.0
65.0,804.0,1.0,485.0,56.0,0.0,764.0,139.0,6.0,485.0,240.0,1249.0,804.0,161.0,0.0,0.0,140.0,160.0,0.0,0.0,139.0,0.0,6.0,279.0,1366.841845048555,0.0,763.0,65.0,0.0,445.0,0.0,0.0,3.0
30.0,0.0,0.0,77.0,7.0,0.0,0.0,305.0,2.0,439.0,0.0,77.0,0.0,0.0,0.0,0.0,305.0,0.0,0.0,0.0,0.0,0.0,2.0,0.0,607.308709053679,0.0,0.0,30.0,0.0,77.0,0.0,0.0,5.0
0.0,0.0,0.0,293.0,27.0,293.0,0.0,280.0,2.0,414.0,0.0,293.0,0.0,0.0,0.0,0.0,280.0,0.0,1.0,1.0,159.0,0.0,2.0,80.0,607.308709053679,0.0,0.0,0.0,0.0,293.0,1.0,0.0,4.0
19.0,1248.0,1.0,505.0,90.0,0.0,743.0,122.0,3.0,505.0,371.0,1248.0,1248.0,249.0,0.0,0.0,122.0,249.0,0.0,0.0,122.0,0.0,3.0,201.0,1038.540963347961,0.0,742.0,19.0,0.0,0.0,0.0,0.0,3.0
11.0,0.0,0.0,230.0,119.0,0.0,741.0,14.0,1.0,230.0,0.0,971.0,0.0,0.0,0.0,0.0,14.0,0.0,0.0,1.0,14.0,0.0,1.0,148.0,755.9358167761003,0.0,740.0,11.0,0.0,971.0,0.0,0.0,2.0
915.0,1547.0,1.0,791.0,112.0,0.0,756.0,348.0,3.0,791.0,464.0,1547.0,1547.0,309.0,0.0,0.0,347.0,309.0,0.0,0.0,348.0,0.0,3.0,201.0,1044.7592945328934,0.0,756.0,915.0,0.0,0.0,0.0,0.0,3.0
7.0,0.0,0.0,134.0,94.0,0.0,630.0,0.0,1.0,134.0,0.0,764.0,0.0,0.0,0.0,0.0,0.0,0.0,0.0,1.0,0.0,0.0,1.0,134.0,755.9358167761003,0.0,630.0,7.0,0.0,764.0,0.0,0.0,1.0
712.0,0.0,0.0,134.0,105.0,0.0,722.0,0.0,1.0,134.0,0.0,856.0,0.0,0.0,0.0,1.0,0.0,0.0,0.0,0.0,0.0,0.0,1.0,134.0,755.9358167761002,0.0,722.0,712.0,0.0,856.0,0.0,0.0,2.0
83.0,0.0,0.0,240.0,112.0,0.0,675.0,91.0,1.0,240.0,0.0,915.0,0.0,0.0,0.0,0.0,91.0,0.0,0.0,1.0,91.0,0.0,1.0,201.0,755.9358167761002,0.0,675.0,83.0,0.0,915.0,0.0,0.0,2.0
0.0,0.0,0.0,134.0,76.0,0.0,489.0,0.0,1.0,134.0,0.0,623.0,0.0,0.0,0.0,1.0,0.0,0.0,0.0,0.0,0.0,0.0,1.0,134.0,755.9358167761002,623.0,489.0,0.0,0.0,623.0,1.0,0.0,1.0
0.0,0.0,0.0,134.0,36.0,293.0,159.0,0.0,1.0,134.0,0.0,293.0,0.0,0.0,0.0,0.0,0.0,0.0,1.0,0.0,0.0,0.0,1.0,134.0,605.1412908082934,0.0,138.0,0.0,0.0,293.0,1.0,0.0,1.0
0.0,0.0,0.0,293.0,27.0,293.0,0.0,325.0,2.0,459.0,0.0,293.0,0.0,0.0,0.0,0.0,325.0,0.0,1.0,0.0,159.0,0.0,2.0,35.0,607.3087090536787,0.0,0.0,0.0,0.0,293.0,1.0,0.0,1.0
0.0,0.0,0.0,293.0,27.0,293.0,0.0,225.0,2.0,359.0,0.0,293.0,0.0,0.0,0.0,0.0,225.0,0.0,1.0,0.0,159.0,0.0,2.0,135.0,607.3087090536787,0.0,0.0,0.0,0.0,293.0,1.0,0.0,1.0
0.0,0.0,0.0,292.0,75.0,0.0,740.0,158.0,3.0,292.0,0.0,1032.0,0.0,0.0,0.0,0.0,158.0,0.0,0.0,0.0,158.0,0.0,3.0,201.0,1036.9863807209358,0.0,720.0,0.0,0.0,1032.0,0.0,0.0,1.0
118.0,324.0,1.0,412.0,56.0,293.0,205.0,214.0,2.0,412.0,96.0,617.0,324.0,64.0,0.0,0.0,214.0,64.0,1.0,0.0,214.0,0.0,2.0,201.0,703.692838581848,0.0,204.0,118.0,0.0,293.0,1.0,0.0,4.0
0.0,1640.0,1.0,661.0,130.0,0.0,1871.0,113.0,5.0,661.0,441.0,2532.0,1640.0,328.0,0.0,1.0,112.0,328.0,0.0,0.0,113.0,4.0,5.0,243.0,1796.8484285471025,0.0,1872.0,0.0,0.0,892.0,0.0,0.0,3.0
0.0,0.0,0.0,293.0,21.0,293.0,0.0,225.0,3.0,359.0,0.0,293.0,0.0,0.0,0.0,0.0,225.0,0.0,1.0,0.0,159.0,0.0,3.0,135.0,691.8690125167154,0.0,0.0,0.0,0.0,293.0,1.0,0.0,1.0
0.0,0.0,0.0,134.0,76.0,0.0,489.0,0.0,1.0,134.0,0.0,623.0,0.0,0.0,0.0,1.0,0.0,0.0,0.0,0.0,0.0,0.0,1.0,134.0,755.9358167761002,623.0,489.0,0.0,0.0,623.0,1.0,0.0,1.0
0.0,0.0,0.0,293.0,27.0,293.0,0.0,385.0,2.0,519.0,0.0,293.0,0.0,0.0,0.0,0.0,385.0,0.0,1.0,0.0,159.0,0.0,2.0,0.0,607.3087090536789,0.0,0.0,0.0,0.0,293.0,1.0,0.0,1.0
0.0,0.0,0.0,0.0,0.0,0.0,0.0,417.0,4.0,556.0,0.0,0.0,0.0,0.0,0.0,0.0,417.0,0.0,0.0,0.0,0.0,0.0,4.0,0.0,798.1934740801225,0.0,0.0,0.0,0.0,0.0,1.0,0.0,4.0
0.0,1223.0,1.0,494.0,88.0,0.0,729.0,116.0,3.0,494.0,360.0,1223.0,1223.0,245.0,0.0,0.0,77.0,244.0,0.0,0.0,116.0,0.0,3.0,201.0,1032.3226323815186,0.0,767.0,0.0,0.0,0.0,0.0,0.0,1.0
0.0,0.0,0.0,0.0,0.0,0.0,0.0,417.0,6.0,603.0,0.0,0.0,0.0,0.0,0.0,0.0,417.0,0.0,0.0,0.0,0.0,0.0,6.0,0.0,1010.8423974383852,0.0,0.0,0.0,0.0,0.0,1.0,0.0,2.672
0.0,0.0,0.0,625.0,80.0,0.0,27.0,491.0,1.0,625.0,0.0,652.0,0.0,0.0,9.0,1.0,491.0,0.0,0.0,0.0,491.0,1.0,1.0,201.0,542.957981631341,62.0,27.0,0.0,0.0,652.0,1.0,0.0,2.672
0.0,0.0,0.0,632.0,77.0,0.0,0.0,621.0,1.0,755.0,0.0,632.0,0.0,0.0,9.0,1.0,621.0,0.0,0.0,0.0,498.0,0.0,1.0,78.0,530.5213191465663,0.0,0.0,0.0,0.0,632.0,1.0,0.0,2.672
0.0,0.0,0.0,134.0,76.0,0.0,489.0,0.0,1.0,134.0,0.0,623.0,0.0,0.0,0.0,0.0,0.0,0.0,0.0,1.0,0.0,0.0,1.0,134.0,755.9358167761002,623.0,489.0,0.0,0.0,623.0,1.0,0.0,2.672
0.0,0.0,0.0,293.0,27.0,293.0,0.0,225.0,2.0,359.0,0.0,293.0,0.0,0.0,0.0,0.0,225.0,0.0,1.0,0.0,159.0,0.0,2.0,135.0,607.3087090536789,0.0,0.0,0.0,0.0,293.0,1.0,0.0,4.0
34.0,0.0,0.0,331.0,83.0,0.0,350.0,197.0,1.0,331.0,0.0,681.0,0.0,0.0,0.0,1.0,197.0,0.0,0.0,0.0,197.0,0.0,1.0,201.0,693.7525071191793,0.0,349.0,34.0,0.0,681.0,0.0,0.0,3.0
0.0,0.0,0.0,134.0,76.0,0.0,489.0,0.0,1.0,134.0,0.0,623.0,0.0,0.0,0.0,1.0,0.0,0.0,0.0,0.0,0.0,0.0,1.0,134.0,755.9358167761002,623.0,489.0,0.0,0.0,623.0,1.0,0.0,1.0
0.0,0.0,0.0,0.0,0.0,0.0,0.0,325.0,4.0,464.0,0.0,0.0,0.0,0.0,0.0,0.0,0.0,0.0,0.0,0.0,0.0,0.0,4.0,0.0,798.1934740801227,0.0,0.0,0.0,0.0,0.0,0.0,0.0,1.0
0.0,0.0,0.0,134.0,27.0,293.0,159.0,0.0,2.0,134.0,0.0,293.0,0.0,0.0,0.0,0.0,0.0,0.0,1.0,0.0,0.0,0.0,2.0,134.0,681.928680477616,0.0,159.0,0.0,0.0,293.0,1.0,0.0,1.0
0.0,0.0,0.0,415.0,25.0,0.0,0.0,334.0,4.0,473.0,0.0,415.0,0.0,0.0,0.0,1.0,334.0,0.0,0.0,0.0,276.0,4.0,4.0,151.0,798.1934740801228,415.0,0.0,0.0,0.0,415.0,1.0,0.0,1.0
0.0,0.0,0.0,335.0,115.0,0.0,607.0,201.0,1.0,335.0,0.0,942.0,0.0,0.0,0.0,1.0,230.0,0.0,0.0,0.0,201.0,0.0,1.0,201.0,755.9358167761002,0.0,521.0,0.0,0.0,942.0,0.0,0.0,1.0
0.0,0.0,0.0,293.0,27.0,293.0,0.0,417.0,2.0,551.0,0.0,293.0,0.0,0.0,0.0,0.0,417.0,0.0,1.0,0.0,159.0,0.0,2.0,0.0,607.3087090536789,0.0,0.0,0.0,0.0,293.0,1.0,0.0,1.0
375.0,879.0,1.0,584.0,80.0,0.0,295.0,275.0,2.0,584.0,263.0,879.0,879.0,175.0,0.0,0.0,276.0,175.0,0.0,0.0,275.0,0.0,2.0,201.0,745.6665724628629,0.0,293.0,375.0,0.0,0.0,0.0,0.0,3.0
6.0,0.0,0.0,320.0,23.0,273.0,0.0,417.0,3.0,551.0,0.0,320.0,0.0,0.0,0.0,0.0,417.0,0.0,1.0,0.0,186.0,0.0,3.0,0.0,691.8690125167155,0.0,0.0,6.0,0.0,320.0,1.0,0.0,3.0
30.0,1180.0,1.0,399.0,85.0,0.0,781.0,29.0,3.0,399.0,265.0,1180.0,1180.0,236.0,0.0,0.0,29.0,236.0,0.0,0.0,29.0,0.0,3.0,163.0,1055.6413734545476,0.0,781.0,30.0,0.0,0.0,0.0,0.0,6.0
0.0,0.0,0.0,0.0,0.0,0.0,0.0,417.0,2.0,551.0,0.0,0.0,0.0,0.0,0.0,0.0,417.0,0.0,0.0,0.0,0.0,0.0,2.0,0.0,607.308709053679,0.0,0.0,0.0,0.0,0.0,0.0,0.0,3.0
0.0,0.0,0.0,195.0,24.0,261.0,66.0,61.0,2.0,195.0,0.0,261.0,0.0,0.0,0.0,0.0,61.0,0.0,1.0,0.0,61.0,0.0,2.0,195.0,638.4003639944949,0.0,65.0,0.0,0.0,261.0,1.0,0.0,1.0
1.0,0.0,0.0,0.0,0.0,0.0,0.0,417.0,2.0,551.0,0.0,0.0,0.0,0.0,0.0,0.0,555.0,0.0,0.0,0.0,0.0,0.0,2.0,0.0,607.3087090536791,0.0,0.0,1.0,0.0,0.0,0.0,0.0,1.0
0.0,0.0,0.0,293.0,21.0,293.0,0.0,417.0,3.0,551.0,0.0,293.0,0.0,0.0,0.0,0.0,417.0,0.0,1.0,0.0,159.0,1.0,3.0,0.0,691.8690125167158,0.0,0.0,0.0,0.0,293.0,0.0,0.0,4.0
2070.0,1183.0,1.0,370.0,145.0,0.0,813.0,0.0,1.0,370.0,236.0,1183.0,0.0,234.0,0.0,0.0,0.0,236.0,0.0,1.0,0.0,0.0,1.0,134.0,755.9358167761003,0.0,815.0,2070.0,0.0,0.0,0.0,0.0,3.0
0.0,0.0,0.0,467.0,77.0,0.0,161.0,333.0,1.0,467.0,0.0,628.0,0.0,0.0,9.0,1.0,333.0,0.0,0.0,0.0,333.0,0.0,1.0,201.0,605.1412908082935,393.0,161.0,0.0,0.0,628.0,1.0,0.0,1.0
0.0,0.0,0.0,300.0,79.0,0.0,343.0,166.0,1.0,300.0,0.0,643.0,0.0,0.0,0.0,0.0,167.0,0.0,0.0,1.0,166.0,0.0,1.0,201.0,690.643341186565,343.0,343.0,0.0,0.0,643.0,1.0,0.0,4.0
40.0,693.0,1.0,366.0,50.0,0.0,327.0,94.0,3.0,366.0,207.0,693.0,693.0,139.0,0.0,0.0,95.0,138.0,0.0,0.0,94.0,0.0,3.0,201.0,844.2181209012854,0.0,326.0,40.0,0.0,0.0,0.0,0.0,3.0
0.0,0.0,0.0,134.0,87.0,0.0,580.0,0.0,1.0,134.0,0.0,714.0,0.0,0.0,0.0,0.0,0.0,0.0,0.0,1.0,0.0,0.0,1.0,134.0,755.9358167761003,0.0,580.0,0.0,0.0,714.0,0.0,0.0,1.0
806.0,0.0,0.0,202.0,85.0,0.0,491.0,68.0,1.0,202.0,0.0,693.0,0.0,0.0,0.0,0.0,69.0,0.0,0.0,1.0,68.0,0.0,1.0,201.0,755.9358167761003,0.0,490.0,806.0,0.0,693.0,0.0,0.0,3.0
0.0,0.0,0.0,272.0,76.0,0.0,351.0,138.0,1.0,272.0,0.0,623.0,0.0,0.0,0.0,1.0,139.0,0.0,0.0,0.0,138.0,0.0,1.0,201.0,693.7525071191794,623.0,351.0,0.0,0.0,623.0,1.0,0.0,1.0
0.0,0.0,0.0,311.0,36.0,0.0,80.0,177.0,2.0,311.0,0.0,391.0,0.0,0.0,0.0,0.0,178.0,0.0,0.0,0.0,177.0,0.0,2.0,201.0,814.4381497261011,0.0,80.0,0.0,0.0,391.0,0.0,0.0,3.0
0.0,942.0,1.0,942.0,115.0,0.0,0.0,619.0,1.0,969.0,255.0,942.0,942.0,188.0,0.0,0.0,618.0,188.0,0.0,1.0,592.0,0.0,1.0,174.0,817.7412583460924,0.0,0.0,0.0,0.0,0.0,0.0,0.0,3.0
0.0,0.0,0.0,234.0,66.0,0.0,309.0,100.0,1.0,234.0,0.0,543.0,0.0,0.0,0.0,0.0,101.0,0.0,0.0,1.0,100.0,0.0,1.0,201.0,762.658276758112,543.0,309.0,0.0,0.0,543.0,1.0,0.0,1.0
0.0,0.0,0.0,445.0,80.0,0.0,207.0,311.0,1.0,445.0,0.0,652.0,0.0,0.0,9.0,1.0,311.0,0.0,0.0,0.0,311.0,0.0,1.0,201.0,781.0192706207721,340.0,207.0,0.0,0.0,652.0,1.0,0.0,4.0
0.0,0.0,0.0,506.0,26.0,506.0,0.0,414.0,5.0,576.0,0.0,506.0,0.0,0.0,0.0,0.0,414.0,0.0,1.0,0.0,344.0,0.0,5.0,173.0,828.2204288502047,0.0,0.0,0.0,0.0,506.0,1.0,0.0,4.0
480.0,767.0,1.0,680.0,73.0,0.0,331.0,393.0,3.0,680.0,230.0,1011.0,767.0,153.0,0.0,0.0,392.0,153.0,0.0,0.0,393.0,0.0,3.0,201.0,777.9667941284011,0.0,331.0,480.0,0.0,244.0,0.0,0.0,6.0
182.0,384.0,1.0,627.0,51.0,0.0,74.0,417.0,3.0,627.0,76.0,701.0,384.0,76.0,0.0,0.0,534.0,76.0,0.0,0.0,417.0,0.0,3.0,134.0,823.5731337227505,0.0,298.0,182.0,0.0,317.0,0.0,0.0,3.0
8.0,1729.0,1.0,681.0,114.0,0.0,1856.0,150.0,6.0,681.0,495.0,2537.0,1729.0,346.0,0.0,0.0,150.0,345.0,0.0,0.0,150.0,0.0,6.0,279.0,505.67294306976805,0.0,1855.0,8.0,0.0,808.0,0.0,0.0,3.0
26.0,0.0,0.0,453.0,41.0,0.0,0.0,365.0,2.0,499.0,0.0,453.0,0.0,0.0,0.0,0.0,365.0,0.0,0.0,0.0,319.0,0.0,2.0,155.0,828.6531127165476,0.0,0.0,26.0,0.0,453.0,0.0,0.0,3.0
0.0,0.0,0.0,0.0,0.0,0.0,0.0,417.0,4.0,556.0,0.0,0.0,0.0,0.0,0.0,0.0,417.0,0.0,0.0,0.0,0.0,0.0,4.0,0.0,836.2618584670115,0.0,0.0,0.0,0.0,0.0,0.0,0.0,6.0
0.0,1436.0,1.0,699.0,106.0,0.0,1360.0,250.0,5.0,699.0,431.0,2059.0,1436.0,287.0,0.0,1.0,250.0,287.0,0.0,0.0,250.0,0.0,5.0,243.0,586.5660580126134,623.0,1359.0,0.0,0.0,623.0,0.0,0.0,3.0
185.0,0.0,0.0,271.0,63.0,0.0,243.0,137.0,1.0,271.0,0.0,514.0,0.0,0.0,0.0,0.0,137.0,0.0,0.0,1.0,137.0,0.0,1.0,201.0,774.5040792501508,0.0,243.0,185.0,0.0,514.0,0.0,0.0,1.0
56.0,1817.0,1.0,534.0,93.0,0.0,1283.0,9.0,5.0,534.0,372.0,1817.0,1817.0,363.0,0.0,0.0,9.0,363.0,0.0,0.0,9.0,0.0,5.0,171.0,600.188730878458,0.0,1282.0,56.0,0.0,0.0,0.0,0.0,3.0
457.0,391.0,1.0,400.0,109.0,0.0,803.0,188.0,2.0,400.0,117.0,1203.0,391.0,78.0,0.0,1.0,189.0,78.0,0.0,0.0,188.0,0.0,2.0,201.0,685.9111926874803,0.0,802.0,457.0,0.0,812.0,0.0,0.0,6.0
12.0,0.0,0.0,147.0,36.0,0.0,453.0,8.0,4.0,147.0,0.0,600.0,0.0,0.0,0.0,0.0,9.0,0.0,0.0,0.0,8.0,0.0,4.0,147.0,755.7104015211478,0.0,452.0,12.0,0.0,600.0,0.0,0.0,3.0
0.0,0.0,0.0,344.0,76.0,0.0,279.0,210.0,1.0,344.0,0.0,623.0,0.0,0.0,0.0,1.0,211.0,0.0,0.0,0.0,210.0,0.0,1.0,201.0,767.9888878795294,623.0,279.0,0.0,0.0,623.0,1.0,0.0,4.0
0.0,0.0,0.0,427.0,31.0,364.0,0.0,417.0,3.0,551.0,0.0,427.0,0.0,0.0,0.0,0.0,653.0,0.0,1.0,0.0,293.0,0.0,3.0,10.0,836.6035164639932,0.0,0.0,0.0,0.0,427.0,1.0,0.0,4.0
0.0,142.0,1.0,353.0,89.0,0.0,377.0,191.0,1.0,353.0,42.0,730.0,142.0,28.0,0.0,1.0,191.0,28.0,0.0,0.0,191.0,0.0,1.0,201.0,750.8124742660732,588.0,377.0,0.0,0.0,588.0,1.0,0.0,1.0
0.0,0.0,0.0,0.0,0.0,0.0,0.0,417.0,2.0,551.0,0.0,0.0,0.0,0.0,0.0,0.0,731.0,0.0,0.0,0.0,0.0,0.0,2.0,0.0,828.6531127165476,0.0,0.0,0.0,0.0,0.0,1.0,0.0,5.0
0.0,0.0,0.0,134.0,95.0,0.0,640.0,0.0,1.0,134.0,0.0,774.0,0.0,0.0,0.0,0.0,0.0,0.0,0.0,1.0,0.0,0.0,1.0,134.0,731.8591902788112,0.0,640.0,0.0,0.0,774.0,0.0,0.0,1.0
0.0,0.0,0.0,0.0,0.0,0.0,0.0,305.0,2.0,439.0,0.0,0.0,0.0,0.0,0.0,0.0,305.0,0.0,0.0,0.0,0.0,0.0,2.0,0.0,828.6531127165476,0.0,0.0,0.0,0.0,0.0,0.0,0.0,3.0
0.0,0.0,0.0,244.0,65.0,577.0,1219.0,0.0,6.0,244.0,0.0,1463.0,0.0,0.0,0.0,0.0,0.0,0.0,1.0,1.0,0.0,0.0,6.0,186.0,618.8003568687385,0.0,1219.0,0.0,0.0,1463.0,1.0,0.0,3.0
1.0,1150.0,1.0,408.0,105.0,0.0,742.0,44.0,2.0,408.0,274.0,1150.0,1150.0,230.0,0.0,0.0,90.0,230.0,0.0,0.0,44.0,0.0,2.0,178.0,696.5724149303151,0.0,90.0,1.0,0.0,0.0,0.0,0.0,3.0
1992.0,0.0,0.0,201.0,18.0,0.0,0.0,330.0,2.0,464.0,0.0,201.0,0.0,0.0,0.0,0.0,330.0,0.0,0.0,0.0,67.0,0.0,2.0,0.0,828.6531127165476,0.0,0.0,1992.0,0.0,201.0,0.0,0.0,3.0
0.0,0.0,0.0,0.0,0.0,0.0,0.0,417.0,3.0,551.0,0.0,0.0,0.0,0.0,0.0,0.0,417.0,0.0,0.0,0.0,0.0,0.0,3.0,0.0,836.6035164639933,0.0,0.0,0.0,0.0,0.0,1.0,0.0,4.0
473.0,0.0,0.0,156.0,64.0,0.0,544.0,22.0,2.0,156.0,0.0,700.0,0.0,0.0,0.0,0.0,22.0,0.0,0.0,2.0,22.0,0.0,2.0,156.0,732.1098224064315,0.0,544.0,473.0,0.0,700.0,0.0,0.0,3.0
217.0,0.0,0.0,160.0,109.0,0.0,731.0,26.0,1.0,160.0,0.0,891.0,0.0,0.0,0.0,0.0,26.0,0.0,0.0,1.0,26.0,0.0,1.0,160.0,731.8591902788112,0.0,730.0,217.0,0.0,891.0,0.0,0.0,2.0
117.0,400.0,1.0,400.0,49.0,0.0,0.0,337.0,1.0,551.0,0.0,400.0,0.0,80.0,0.0,0.0,337.0,80.0,0.0,0.0,186.0,0.0,1.0,50.0,817.7412583460924,0.0,0.0,117.0,0.0,0.0,0.0,0.0,3.0
0.0,0.0,0.0,237.0,79.0,0.0,407.0,103.0,1.0,237.0,0.0,644.0,0.0,0.0,0.0,0.0,102.0,0.0,0.0,1.0,103.0,0.0,1.0,201.0,745.4818631446558,279.0,407.0,0.0,0.0,644.0,1.0,0.0,1.0
0.0,0.0,0.0,0.0,0.0,0.0,0.0,0.0,1.0,134.0,0.0,0.0,0.0,0.0,0.0,0.0,0.0,0.0,0.0,0.0,0.0,0.0,1.0,0.0,817.7412583460924,0.0,0.0,0.0,0.0,0.0,0.0,0.0,1.0
0.0,250.0,1.0,426.0,94.0,0.0,344.0,242.0,1.0,426.0,75.0,770.0,250.0,50.0,0.0,1.0,241.0,50.0,0.0,0.0,242.0,0.0,1.0,201.0,756.7353755120927,520.0,344.0,0.0,0.0,520.0,1.0,0.0,1.0
392.0,0.0,0.0,321.0,19.0,0.0,0.0,417.0,4.0,556.0,0.0,321.0,0.0,0.0,0.0,0.0,417.0,0.0,0.0,0.0,182.0,0.0,4.0,0.0,836.2618584670117,0.0,0.0,392.0,0.0,321.0,0.0,0.0,3.0
0.0,0.0,0.0,134.0,150.0,0.0,1091.0,0.0,1.0,134.0,0.0,1225.0,0.0,0.0,602.0,0.0,0.0,0.0,0.0,1.0,0.0,0.0,1.0,134.0,731.8591902788112,623.0,1091.0,0.0,0.0,1225.0,1.0,0.0,1.0
0.0,113.0,1.0,458.0,93.0,0.0,304.0,302.0,1.0,458.0,33.0,762.0,113.0,22.0,9.0,1.0,301.0,22.0,0.0,0.0,302.0,0.0,1.0,201.0,763.842857007316,342.0,304.0,0.0,0.0,649.0,1.0,0.0,1.0
0.0,0.0,0.0,0.0,0.0,0.0,0.0,305.0,2.0,439.0,0.0,0.0,0.0,0.0,0.0,0.0,305.0,0.0,0.0,0.0,0.0,0.0,2.0,0.0,828.6531127165476,0.0,0.0,0.0,0.0,0.0,0.0,0.0,1.0
0.0,0.0,0.0,108.0,8.0,0.0,0.0,305.0,3.0,439.0,0.0,108.0,0.0,0.0,0.0,0.0,305.0,0.0,0.0,0.0,0.0,0.0,3.0,0.0,836.6035164639932,0.0,0.0,0.0,0.0,108.0,0.0,0.0,1.0
0.0,0.0,0.0,385.0,122.0,0.0,956.0,151.0,2.0,385.0,0.0,1341.0,0.0,0.0,0.0,0.0,151.0,0.0,0.0,0.0,151.0,0.0,2.0,201.0,666.3656185756162,0.0,955.0,0.0,0.0,1341.0,0.0,0.0,6.0
30.0,0.0,0.0,375.0,46.0,0.0,0.0,293.0,1.0,427.0,0.0,375.0,0.0,0.0,375.0,0.0,293.0,0.0,0.0,0.0,241.0,0.0,1.0,149.0,817.7412583460924,0.0,0.0,30.0,0.0,375.0,1.0,0.0,3.0
0.0,68.0,1.0,68.0,8.0,0.0,0.0,64.0,1.0,211.0,0.0,68.0,0.0,13.0,0.0,0.0,64.0,13.0,0.0,0.0,0.0,0.0,1.0,19.0,817.7412583460924,0.0,0.0,0.0,0.0,0.0,0.0,0.0,2.672
0.0,552.0,1.0,424.0,66.0,171.0,299.0,137.0,2.0,424.0,165.0,723.0,552.0,110.0,0.0,0.0,137.0,110.0,1.0,0.0,137.0,0.0,2.0,201.0,775.3470015023731,0.0,298.0,0.0,0.0,171.0,1.0,0.0,4.0
0.0,1949.0,1.0,807.0,100.0,0.0,1142.0,256.0,5.0,807.0,584.0,1949.0,1949.0,389.0,0.0,0.0,256.0,389.0,0.0,0.0,256.0,0.0,5.0,243.0,625.0649161117396,0.0,1140.0,0.0,0.0,0.0,0.0,0.0,5.0
721.0,773.0,1.0,513.0,122.0,0.0,834.0,225.0,2.0,513.0,231.0,1347.0,773.0,154.0,0.0,1.0,225.0,154.0,0.0,0.0,225.0,0.0,2.0,201.0,680.5805815660628,368.0,833.0,721.0,0.0,574.0,0.0,0.0,2.672
1512.0,0.0,0.0,304.0,90.0,0.0,431.0,106.0,1.0,304.0,0.0,735.0,0.0,0.0,0.0,0.0,106.0,0.0,0.0,1.0,106.0,0.0,1.0,201.0,741.3358322724422,0.0,431.0,1512.0,0.0,735.0,0.0,0.0,3.0
0.0,0.0,0.0,530.0,80.0,0.0,122.0,396.0,1.0,530.0,0.0,652.0,0.0,0.0,9.0,0.0,396.0,0.0,0.0,1.0,396.0,0.0,1.0,201.0,795.8265237358206,153.0,122.0,0.0,0.0,652.0,1.0,0.0,4.0
0.0,881.0,1.0,806.0,64.0,0.0,75.0,345.0,3.0,806.0,264.0,881.0,881.0,176.0,0.0,0.0,345.0,176.0,0.0,0.0,345.0,0.0,3.0,201.0,822.9808435981487,0.0,74.0,0.0,0.0,0.0,0.0,0.0,2.672
0.0,0.0,0.0,170.0,99.0,0.0,642.0,36.0,1.0,170.0,0.0,812.0,0.0,0.0,0.0,1.0,36.0,0.0,0.0,0.0,36.0,0.0,1.0,170.0,731.8591902788112,0.0,642.0,0.0,0.0,812.0,0.0,0.0,2.672
0.0,0.0,0.0,384.0,79.0,0.0,259.0,250.0,1.0,384.0,0.0,643.0,0.0,0.0,0.0,0.0,250.0,0.0,0.0,1.0,250.0,0.0,1.0,201.0,771.5426286271411,351.0,258.0,0.0,0.0,643.0,1.0,0.0,1.0
0.0,0.0,0.0,316.0,79.0,0.0,327.0,182.0,1.0,316.0,0.0,643.0,0.0,0.0,0.0,1.0,182.0,0.0,0.0,0.0,182.0,0.0,1.0,201.0,759.6968261351024,84.0,326.0,0.0,0.0,643.0,1.0,0.0,1.0
0.0,0.0,0.0,229.0,80.0,0.0,423.0,95.0,1.0,229.0,0.0,652.0,0.0,0.0,9.0,1.0,95.0,0.0,0.0,0.0,95.0,0.0,1.0,201.0,742.5204125216461,17.0,422.0,0.0,0.0,652.0,1.0,0.0,4.0
0.0,0.0,0.0,134.0,58.0,0.0,666.0,0.0,3.0,134.0,0.0,800.0,0.0,0.0,0.0,0.0,0.0,0.0,0.0,0.0,0.0,0.0,3.0,134.0,718.1454915436053,0.0,666.0,0.0,0.0,800.0,0.0,0.0,1.0
0.0,0.0,0.0,460.0,83.0,0.0,221.0,326.0,1.0,460.0,0.0,681.0,0.0,0.0,0.0,1.0,326.0,0.0,0.0,0.0,326.0,0.0,1.0,201.0,778.6501101223644,0.0,220.0,0.0,0.0,681.0,0.0,0.0,1.0
0.0,0.0,0.0,0.0,0.0,0.0,0.0,0.0,1.0,134.0,0.0,0.0,0.0,0.0,0.0,0.0,0.0,0.0,0.0,0.0,0.0,0.0,1.0,0.0,817.7412583460924,0.0,0.0,0.0,0.0,0.0,0.0,0.0,1.0
0.0,0.0,0.0,0.0,0.0,0.0,0.0,0.0,1.0,134.0,0.0,0.0,0.0,0.0,0.0,0.0,0.0,0.0,0.0,0.0,0.0,0.0,1.0,0.0,817.7412583460924,0.0,0.0,0.0,0.0,0.0,0.0,0.0,1.0
352.0,980.0,1.0,330.0,89.0,0.0,650.0,0.0,2.0,330.0,196.0,980.0,980.0,196.0,0.0,0.0,0.0,196.0,0.0,0.0,0.0,0.0,2.0,134.0,713.1565384191695,0.0,650.0,352.0,0.0,0.0,0.0,0.0,6.0
0.0,0.0,0.0,186.0,49.0,0.0,1040.0,0.0,7.0,186.0,0.0,1226.0,0.0,0.0,0.0,1.0,89.0,0.0,0.0,0.0,0.0,0.0,7.0,186.0,631.4890816129997,1226.0,952.0,0.0,0.0,1226.0,0.0,0.0,1.0
171.0,1764.0,1.0,714.0,118.0,0.0,1257.0,161.0,4.0,714.0,513.0,1971.0,1764.0,352.0,0.0,0.0,161.0,352.0,0.0,0.0,161.0,0.0,4.0,209.0,612.9684814920804,0.0,1256.0,171.0,0.0,207.0,1.0,0.0,6.0
0.0,53.0,1.0,298.0,22.0,0.0,0.0,228.0,3.0,372.0,0.0,298.0,0.0,11.0,0.0,0.0,0.0,10.0,0.0,0.0,154.0,0.0,3.0,127.0,836.6035164639933,0.0,0.0,0.0,0.0,245.0,0.0,0.0,1.0
77.0,1904.0,1.0,566.0,68.0,0.0,1338.0,0.0,8.0,566.0,380.0,1904.0,1904.0,380.0,0.0,0.0,0.0,380.0,0.0,0.0,0.0,8.0,8.0,186.0,581.9873432740571,0.0,1337.0,77.0,0.0,0.0,0.0,0.0,6.0
0.0,0.0,0.0,50.0,5.0,0.0,0.0,305.0,2.0,439.0,0.0,50.0,0.0,0.0,0.0,0.0,0.0,0.0,0.0,0.0,0.0,0.0,2.0,0.0,828.6531127165476,0.0,0.0,0.0,0.0,50.0,0.0,0.0,1.0
0.0,0.0,0.0,366.0,19.0,435.0,69.0,180.0,6.0,366.0,0.0,435.0,0.0,0.0,0.0,0.0,81.0,0.0,1.0,0.0,180.0,0.0,6.0,279.0,823.1404498564078,0.0,69.0,0.0,0.0,435.0,1.0,0.0,4.0
0.0,219.0,1.0,177.0,82.0,293.0,958.0,0.0,3.0,177.0,43.0,1135.0,0.0,44.0,0.0,1.0,0.0,43.0,1.0,0.0,0.0,0.0,3.0,134.0,666.6162507032366,623.0,957.0,0.0,0.0,916.0,1.0,0.0,4.0
205.0,740.0,1.0,475.0,78.0,0.0,610.0,193.0,3.0,475.0,222.0,1085.0,740.0,148.0,0.0,0.0,193.0,148.0,0.0,0.0,193.0,0.0,3.0,201.0,728.2144236618383,0.0,610.0,205.0,0.0,345.0,0.0,0.0,6.0
12.0,84.0,1.0,235.0,53.0,0.0,495.0,85.0,3.0,235.0,24.0,730.0,0.0,17.0,0.0,0.0,85.0,16.0,0.0,0.0,85.0,0.0,3.0,201.0,748.3522878983042,0.0,494.0,12.0,0.0,646.0,0.0,0.0,1.0
96.0,0.0,0.0,346.0,93.0,0.0,411.0,97.0,1.0,346.0,0.0,757.0,0.0,0.0,0.0,0.0,97.0,0.0,0.0,1.0,97.0,0.0,1.0,201.0,744.8895730200538,0.0,411.0,96.0,0.0,757.0,0.0,0.0,3.0
0.0,0.0,0.0,463.0,87.0,0.0,492.0,329.0,2.0,463.0,0.0,955.0,0.0,0.0,312.0,0.0,330.0,0.0,0.0,2.0,329.0,0.0,2.0,201.0,740.9941742754606,185.0,492.0,0.0,0.0,955.0,0.0,0.0,3.0
0.0,0.0,0.0,134.0,79.0,0.0,509.0,0.0,1.0,134.0,0.0,643.0,0.0,0.0,0.0,0.0,0.0,0.0,0.0,1.0,0.0,0.0,1.0,134.0,731.8591902788112,114.0,509.0,0.0,0.0,643.0,1.0,0.0,1.0
0.0,0.0,0.0,287.0,85.0,0.0,648.0,93.0,2.0,287.0,0.0,935.0,0.0,0.0,312.0,1.0,94.0,0.0,0.0,0.0,93.0,0.0,2.0,201.0,713.7488285437714,623.0,648.0,0.0,0.0,935.0,0.0,0.0,1.0
0.0,0.0,0.0,134.0,79.0,0.0,509.0,0.0,1.0,134.0,0.0,643.0,0.0,0.0,0.0,0.0,0.0,0.0,0.0,1.0,0.0,0.0,1.0,134.0,731.8591902788112,26.0,509.0,0.0,0.0,643.0,1.0,0.0,1.0
24.0,1785.0,1.0,560.0,95.0,0.0,1293.0,0.0,5.0,560.0,357.0,1853.0,1785.0,357.0,0.0,0.0,0.0,357.0,0.0,0.0,0.0,0.0,5.0,162.0,598.4118605046523,0.0,1293.0,24.0,0.0,68.0,0.0,0.0,3.0
548.0,347.0,1.0,357.0,106.0,0.0,506.0,154.0,1.0,357.0,104.0,863.0,347.0,69.0,0.0,1.0,154.0,69.0,0.0,0.0,154.0,0.0,1.0,201.0,1049.1485643210674,0.0,506.0,548.0,0.0,516.0,0.0,0.0,1.0
0.0,523.0,1.0,307.0,73.0,0.0,918.0,64.0,4.0,307.0,156.0,1225.0,523.0,105.0,0.0,1.0,64.0,104.0,0.0,0.0,64.0,0.0,4.0,203.0,794.6799051934469,623.0,917.0,0.0,0.0,702.0,0.0,0.0,3.0
0.0,1160.0,1.0,366.0,105.0,0.0,794.0,0.0,2.0,366.0,232.0,1160.0,1160.0,232.0,0.0,0.0,0.0,232.0,0.0,0.0,0.0,0.0,2.0,134.0,994.966001127689,0.0,794.0,0.0,0.0,0.0,0.0,0.0,3.0
0.0,600.0,1.0,529.0,36.0,0.0,71.0,270.0,4.0,529.0,180.0,600.0,600.0,120.0,0.0,0.0,271.0,120.0,0.0,0.0,270.0,0.0,4.0,208.0,607.8964951079588,0.0,71.0,0.0,0.0,0.0,0.0,0.0,1.0
1014.0,1309.0,1.0,693.0,95.0,0.0,616.0,298.0,3.0,693.0,392.0,1309.0,1309.0,262.0,0.0,0.0,299.0,261.0,0.0,0.0,298.0,0.0,3.0,201.0,837.0965842665736,0.0,614.0,1014.0,0.0,0.0,0.0,0.0,3.0
0.0,0.0,0.0,0.0,0.0,0.0,0.0,100.0,5.0,262.0,0.0,0.0,0.0,0.0,0.0,0.0,100.0,0.0,0.0,0.0,0.0,0.0,5.0,0.0,493.4137759630871,0.0,0.0,0.0,0.0,0.0,0.0,0.0,6.0
800.0,0.0,0.0,248.0,117.0,0.0,704.0,114.0,1.0,248.0,0.0,952.0,0.0,0.0,0.0,1.0,114.0,0.0,0.0,0.0,114.0,0.0,1.0,201.0,1049.1485643210674,0.0,704.0,800.0,0.0,952.0,0.0,0.0,1.0
686.0,739.0,1.0,698.0,72.0,0.0,91.0,417.0,2.0,698.0,187.0,789.0,739.0,147.0,0.0,0.0,451.0,147.0,0.0,0.0,417.0,0.0,2.0,167.0,839.8034045487767,0.0,90.0,686.0,0.0,50.0,0.0,0.0,3.0
1116.0,0.0,0.0,270.0,116.0,0.0,677.0,0.0,1.0,270.0,0.0,947.0,0.0,0.0,0.0,0.0,0.0,0.0,0.0,1.0,0.0,0.0,1.0,134.0,1049.1485643210674,0.0,677.0,1116.0,0.0,947.0,0.0,0.0,1.0
250.0,1386.0,1.0,463.0,62.0,0.0,933.0,0.0,6.0,463.0,277.0,1396.0,1386.0,277.0,0.0,0.0,0.0,277.0,0.0,0.0,0.0,0.0,6.0,186.0,581.1571897145374,0.0,933.0,250.0,0.0,10.0,0.0,0.0,3.0
150.0,1754.0,1.0,549.0,127.0,0.0,1205.0,65.0,3.0,549.0,415.0,1754.0,1754.0,350.0,0.0,0.0,65.0,350.0,0.0,0.0,65.0,0.0,3.0,199.0,967.2566771526556,0.0,1204.0,150.0,0.0,0.0,0.0,0.0,3.0
0.0,0.0,0.0,335.0,77.0,0.0,297.0,201.0,1.0,335.0,0.0,632.0,0.0,0.0,9.0,0.0,201.0,0.0,0.0,1.0,201.0,0.0,1.0,201.0,1007.9679699309607,623.0,297.0,0.0,0.0,632.0,1.0,0.0,4.0
5.0,540.0,1.0,501.0,66.0,0.0,39.0,239.0,1.0,501.0,162.0,540.0,540.0,108.0,0.0,0.0,239.0,108.0,0.0,0.0,239.0,0.0,1.0,201.0,951.3446526987968,0.0,40.0,5.0,0.0,0.0,0.0,0.0,1.0
0.0,0.0,0.0,294.0,76.0,0.0,329.0,160.0,1.0,294.0,0.0,623.0,0.0,0.0,0.0,0.0,178.0,0.0,0.0,1.0,160.0,0.0,1.0,201.0,1015.3216475135232,623.0,310.0,0.0,0.0,623.0,1.0,0.0,1.0
5.0,0.0,0.0,6.0,1.0,0.0,0.0,305.0,6.0,491.0,0.0,6.0,0.0,0.0,0.0,0.0,305.0,0.0,0.0,0.0,0.0,0.0,6.0,0.0,375.2542180326539,0.0,0.0,5.0,0.0,6.0,0.0,0.0,3.0
0.0,0.0,0.0,100.0,5.0,0.0,0.0,417.0,5.0,579.0,0.0,100.0,0.0,0.0,0.0,0.0,417.0,0.0,0.0,0.0,0.0,0.0,5.0,0.0,493.4137759630871,0.0,0.0,0.0,0.0,100.0,0.0,0.0,3.0
46.0,0.0,0.0,134.0,98.0,0.0,665.0,0.0,1.0,134.0,0.0,799.0,0.0,0.0,0.0,1.0,0.0,0.0,0.0,0.0,0.0,0.0,1.0,134.0,1049.1485643210672,0.0,665.0,46.0,0.0,799.0,0.0,0.0,1.0
1.0,300.0,1.0,578.0,53.0,0.0,0.0,310.0,2.0,630.0,38.0,578.0,0.0,60.0,0.0,0.0,310.0,60.0,0.0,0.0,258.0,0.0,2.0,149.0,819.9484751500053,0.0,0.0,1.0,0.0,278.0,0.0,0.0,3.0
155.0,0.0,0.0,486.0,76.0,0.0,134.0,122.0,1.0,486.0,0.0,620.0,0.0,0.0,0.0,1.0,122.0,0.0,0.0,0.0,122.0,0.0,1.0,201.0,971.9349498951076,0.0,134.0,155.0,0.0,620.0,0.0,0.0,1.0
100.0,349.0,1.0,349.0,32.0,0.0,0.0,417.0,2.0,950.0,0.0,349.0,0.0,70.0,0.0,0.0,417.0,69.0,0.0,0.0,0.0,0.0,2.0,0.0,819.9484751500053,0.0,0.0,100.0,0.0,0.0,0.0,0.0,3.0
63.0,0.0,0.0,296.0,45.0,0.0,323.0,162.0,3.0,296.0,0.0,619.0,0.0,0.0,0.0,0.0,163.0,0.0,0.0,0.0,162.0,0.0,3.0,201.0,772.384221741878,0.0,322.0,63.0,0.0,619.0,0.0,0.0,3.0
0.0,0.0,0.0,0.0,0.0,0.0,0.0,417.0,4.0,556.0,0.0,0.0,0.0,0.0,0.0,0.0,417.0,0.0,0.0,0.0,0.0,0.0,4.0,0.0,592.4537722191712,0.0,0.0,0.0,0.0,0.0,1.0,0.0,4.0
326.0,0.0,0.0,212.0,91.0,0.0,534.0,78.0,1.0,212.0,0.0,746.0,0.0,0.0,0.0,1.0,78.0,0.0,0.0,0.0,78.0,0.0,1.0,201.0,1049.1485643210674,0.0,534.0,326.0,0.0,746.0,0.0,0.0,2.0
0.0,0.0,0.0,548.0,79.0,58.0,317.0,414.0,2.0,548.0,0.0,865.0,0.0,0.0,0.0,1.0,414.0,0.0,1.0,0.0,414.0,0.0,2.0,201.0,889.8084119530706,315.0,316.0,0.0,0.0,865.0,1.0,0.0,4.0
0.0,0.0,0.0,285.0,77.0,0.0,343.0,151.0,1.0,285.0,0.0,628.0,0.0,0.0,0.0,1.0,151.0,0.0,0.0,0.0,151.0,0.0,1.0,201.0,1018.2631185469912,623.0,343.0,0.0,0.0,628.0,1.0,0.0,1.0
0.0,0.0,0.0,476.0,132.0,0.0,605.0,342.0,1.0,476.0,0.0,1081.0,0.0,0.0,0.0,1.0,342.0,0.0,0.0,0.0,342.0,0.0,1.0,201.0,1049.1485643210674,0.0,604.0,0.0,0.0,1081.0,1.0,0.0,1.0
13.0,0.0,0.0,393.0,36.0,0.0,0.0,261.0,2.0,395.0,0.0,393.0,0.0,0.0,0.0,0.0,261.0,0.0,0.0,1.0,259.0,1.0,2.0,199.0,819.9484751500054,0.0,0.0,13.0,0.0,393.0,0.0,0.0,1.0
0.0,790.0,1.0,790.0,72.0,0.0,0.0,417.0,2.0,893.0,55.0,790.0,790.0,158.0,0.0,0.0,417.0,158.0,0.0,0.0,314.0,0.0,2.0,31.0,819.9484751500053,0.0,0.0,0.0,0.0,0.0,0.0,0.0,1.0
523.0,2660.0,1.0,718.0,95.0,0.0,1942.0,0.0,8.0,718.0,532.0,2660.0,2660.0,532.0,0.0,0.0,0.0,532.0,0.0,0.0,0.0,0.0,8.0,186.0,605.8936272203409,0.0,1942.0,523.0,0.0,0.0,0.0,0.0,8.0
0.0,0.0,0.0,342.0,57.0,0.0,281.0,208.0,2.0,342.0,0.0,623.0,0.0,0.0,0.0,1.0,208.0,0.0,0.0,0.0,208.0,0.0,2.0,201.0,881.7193666744507,623.0,280.0,0.0,0.0,623.0,0.0,0.0,2.672
110.0,978.0,1.0,476.0,89.0,0.0,502.0,147.0,2.0,476.0,292.0,978.0,978.0,195.0,0.0,0.0,147.0,195.0,0.0,0.0,147.0,0.0,2.0,201.0,930.9890063153802,0.0,500.0,110.0,0.0,0.0,0.0,0.0,3.0
0.0,267.0,1.0,267.0,24.0,0.0,0.0,265.0,2.0,452.0,0.0,267.0,267.0,53.0,0.0,0.0,0.0,53.0,0.0,0.0,80.0,0.0,2.0,16.0,819.9484751500053,0.0,0.0,0.0,0.0,0.0,0.0,0.0,2.672
0.0,0.0,0.0,0.0,0.0,0.0,0.0,417.0,2.0,551.0,0.0,0.0,0.0,0.0,0.0,0.0,417.0,0.0,0.0,0.0,0.0,0.0,2.0,0.0,819.9484751500053,0.0,0.0,0.0,0.0,0.0,1.0,0.0,2.672
0.0,0.0,0.0,623.0,57.0,0.0,0.0,624.0,2.0,758.0,0.0,623.0,0.0,0.0,0.0,1.0,624.0,0.0,0.0,0.0,489.0,0.0,2.0,66.0,819.9484751500053,623.0,0.0,0.0,0.0,623.0,0.0,0.0,2.0
16.0,1462.0,1.0,663.0,106.0,0.0,799.0,237.0,3.0,663.0,438.0,1462.0,1462.0,292.0,0.0,0.0,237.0,292.0,0.0,0.0,237.0,0.0,3.0,201.0,877.5418108852436,0.0,798.0,16.0,0.0,0.0,0.0,0.0,5.0
0.0,0.0,0.0,225.0,28.0,0.0,0.0,179.0,1.0,313.0,0.0,225.0,0.0,0.0,225.0,0.0,179.0,0.0,0.0,0.0,91.0,0.0,1.0,113.0,942.5202396649734,0.0,0.0,0.0,0.0,225.0,1.0,0.0,2.672
0.0,1162.0,1.0,371.0,105.0,0.0,1387.0,0.0,4.0,371.0,232.0,1758.0,1162.0,232.0,0.0,0.0,0.0,232.0,0.0,0.0,0.0,0.0,4.0,139.0,898.3667588419441,0.0,1387.0,0.0,0.0,596.0,0.0,0.0,2.672
0.0,0.0,0.0,470.0,60.0,277.0,537.0,331.0,4.0,470.0,0.0,1007.0,0.0,0.0,0.0,1.0,331.0,0.0,1.0,0.0,331.0,0.0,4.0,209.0,710.8479810302094,5.0,537.0,0.0,0.0,1007.0,1.0,0.0,1.0
0.0,0.0,0.0,540.0,77.0,0.0,92.0,406.0,1.0,540.0,0.0,632.0,0.0,0.0,632.0,0.0,406.0,0.0,0.0,1.0,406.0,1.0,1.0,201.0,963.110536828877,0.0,92.0,0.0,0.0,632.0,1.0,0.0,1.0
0.0,0.0,0.0,295.0,79.0,0.0,348.0,161.0,1.0,295.0,0.0,643.0,0.0,0.0,0.0,1.0,161.0,0.0,0.0,0.0,161.0,0.0,1.0,201.0,1018.9984862958736,97.0,347.0,0.0,0.0,643.0,1.0,0.0,4.0
100.0,1451.0,1.0,494.0,74.0,0.0,957.0,42.0,5.0,494.0,332.0,1451.0,1451.0,290.0,0.0,0.0,43.0,290.0,0.0,0.0,42.0,0.0,5.0,204.0,704.4643219627125,0.0,956.0,100.0,0.0,0.0,0.0,0.0,1.0
2997.0,0.0,0.0,221.0,96.0,0.0,1102.0,87.0,3.0,221.0,0.0,1323.0,0.0,0.0,0.0,0.0,87.0,0.0,0.0,1.0,87.0,0.0,3.0,201.0,944.460276742022,0.0,1101.0,2997.0,0.0,1323.0,0.0,0.0,3.0
0.0,0.0,0.0,447.0,25.0,564.0,117.0,261.0,6.0,447.0,0.0,564.0,0.0,0.0,0.0,0.0,261.0,0.0,1.0,0.0,261.0,0.0,6.0,279.0,400.9920894732064,0.0,117.0,0.0,0.0,564.0,1.0,0.0,5.0
0.0,0.0,0.0,301.0,76.0,0.0,322.0,167.0,1.0,301.0,0.0,623.0,0.0,0.0,0.0,1.0,167.0,0.0,0.0,0.0,167.0,0.0,1.0,201.0,1013.8509120036872,623.0,321.0,0.0,0.0,623.0,1.0,0.0,1.0
0.0,0.0,0.0,364.0,26.0,0.0,0.0,417.0,3.0,551.0,0.0,364.0,0.0,0.0,364.0,0.0,417.0,0.0,0.0,0.0,230.0,0.0,3.0,0.0,701.0535494325579,0.0,0.0,0.0,0.0,364.0,1.0,0.0,4.0
1634.0,0.0,0.0,449.0,87.0,0.0,264.0,315.0,1.0,449.0,0.0,713.0,0.0,0.0,0.0,1.0,316.0,0.0,0.0,0.0,315.0,0.0,1.0,201.0,1000.6142923844784,0.0,263.0,1634.0,0.0,713.0,0.0,0.0,1.0
0.0,505.0,1.0,1100.0,100.0,0.0,0.0,400.0,2.0,1643.0,0.0,1100.0,505.0,101.0,0.0,1.0,400.0,101.0,0.0,0.0,0.0,0.0,2.0,0.0,819.9484751500053,595.0,0.0,0.0,0.0,595.0,1.0,0.0,1.0
0.0,0.0,0.0,134.0,79.0,0.0,509.0,0.0,1.0,134.0,0.0,643.0,0.0,0.0,0.0,1.0,0.0,0.0,0.0,0.0,0.0,0.0,1.0,134.0,1049.1485643210674,195.0,509.0,0.0,0.0,643.0,1.0,0.0,1.0
0.0,572.0,1.0,477.0,29.0,0.0,95.0,201.0,5.0,477.0,171.0,572.0,572.0,114.0,0.0,0.0,200.0,114.0,0.0,0.0,201.0,0.0,5.0,243.0,514.7394408365943,0.0,95.0,0.0,0.0,0.0,1.0,0.0,1.0
0.0,0.0,0.0,214.0,20.0,273.0,59.0,80.0,3.0,214.0,0.0,273.0,0.0,0.0,0.0,0.0,80.0,0.0,1.0,0.0,80.0,0.0,3.0,201.0,714.2901689740651,0.0,58.0,0.0,0.0,273.0,1.0,0.0,1.0
0.0,0.0,0.0,0.0,0.0,0.0,0.0,312.0,2.0,446.0,0.0,0.0,0.0,0.0,0.0,0.0,312.0,0.0,0.0,0.0,0.0,0.0,2.0,0.0,819.9484751500054,0.0,0.0,0.0,0.0,0.0,0.0,0.0,1.0
0.0,1627.0,1.0,528.0,118.0,0.0,1099.0,69.0,3.0,528.0,394.0,1627.0,1627.0,325.0,0.0,0.0,69.0,325.0,0.0,0.0,69.0,0.0,3.0,201.0,943.724908937916,0.0,1098.0,0.0,0.0,0.0,0.0,0.0,3.0
694.0,0.0,0.0,232.0,58.0,0.0,411.0,98.0,2.0,232.0,0.0,643.0,0.0,0.0,0.0,1.0,98.0,0.0,0.0,0.0,98.0,0.0,2.0,201.0,910.3987091725494,153.0,410.0,694.0,0.0,643.0,0.0,0.0,3.0
0.0,0.0,0.0,433.0,48.0,719.0,909.0,247.0,8.0,433.0,0.0,1342.0,0.0,0.0,0.0,0.0,247.0,0.0,1.0,1.0,247.0,3.0,8.0,279.0,377.92962281410746,623.0,909.0,0.0,0.0,1342.0,1.0,0.0,4.0
0.0,458.0,1.0,458.0,33.0,0.0,0.0,417.0,3.0,642.0,0.0,458.0,0.0,92.0,0.0,0.0,417.0,91.0,0.0,0.0,233.0,0.0,3.0,0.0,701.0535494325579,0.0,0.0,0.0,0.0,0.0,0.0,0.0,3.0
1088.0,0.0,0.0,134.0,92.0,0.0,620.0,0.0,1.0,134.0,0.0,754.0,0.0,0.0,0.0,0.0,0.0,0.0,0.0,1.0,0.0,0.0,1.0,134.0,1049.1485643210672,0.0,620.0,1088.0,0.0,754.0,0.0,0.0,3.0
0.0,0.0,0.0,134.0,107.0,0.0,744.0,0.0,1.0,134.0,0.0,878.0,0.0,0.0,0.0,0.0,0.0,0.0,0.0,1.0,0.0,0.0,1.0,134.0,1049.1485643210674,0.0,744.0,0.0,0.0,878.0,0.0,0.0,3.0
703.0,0.0,0.0,0.0,0.0,0.0,0.0,417.0,4.0,556.0,0.0,0.0,0.0,0.0,0.0,0.0,417.0,0.0,0.0,0.0,0.0,0.0,4.0,0.0,592.4537722191712,0.0,0.0,703.0,0.0,0.0,0.0,0.0,5.0
0.0,314.0,1.0,224.0,54.0,435.0,525.0,28.0,3.0,224.0,90.0,749.0,314.0,63.0,0.0,0.0,29.0,62.0,1.0,0.0,28.0,0.0,3.0,162.0,817.2416548960591,0.0,524.0,0.0,0.0,435.0,1.0,0.0,4.0
0.0,64.0,1.0,357.0,32.0,293.0,0.0,417.0,2.0,563.0,0.0,357.0,64.0,13.0,0.0,0.0,417.0,12.0,1.0,0.0,211.0,0.0,2.0,0.0,819.9484751500054,0.0,0.0,0.0,0.0,293.0,1.0,0.0,4.0
54.0,0.0,0.0,219.0,20.0,219.0,0.0,357.0,2.0,491.0,0.0,219.0,0.0,0.0,0.0,0.0,358.0,0.0,1.0,0.0,85.0,0.0,2.0,0.0,819.9484751500054,0.0,0.0,54.0,0.0,219.0,1.0,0.0,6.0
817.0,1589.0,1.0,873.0,95.0,0.0,716.0,417.0,4.0,873.0,415.0,1589.0,0.0,318.0,0.0,0.0,417.0,317.0,0.0,0.0,417.0,0.0,4.0,148.0,750.5578398513903,0.0,715.0,327.0,0.0,0.0,0.0,490.0,5.0
2176.0,0.0,0.0,0.0,0.0,0.0,0.0,517.0,2.0,674.0,0.0,0.0,0.0,0.0,0.0,0.0,517.0,0.0,0.0,0.0,0.0,0.0,2.0,0.0,973.32335695,0.0,0.0,2176.0,0.0,0.0,1.0,0.0,1.0
0.0,1664.0,1.0,1575.0,186.0,0.0,912.0,291.0,2.0,1575.0,498.0,2487.0,1664.0,333.0,0.0,1.0,291.0,332.0,0.0,0.0,291.0,0.0,2.0,236.0,1003.6071154,0.0,911.0,0.0,0.0,823.0,1.0,0.0,1.0
0.0,0.0,0.0,419.0,76.0,0.0,334.0,262.0,1.0,419.0,0.0,753.0,0.0,0.0,0.0,0.0,262.0,0.0,0.0,1.0,262.0,0.0,1.0,235.0,939.62497387,222.0,334.0,0.0,0.0,753.0,1.0,0.0,1.0
0.0,0.0,0.0,575.0,74.0,0.0,156.0,418.0,1.0,575.0,0.0,731.0,0.0,0.0,0.0,1.0,418.0,0.0,0.0,0.0,418.0,0.0,1.0,235.0,933.65664191,713.0,155.0,0.0,0.0,731.0,1.0,0.0,1.0
0.0,0.0,0.0,168.0,88.0,0.0,1002.0,0.0,2.0,168.0,0.0,1170.0,0.0,0.0,0.0,0.0,0.0,0.0,0.0,2.0,0.0,0.0,2.0,157.0,1006.5912814,1094.0,1003.0,0.0,0.0,1170.0,1.0,0.0,1.0
198.0,826.0,1.0,330.0,124.0,0.0,1331.0,8.0,2.0,330.0,173.0,1661.0,826.0,165.0,0.0,1.0,8.0,165.0,0.0,0.0,8.0,0.0,2.0,165.0,1011.012268,0.0,1331.0,198.0,0.0,835.0,1.0,0.0,1.0
0.0,792.0,1.0,745.0,33.0,0.0,47.0,390.0,5.0,745.0,237.0,792.0,792.0,158.0,0.0,0.0,389.0,158.0,0.0,0.0,390.0,0.0,5.0,296.0,1117.8546999,0.0,47.0,0.0,0.0,0.0,1.0,0.0,1.0
0.0,0.0,0.0,0.0,0.0,0.0,0.0,517.0,1.0,674.0,0.0,0.0,0.0,0.0,0.0,0.0,517.0,0.0,0.0,0.0,0.0,0.0,1.0,0.0,928.46198261,0.0,0.0,0.0,0.0,0.0,1.0,0.0,1.0
0.0,0.0,0.0,237.0,24.0,0.0,163.0,80.0,3.0,237.0,0.0,400.0,0.0,0.0,0.0,0.0,79.0,0.0,0.0,0.0,80.0,0.0,3.0,236.0,1024.5951619,0.0,163.0,0.0,0.0,400.0,1.0,0.0,1.0
0.0,0.0,0.0,0.0,0.0,0.0,0.0,457.0,3.0,614.0,0.0,0.0,0.0,0.0,0.0,0.0,457.0,0.0,0.0,0.0,0.0,0.0,3.0,0.0,1019.1794533,0.0,0.0,0.0,0.0,0.0,1.0,0.0,1.0
0.0,774.0,1.0,774.0,58.0,0.0,0.0,517.0,2.0,828.0,100.0,774.0,774.0,155.0,0.0,0.0,517.0,154.0,0.0,0.0,463.0,0.0,2.0,103.0,973.32335695,0.0,0.0,0.0,0.0,0.0,1.0,0.0,1.0
0.0,514.0,1.0,645.0,54.0,0.0,79.0,386.0,2.0,645.0,153.0,724.0,514.0,103.0,0.0,0.0,386.0,102.0,0.0,0.0,386.0,0.0,2.0,236.0,975.97594893,0.0,79.0,0.0,0.0,210.0,1.0,0.0,1.0
0.0,0.0,0.0,0.0,0.0,0.0,0.0,0.0,2.0,157.0,0.0,0.0,0.0,0.0,0.0,0.0,0.0,0.0,0.0,0.0,0.0,0.0,2.0,0.0,973.32335695,0.0,0.0,0.0,0.0,0.0,1.0,0.0,1.0
0.0,0.0,0.0,629.0,99.0,0.0,348.0,472.0,1.0,629.0,0.0,977.0,0.0,0.0,0.0,0.0,472.0,0.0,0.0,1.0,472.0,0.0,1.0,235.0,940.06707254,0.0,348.0,0.0,0.0,977.0,1.0,0.0,1.0
0.0,0.0,0.0,438.0,103.0,0.0,580.0,281.0,1.0,438.0,0.0,1018.0,0.0,0.0,0.0,0.0,280.0,0.0,0.0,1.0,281.0,0.0,1.0,236.0,947.69327448,0.0,580.0,0.0,0.0,1018.0,1.0,0.0,1.0
0.0,0.0,0.0,629.0,47.0,0.0,0.0,517.0,2.0,674.0,0.0,629.0,0.0,0.0,0.0,0.0,517.0,0.0,0.0,0.0,472.0,0.0,2.0,112.0,973.32335695,0.0,0.0,0.0,0.0,629.0,1.0,0.0,1.0
0.0,733.0,1.0,439.0,55.0,0.0,294.0,136.0,2.0,439.0,219.0,733.0,733.0,147.0,0.0,0.0,136.0,146.0,0.0,0.0,136.0,0.0,2.0,235.0,983.16005222,0.0,294.0,0.0,0.0,0.0,1.0,0.0,1.0
0.0,0.0,0.0,458.0,46.0,0.0,0.0,350.0,1.0,507.0,0.0,458.0,0.0,0.0,0.0,0.0,349.0,0.0,0.0,0.0,301.0,0.0,1.0,187.0,928.46198261,0.0,0.0,0.0,0.0,458.0,1.0,0.0,1.0
0.0,0.0,0.0,203.0,84.0,0.0,633.0,46.0,1.0,203.0,0.0,836.0,0.0,0.0,0.0,0.0,45.0,0.0,0.0,1.0,46.0,0.0,1.0,203.0,948.13537315,0.0,633.0,0.0,0.0,836.0,1.0,0.0,1.0
0.0,0.0,0.0,527.0,74.0,0.0,206.0,370.0,1.0,527.0,0.0,733.0,0.0,0.0,0.0,1.0,370.0,0.0,0.0,0.0,370.0,0.0,1.0,235.0,935.3145119,733.0,206.0,0.0,0.0,733.0,1.0,0.0,1.0
0.0,0.0,0.0,519.0,79.0,0.0,265.0,362.0,1.0,519.0,0.0,784.0,0.0,0.0,51.0,1.0,361.0,0.0,0.0,0.0,362.0,0.0,1.0,236.0,937.30395589,733.0,265.0,0.0,0.0,784.0,1.0,0.0,1.0
501.0,1587.0,1.0,975.0,119.0,0.0,612.0,501.0,2.0,975.0,476.0,1587.0,1587.0,317.0,0.0,0.0,501.0,317.0,0.0,0.0,501.0,0.0,2.0,236.0,993.65989548,0.0,612.0,501.0,0.0,0.0,1.0,0.0,1.0
2.0,0.0,0.0,173.0,105.0,0.0,865.0,0.0,1.0,173.0,0.0,1038.0,0.0,0.0,0.0,1.0,0.0,0.0,0.0,0.0,0.0,0.0,1.0,157.0,948.13537315,0.0,865.0,2.0,0.0,1038.0,1.0,0.0,1.0
0.0,0.0,0.0,444.0,76.0,0.0,309.0,287.0,1.0,444.0,0.0,753.0,0.0,0.0,0.0,1.0,297.0,0.0,0.0,0.0,287.0,0.0,1.0,235.0,938.74077654,531.0,309.0,0.0,0.0,753.0,1.0,0.0,1.0
0.0,0.0,0.0,582.0,80.0,0.0,212.0,356.0,1.0,582.0,0.0,794.0,0.0,0.0,0.0,1.0,356.0,0.0,0.0,0.0,356.0,0.0,1.0,235.0,935.53556123,0.0,212.0,0.0,0.0,794.0,1.0,0.0,1.0
421.0,0.0,0.0,184.0,106.0,0.0,861.0,12.0,1.0,184.0,0.0,1045.0,0.0,0.0,0.0,0.0,11.0,0.0,0.0,1.0,12.0,0.0,1.0,169.0,948.13537315,0.0,861.0,421.0,0.0,1045.0,1.0,0.0,1.0
0.0,895.0,1.0,336.0,71.0,0.0,609.0,0.0,2.0,336.0,179.0,945.0,895.0,179.0,0.0,0.0,0.0,179.0,0.0,0.0,0.0,0.0,2.0,157.0,993.54937082,0.0,609.0,0.0,0.0,50.0,1.0,0.0,1.0
0.0,527.0,1.0,549.0,67.0,298.0,348.0,287.0,2.0,549.0,158.0,897.0,0.0,105.0,0.0,0.0,287.0,105.0,1.0,0.0,287.0,0.0,2.0,236.0,984.92844687,0.0,348.0,0.0,0.0,370.0,1.0,0.0,1.0
0.0,0.0,0.0,97.0,4.0,0.0,0.0,51.0,5.0,248.0,0.0,97.0,0.0,0.0,0.0,0.0,51.0,0.0,0.0,0.0,0.0,0.0,5.0,94.0,1116.1968299,0.0,0.0,0.0,0.0,97.0,1.0,0.0,1.0
1230.0,0.0,0.0,169.0,103.0,0.0,1203.0,0.0,2.0,169.0,0.0,1372.0,0.0,0.0,0.0,0.0,0.0,0.0,0.0,2.0,0.0,0.0,2.0,157.0,1011.012268,0.0,1203.0,1230.0,0.0,1372.0,1.0,0.0,1.0
0.0,0.0,0.0,0.0,0.0,0.0,0.0,517.0,1.0,674.0,0.0,0.0,0.0,0.0,0.0,0.0,517.0,0.0,0.0,0.0,0.0,0.0,1.0,0.0,928.46198261,0.0,0.0,0.0,0.0,0.0,1.0,0.0,1.0
0.0,0.0,0.0,1188.0,120.0,0.0,0.0,330.0,1.0,1558.0,0.0,1188.0,0.0,0.0,0.0,1.0,330.0,0.0,0.0,0.0,0.0,0.0,1.0,0.0,928.46198261,0.0,0.0,0.0,0.0,1188.0,1.0,0.0,1.0
0.0,0.0,0.0,554.0,23.0,0.0,0.0,517.0,5.0,714.0,0.0,554.0,0.0,0.0,0.0,0.0,517.0,0.0,0.0,0.0,357.0,0.0,5.0,37.0,1116.1968299,0.0,0.0,0.0,0.0,554.0,1.0,0.0,1.0
0.0,0.0,0.0,115.0,6.0,0.0,0.0,517.0,4.0,685.0,0.0,115.0,0.0,0.0,0.0,0.0,517.0,0.0,0.0,0.0,0.0,0.0,4.0,0.0,1066.8039443,0.0,0.0,0.0,0.0,115.0,1.0,0.0,1.0
0.0,1837.0,1.0,1013.0,121.0,0.0,1440.0,325.0,4.0,1013.0,551.0,2453.0,1837.0,367.0,0.0,0.0,325.0,367.0,0.0,0.0,325.0,0.0,4.0,252.0,1114.5505999,0.0,1440.0,0.0,0.0,616.0,1.0,0.0,1.0
0.0,1779.0,1.0,622.0,58.0,0.0,1157.0,41.0,7.0,622.0,396.0,1779.0,1779.0,356.0,0.0,0.0,41.0,355.0,0.0,0.0,41.0,0.0,7.0,267.0,1252.6715123,0.0,1156.0,0.0,0.0,0.0,1.0,0.0,1.0
0.0,1881.0,1.0,533.0,120.0,0.0,1478.0,0.0,3.0,533.0,376.0,2011.0,1881.0,376.0,0.0,0.0,0.0,376.0,0.0,0.0,0.0,0.0,3.0,157.0,1068.252405,0.0,1478.0,0.0,0.0,130.0,1.0,0.0,1.0
2.0,1523.0,1.0,773.0,91.0,0.0,750.0,312.0,3.0,773.0,456.0,1523.0,1523.0,305.0,0.0,0.0,312.0,304.0,0.0,0.0,312.0,0.0,3.0,235.0,1044.0475031,0.0,749.0,2.0,0.0,0.0,1.0,0.0,1.0
0.0,0.0,0.0,0.0,0.0,0.0,0.0,517.0,1.0,674.0,0.0,0.0,0.0,0.0,0.0,0.0,517.0,0.0,0.0,0.0,0.0,0.0,1.0,0.0,928.46198261,0.0,0.0,0.0,0.0,0.0,1.0,0.0,1.0
0.0,300.0,1.0,227.0,30.0,0.0,73.0,10.0,1.0,227.0,70.0,300.0,300.0,60.0,0.0,0.0,9.0,60.0,0.0,1.0,10.0,0.0,1.0,167.0,930.89352526,0.0,73.0,0.0,0.0,0.0,1.0,0.0,1.0
0.0,0.0,0.0,512.0,105.0,0.0,527.0,286.0,1.0,512.0,0.0,1039.0,0.0,0.0,0.0,1.0,286.0,0.0,0.0,0.0,286.0,0.0,1.0,236.0,946.0354045,0.0,527.0,0.0,0.0,1039.0,1.0,0.0,1.0
0.0,0.0,0.0,327.0,98.0,0.0,981.0,170.0,2.0,327.0,0.0,1308.0,0.0,0.0,0.0,1.0,169.0,0.0,0.0,0.0,170.0,0.0,2.0,236.0,1005.9281334,0.0,981.0,0.0,0.0,1308.0,1.0,0.0,1.0
0.0,0.0,0.0,515.0,85.0,0.0,325.0,358.0,1.0,515.0,0.0,840.0,0.0,0.0,0.0,0.0,357.0,0.0,0.0,1.0,358.0,0.0,1.0,236.0,939.29339987,0.0,325.0,0.0,0.0,840.0,1.0,0.0,1.0
0.0,0.0,0.0,465.0,76.0,0.0,288.0,308.0,1.0,465.0,0.0,753.0,0.0,0.0,0.0,0.0,308.0,0.0,0.0,1.0,308.0,0.0,1.0,235.0,938.07762855,43.0,288.0,0.0,0.0,753.0,1.0,0.0,1.0
0.0,0.0,0.0,487.0,74.0,0.0,246.0,330.0,1.0,487.0,0.0,733.0,0.0,0.0,0.0,1.0,329.0,0.0,0.0,0.0,330.0,0.0,1.0,235.0,936.64080789,733.0,247.0,0.0,0.0,733.0,1.0,0.0,1.0
0.0,2112.0,1.0,590.0,104.0,0.0,1522.0,0.0,4.0,590.0,422.0,2112.0,1782.0,422.0,0.0,0.0,0.0,422.0,0.0,0.0,0.0,0.0,4.0,168.0,1117.3137166,0.0,1521.0,0.0,0.0,0.0,1.0,0.0,1.0
0.0,2478.0,1.0,903.0,105.0,0.0,1575.0,211.0,5.0,903.0,706.0,2478.0,2478.0,496.0,0.0,0.0,211.0,495.0,0.0,0.0,211.0,4.0,5.0,295.0,1168.4749969,0.0,1575.0,0.0,0.0,0.0,1.0,0.0,1.0
0.0,0.0,0.0,2.0,1.0,0.0,0.0,517.0,4.0,685.0,0.0,2.0,0.0,0.0,0.0,0.0,517.0,0.0,0.0,0.0,0.0,0.0,4.0,0.0,1066.8039443,0.0,0.0,0.0,0.0,2.0,1.0,0.0,1.0
0.0,0.0,0.0,197.0,51.0,0.0,483.0,40.0,2.0,197.0,0.0,680.0,0.0,0.0,0.0,1.0,40.0,0.0,0.0,0.0,40.0,0.0,2.0,197.0,989.34943351,66.0,483.0,0.0,0.0,680.0,1.0,0.0,1.0
0.0,0.0,0.0,0.0,0.0,0.0,0.0,0.0,1.0,157.0,0.0,0.0,0.0,0.0,0.0,0.0,0.0,0.0,0.0,0.0,0.0,0.0,1.0,0.0,928.46198261,0.0,0.0,0.0,0.0,0.0,1.0,0.0,1.0
0.0,0.0,0.0,157.0,74.0,0.0,576.0,0.0,1.0,157.0,0.0,733.0,0.0,0.0,0.0,1.0,0.0,0.0,0.0,0.0,0.0,0.0,1.0,157.0,947.58274982,733.0,576.0,0.0,0.0,733.0,1.0,0.0,1.0
0.0,0.0,0.0,427.0,76.0,0.0,326.0,270.0,1.0,427.0,0.0,753.0,0.0,0.0,0.0,1.0,270.0,0.0,0.0,0.0,270.0,0.0,1.0,235.0,939.29339987,68.0,326.0,0.0,0.0,753.0,1.0,0.0,1.0
0.0,0.0,0.0,0.0,0.0,0.0,0.0,0.0,1.0,157.0,0.0,0.0,0.0,0.0,0.0,0.0,0.0,0.0,0.0,0.0,0.0,0.0,1.0,0.0,928.46198261,0.0,0.0,0.0,0.0,0.0,1.0,0.0,1.0
0.0,0.0,0.0,576.0,81.0,0.0,228.0,419.0,1.0,576.0,0.0,804.0,0.0,0.0,51.0,0.0,418.0,0.0,0.0,1.0,419.0,0.0,1.0,236.0,936.08818456,49.0,228.0,0.0,0.0,804.0,1.0,0.0,1.0
0.0,0.0,0.0,157.0,61.0,0.0,448.0,0.0,1.0,157.0,0.0,605.0,0.0,0.0,0.0,0.0,0.0,0.0,0.0,1.0,0.0,0.0,1.0,157.0,943.38281251,0.0,448.0,0.0,0.0,605.0,1.0,0.0,1.0
0.0,0.0,0.0,309.0,76.0,0.0,444.0,152.0,1.0,309.0,0.0,753.0,0.0,0.0,0.0,0.0,152.0,0.0,0.0,1.0,152.0,0.0,1.0,235.0,943.27228785,216.0,444.0,0.0,0.0,753.0,1.0,0.0,1.0
0.0,0.0,0.0,0.0,0.0,0.0,0.0,517.0,1.0,674.0,0.0,0.0,0.0,0.0,0.0,0.0,517.0,0.0,0.0,0.0,0.0,0.0,1.0,0.0,928.46198261,0.0,0.0,0.0,0.0,0.0,1.0,0.0,1.0
0.0,40.0,1.0,40.0,4.0,0.0,0.0,32.0,1.0,197.0,0.0,40.0,0.0,8.0,0.0,0.0,32.0,8.0,0.0,0.0,0.0,0.0,1.0,16.0,928.46198261,0.0,0.0,0.0,0.0,0.0,1.0,0.0,1.0
0.0,1373.0,1.0,615.0,82.0,0.0,758.0,114.0,3.0,615.0,388.0,1373.0,1373.0,275.0,0.0,0.0,114.0,274.0,0.0,0.0,114.0,0.0,3.0,235.0,1044.3790771,0.0,757.0,0.0,0.0,0.0,1.0,0.0,1.0
0.0,0.0,0.0,944.0,90.0,0.0,253.0,787.0,2.0,944.0,0.0,1197.0,0.0,0.0,0.0,0.0,787.0,0.0,0.0,2.0,787.0,2.0,2.0,235.0,981.72323156,0.0,253.0,0.0,0.0,1197.0,1.0,0.0,1.0
0.0,582.0,1.0,582.0,59.0,0.0,0.0,517.0,1.0,790.0,0.0,582.0,0.0,116.0,0.0,0.0,517.0,116.0,0.0,0.0,309.0,0.0,1.0,0.0,928.46198261,0.0,0.0,0.0,0.0,0.0,1.0,0.0,1.0
177.0,1183.0,1.0,766.0,84.0,0.0,639.0,373.0,3.0,766.0,354.0,1405.0,1183.0,237.0,0.0,0.0,517.0,236.0,0.0,0.0,373.0,0.0,3.0,235.0,1040.4001891,0.0,495.0,177.0,0.0,222.0,1.0,0.0,1.0
0.0,1225.0,1.0,696.0,100.0,0.0,1663.0,254.0,5.0,696.0,368.0,2359.0,1225.0,245.0,0.0,0.0,253.0,245.0,0.0,0.0,254.0,0.0,5.0,296.0,1171.3486382,0.0,1664.0,0.0,0.0,1134.0,1.0,0.0,1.0
0.0,0.0,0.0,0.0,0.0,0.0,0.0,0.0,2.0,157.0,0.0,0.0,0.0,0.0,0.0,0.0,0.0,0.0,0.0,0.0,0.0,0.0,2.0,0.0,973.32335695,0.0,0.0,0.0,0.0,0.0,1.0,0.0,1.0
0.0,0.0,0.0,168.0,76.0,0.0,1380.0,0.0,4.0,168.0,0.0,1548.0,0.0,0.0,0.0,0.0,0.0,0.0,0.0,0.0,0.0,0.0,4.0,168.0,1112.561156,0.0,1380.0,0.0,0.0,1548.0,1.0,0.0,1.0
0.0,0.0,0.0,0.0,0.0,0.0,0.0,0.0,1.0,157.0,0.0,0.0,0.0,0.0,0.0,0.0,0.0,0.0,0.0,0.0,0.0,0.0,1.0,0.0,928.46198261,0.0,0.0,0.0,0.0,0.0,1.0,0.0,1.0
0.0,0.0,0.0,157.0,76.0,0.0,596.0,0.0,1.0,157.0,0.0,753.0,0.0,0.0,0.0,0.0,0.0,0.0,0.0,1.0,0.0,0.0,1.0,157.0,948.13537315,144.0,596.0,0.0,0.0,753.0,1.0,0.0,1.0
0.0,0.0,0.0,645.0,76.0,0.0,108.0,419.0,1.0,645.0,0.0,753.0,0.0,0.0,0.0,1.0,419.0,0.0,0.0,0.0,419.0,0.0,1.0,236.0,932.10929659,207.0,109.0,0.0,0.0,753.0,1.0,0.0,1.0
0.0,0.0,0.0,0.0,0.0,0.0,0.0,0.0,3.0,157.0,0.0,0.0,0.0,0.0,0.0,0.0,0.0,0.0,0.0,0.0,0.0,0.0,3.0,0.0,1019.1794533,0.0,0.0,0.0,0.0,0.0,1.0,0.0,1.0
0.0,443.0,1.0,299.0,90.0,0.0,594.0,54.0,1.0,299.0,132.0,893.0,443.0,89.0,0.0,1.0,54.0,88.0,0.0,0.0,54.0,0.0,1.0,211.0,948.13537315,450.0,593.0,0.0,0.0,450.0,1.0,0.0,1.0
0.0,1187.0,1.0,394.0,93.0,0.0,843.0,0.0,2.0,394.0,237.0,1237.0,1187.0,237.0,0.0,0.0,0.0,237.0,0.0,0.0,0.0,0.0,2.0,157.0,1001.2860974,0.0,842.0,0.0,0.0,50.0,1.0,0.0,1.0
0.0,0.0,0.0,0.0,0.0,0.0,0.0,351.0,3.0,508.0,0.0,0.0,0.0,0.0,0.0,0.0,351.0,0.0,0.0,0.0,0.0,3.0,3.0,0.0,1019.1794533,0.0,0.0,0.0,0.0,0.0,1.0,0.0,1.0
0.0,1269.0,1.0,841.0,63.0,0.0,442.0,420.0,4.0,841.0,379.0,1283.0,1269.0,254.0,0.0,0.0,420.0,253.0,0.0,0.0,420.0,0.0,4.0,252.0,1081.5037248,0.0,442.0,0.0,0.0,14.0,1.0,0.0,1.0
0.0,1127.0,1.0,883.0,89.0,367.0,611.0,501.0,3.0,883.0,337.0,1494.0,1127.0,225.0,0.0,0.0,501.0,225.0,1.0,0.0,501.0,0.0,3.0,235.0,1039.5159918,0.0,610.0,0.0,0.0,367.0,1.0,0.0,1.0
0.0,0.0,0.0,399.0,31.0,0.0,334.0,202.0,5.0,399.0,0.0,733.0,0.0,0.0,0.0,1.0,202.0,0.0,0.0,0.0,202.0,4.0,5.0,295.0,1127.3598212,733.0,334.0,0.0,0.0,733.0,1.0,0.0,1.0
0.0,75.0,1.0,75.0,8.0,0.0,0.0,0.0,1.0,172.0,0.0,75.0,75.0,15.0,0.0,0.0,0.0,15.0,0.0,0.0,0.0,0.0,1.0,60.0,928.46198261,0.0,0.0,0.0,0.0,0.0,1.0,0.0,1.0
0.0,0.0,0.0,0.0,0.0,0.0,0.0,457.0,3.0,614.0,0.0,0.0,0.0,0.0,0.0,0.0,457.0,0.0,0.0,0.0,0.0,0.0,3.0,0.0,1019.1794533,0.0,0.0,0.0,0.0,0.0,1.0,0.0,1.0
0.0,0.0,0.0,157.0,30.0,0.0,141.0,0.0,1.0,157.0,0.0,298.0,0.0,0.0,298.0,0.0,0.0,0.0,0.0,0.0,0.0,1.0,1.0,157.0,933.21454325,0.0,141.0,0.0,0.0,298.0,1.0,0.0,1.0
0.0,1324.0,1.0,893.0,65.0,0.0,431.0,461.0,4.0,893.0,396.0,1324.0,1324.0,265.0,0.0,0.0,466.0,264.0,0.0,0.0,461.0,3.0,4.0,252.0,1081.1721508,0.0,425.0,0.0,0.0,0.0,1.0,0.0,1.0
0.0,0.0,0.0,0.0,0.0,0.0,0.0,0.0,1.0,157.0,0.0,0.0,0.0,0.0,0.0,0.0,0.0,0.0,0.0,0.0,0.0,0.0,1.0,0.0,1031.3776121,0.0,0.0,0.0,0.0,0.0,1.0,0.0,1.0
0.0,0.0,0.0,0.0,0.0,0.0,0.0,517.0,2.0,674.0,0.0,0.0,0.0,0.0,0.0,0.0,517.0,0.0,0.0,0.0,0.0,0.0,2.0,0.0,915.93823093,0.0,0.0,0.0,0.0,0.0,1.0,0.0,1.0
0.0,0.0,0.0,719.0,73.0,0.0,0.0,590.0,1.0,774.0,0.0,719.0,0.0,0.0,51.0,0.0,589.0,0.0,0.0,1.0,535.0,0.0,1.0,181.0,1031.3776121,668.0,0.0,0.0,0.0,719.0,1.0,0.0,1.0
0.0,0.0,0.0,753.0,76.0,0.0,0.0,694.0,1.0,851.0,0.0,753.0,0.0,0.0,0.0,1.0,694.0,0.0,0.0,0.0,596.0,0.0,1.0,137.0,1031.3776121,361.0,0.0,0.0,0.0,753.0,1.0,0.0,1.0
0.0,0.0,0.0,0.0,0.0,0.0,0.0,0.0,3.0,157.0,0.0,0.0,0.0,0.0,0.0,0.0,0.0,0.0,0.0,0.0,0.0,0.0,3.0,0.0,809.71943629,0.0,0.0,0.0,0.0,0.0,1.0,0.0,1.0
0.0,2209.0,1.0,916.0,109.0,0.0,1293.0,307.0,4.0,916.0,661.0,2209.0,2209.0,442.0,0.0,0.0,307.0,441.0,0.0,0.0,307.0,0.0,4.0,252.0,1117.4025573,0.0,1292.0,0.0,0.0,0.0,1.0,0.0,1.0
0.0,0.0,0.0,0.0,0.0,0.0,0.0,517.0,1.0,674.0,0.0,0.0,0.0,0.0,0.0,0.0,517.0,0.0,0.0,0.0,0.0,0.0,1.0,0.0,1031.3776121,0.0,0.0,0.0,0.0,0.0,1.0,0.0,1.0
0.0,0.0,0.0,157.0,86.0,0.0,988.0,0.0,2.0,157.0,0.0,1145.0,0.0,0.0,412.0,1.0,0.0,0.0,0.0,0.0,0.0,0.0,2.0,157.0,1220.2176087,733.0,988.0,0.0,0.0,1145.0,1.0,0.0,1.0
0.0,0.0,0.0,422.0,100.0,0.0,569.0,265.0,1.0,422.0,0.0,991.0,0.0,0.0,0.0,1.0,265.0,0.0,0.0,0.0,265.0,0.0,1.0,235.0,1206.5687693,0.0,569.0,0.0,0.0,991.0,1.0,0.0,1.0
0.0,826.0,1.0,839.0,69.0,0.0,79.0,517.0,2.0,839.0,171.0,918.0,826.0,165.0,0.0,0.0,517.0,165.0,0.0,0.0,517.0,0.0,2.0,159.0,940.52646309,0.0,79.0,0.0,0.0,92.0,1.0,0.0,1.0
0.0,0.0,0.0,107.0,11.0,0.0,0.0,500.0,1.0,657.0,0.0,107.0,0.0,0.0,0.0,0.0,500.0,0.0,0.0,0.0,0.0,0.0,1.0,0.0,1031.3776121,0.0,0.0,0.0,0.0,107.0,1.0,0.0,1.0
0.0,0.0,0.0,0.0,0.0,0.0,0.0,0.0,2.0,157.0,0.0,0.0,0.0,0.0,0.0,0.0,0.0,0.0,0.0,0.0,0.0,0.0,2.0,0.0,915.93823093,0.0,0.0,0.0,0.0,0.0,1.0,0.0,1.0
94.0,0.0,0.0,157.0,76.0,0.0,596.0,0.0,1.0,157.0,0.0,753.0,0.0,0.0,0.0,0.0,0.0,0.0,0.0,1.0,0.0,0.0,1.0,157.0,1213.740337,0.0,596.0,94.0,0.0,753.0,1.0,0.0,1.0
0.0,262.0,1.0,262.0,26.0,0.0,0.0,517.0,1.0,726.0,0.0,262.0,262.0,52.0,0.0,0.0,517.0,52.0,0.0,0.0,53.0,0.0,1.0,0.0,1031.3776121,0.0,0.0,0.0,0.0,0.0,1.0,0.0,1.0
0.0,0.0,0.0,618.0,76.0,0.0,135.0,461.0,1.0,618.0,0.0,753.0,0.0,0.0,0.0,0.0,461.0,0.0,0.0,1.0,461.0,0.0,1.0,235.0,1073.3825093,60.0,135.0,0.0,0.0,753.0,1.0,0.0,1.0
0.0,0.0,0.0,630.0,47.0,0.0,0.0,517.0,2.0,674.0,0.0,630.0,0.0,0.0,0.0,0.0,517.0,0.0,0.0,0.0,473.0,0.0,2.0,113.0,915.93823093,0.0,0.0,0.0,0.0,630.0,1.0,0.0,1.0
0.0,62.0,1.0,535.0,82.0,0.0,280.0,280.0,1.0,535.0,18.0,815.0,0.0,12.0,0.0,0.0,280.0,12.0,0.0,1.0,280.0,0.0,1.0,235.0,1117.4364261,55.0,279.0,0.0,0.0,753.0,1.0,0.0,1.0
0.0,0.0,0.0,0.0,0.0,0.0,0.0,0.0,1.0,157.0,0.0,0.0,0.0,0.0,0.0,0.0,0.0,0.0,0.0,0.0,0.0,0.0,1.0,0.0,1031.3776121,0.0,0.0,0.0,0.0,0.0,1.0,0.0,1.0
0.0,0.0,0.0,479.0,84.0,0.0,349.0,322.0,1.0,479.0,0.0,828.0,0.0,0.0,0.0,1.0,321.0,0.0,0.0,0.0,322.0,0.0,1.0,236.0,1138.9511297,0.0,349.0,0.0,0.0,828.0,1.0,0.0,1.0
26.0,0.0,0.0,157.0,113.0,0.0,966.0,0.0,1.0,157.0,0.0,1123.0,0.0,0.0,0.0,0.0,0.0,0.0,0.0,1.0,0.0,0.0,1.0,157.0,1213.740337,0.0,966.0,26.0,0.0,1123.0,1.0,0.0,1.0
0.0,0.0,0.0,0.0,0.0,0.0,0.0,457.0,4.0,625.0,0.0,0.0,0.0,0.0,0.0,0.0,457.0,0.0,0.0,0.0,0.0,0.0,4.0,0.0,719.8927974,0.0,0.0,0.0,0.0,0.0,1.0,0.0,1.0
0.0,0.0,0.0,687.0,60.0,0.0,325.0,530.0,3.0,687.0,0.0,1012.0,0.0,0.0,0.0,1.0,530.0,0.0,0.0,0.0,530.0,0.0,3.0,236.0,910.12138655,733.0,326.0,0.0,0.0,1012.0,1.0,0.0,1.0
0.0,1030.0,1.0,797.0,51.0,0.0,233.0,423.0,4.0,797.0,309.0,1030.0,1030.0,206.0,0.0,0.0,423.0,206.0,0.0,0.0,423.0,0.0,4.0,252.0,791.60847558,0.0,233.0,0.0,0.0,0.0,1.0,0.0,1.0
700.0,0.0,0.0,157.0,49.0,0.0,332.0,0.0,1.0,157.0,0.0,489.0,0.0,0.0,0.0,1.0,0.0,0.0,0.0,0.0,0.0,0.0,1.0,157.0,1133.8285812,489.0,332.0,700.0,0.0,489.0,1.0,0.0,1.0
0.0,2445.0,1.0,715.0,90.0,0.0,1730.0,0.0,6.0,715.0,489.0,2445.0,2445.0,489.0,0.0,0.0,0.0,489.0,0.0,0.0,0.0,0.0,6.0,226.0,1071.9600482,0.0,1730.0,0.0,0.0,0.0,1.0,0.0,1.0
0.0,0.0,0.0,401.0,79.0,0.0,383.0,244.0,1.0,401.0,0.0,784.0,0.0,0.0,51.0,1.0,243.0,0.0,0.0,0.0,244.0,0.0,1.0,236.0,1149.1962265,733.0,383.0,0.0,0.0,784.0,1.0,0.0,1.0
0.0,0.0,0.0,563.0,112.0,0.0,547.0,406.0,1.0,563.0,0.0,1110.0,0.0,0.0,0.0,0.0,405.0,0.0,0.0,1.0,406.0,0.0,1.0,236.0,1200.421711,0.0,547.0,0.0,0.0,1110.0,1.0,0.0,1.0
0.0,0.0,0.0,646.0,70.0,0.0,47.0,489.0,1.0,646.0,0.0,693.0,0.0,0.0,51.0,1.0,489.0,0.0,0.0,0.0,489.0,0.0,1.0,235.0,1046.7452573,489.0,47.0,0.0,0.0,693.0,1.0,0.0,1.0
748.0,0.0,0.0,157.0,100.0,0.0,837.0,0.0,1.0,157.0,0.0,994.0,0.0,0.0,0.0,0.0,0.0,0.0,0.0,1.0,0.0,0.0,1.0,157.0,1213.740337,0.0,837.0,748.0,0.0,994.0,1.0,0.0,1.0
0.0,398.0,1.0,267.0,40.0,0.0,131.0,0.0,1.0,267.0,79.0,398.0,398.0,80.0,0.0,0.0,0.0,79.0,0.0,0.0,0.0,0.0,1.0,157.0,1072.3579993,0.0,131.0,0.0,0.0,0.0,1.0,0.0,1.0
0.0,0.0,0.0,157.0,61.0,0.0,868.0,0.0,3.0,157.0,0.0,1025.0,0.0,0.0,0.0,1.0,0.0,0.0,0.0,0.0,0.0,0.0,3.0,157.0,1077.1164659,689.0,868.0,0.0,0.0,1025.0,1.0,0.0,1.0
0.0,0.0,0.0,754.0,76.0,0.0,0.0,979.0,1.0,1136.0,0.0,754.0,0.0,0.0,0.0,0.0,979.0,0.0,0.0,1.0,597.0,1.0,1.0,0.0,1031.3776121,0.0,0.0,0.0,0.0,754.0,1.0,0.0,1.0
0.0,1218.0,1.0,411.0,123.0,0.0,2073.0,0.0,4.0,411.0,243.0,2484.0,1218.0,244.0,0.0,1.0,0.0,243.0,0.0,0.0,0.0,0.0,4.0,168.0,1357.1378248,27.0,2072.0,0.0,0.0,1266.0,1.0,0.0,1.0
0.0,91.0,1.0,291.0,66.0,0.0,1279.0,76.0,5.0,291.0,27.0,1570.0,0.0,18.0,0.0,0.0,76.0,18.0,0.0,0.0,76.0,0.0,5.0,273.0,1039.8700344,0.0,1279.0,0.0,0.0,1479.0,1.0,0.0,1.0
0.0,0.0,0.0,766.0,79.0,0.0,18.0,599.0,1.0,766.0,0.0,784.0,0.0,0.0,51.0,0.0,598.0,0.0,0.0,1.0,599.0,0.0,1.0,236.0,1037.5246701,733.0,18.0,0.0,0.0,784.0,1.0,0.0,1.0
0.0,0.0,0.0,716.0,76.0,0.0,37.0,559.0,1.0,716.0,0.0,753.0,0.0,0.0,0.0,1.0,559.0,0.0,0.0,0.0,559.0,0.0,1.0,235.0,1043.6717282,0.0,37.0,0.0,0.0,753.0,1.0,0.0,1.0
0.0,664.0,1.0,289.0,40.0,0.0,375.0,0.0,3.0,289.0,132.0,664.0,664.0,133.0,0.0,0.0,0.0,132.0,0.0,0.0,0.0,0.0,3.0,157.0,925.4890316,0.0,374.0,0.0,0.0,0.0,1.0,0.0,1.0
0.0,0.0,0.0,532.0,98.0,0.0,437.0,375.0,1.0,532.0,0.0,969.0,0.0,0.0,0.0,0.0,375.0,0.0,0.0,1.0,375.0,0.0,1.0,235.0,1166.6128909,0.0,437.0,0.0,0.0,969.0,1.0,0.0,1.0
0.0,0.0,0.0,0.0,0.0,0.0,0.0,0.0,5.0,197.0,0.0,0.0,0.0,0.0,0.0,0.0,0.0,0.0,0.0,0.0,0.0,0.0,5.0,0.0,646.45831288,0.0,0.0,0.0,0.0,0.0,1.0,0.0,1.0
0.0,0.0,0.0,46.0,3.0,0.0,0.0,0.0,2.0,157.0,0.0,46.0,0.0,0.0,0.0,0.0,0.0,0.0,0.0,0.0,0.0,0.0,2.0,46.0,915.93823036,0.0,0.0,0.0,0.0,46.0,1.0,0.0,1.0
0.0,1539.0,1.0,981.0,115.0,0.0,558.0,517.0,2.0,981.0,307.0,1539.0,1539.0,308.0,0.0,0.0,517.0,307.0,0.0,0.0,517.0,0.0,2.0,157.0,1088.0558587,0.0,557.0,0.0,0.0,0.0,1.0,0.0,1.0
0.0,0.0,0.0,377.0,77.0,298.0,654.0,220.0,2.0,377.0,0.0,1031.0,0.0,0.0,0.0,1.0,220.0,0.0,1.0,0.0,220.0,0.0,2.0,235.0,1117.7666396,733.0,654.0,0.0,0.0,1031.0,1.0,0.0,1.0
0.0,1290.0,1.0,926.0,71.0,0.0,514.0,500.0,4.0,926.0,387.0,1440.0,1290.0,258.0,0.0,0.0,500.0,258.0,0.0,0.0,500.0,0.0,4.0,252.0,878.6917991,0.0,514.0,0.0,0.0,150.0,1.0,0.0,1.0
0.0,0.0,0.0,157.0,74.0,0.0,576.0,0.0,1.0,157.0,0.0,733.0,0.0,0.0,0.0,1.0,0.0,0.0,0.0,0.0,0.0,0.0,1.0,157.0,1208.6177882,733.0,576.0,0.0,0.0,733.0,1.0,0.0,1.0
0.0,0.0,0.0,291.0,49.0,0.0,198.0,134.0,1.0,291.0,0.0,489.0,0.0,0.0,0.0,1.0,134.0,0.0,0.0,0.0,134.0,0.0,1.0,235.0,1092.8481932,489.0,198.0,0.0,0.0,489.0,1.0,0.0,1.0
0.0,0.0,0.0,0.0,0.0,0.0,0.0,0.0,1.0,157.0,0.0,0.0,0.0,0.0,0.0,0.0,0.0,0.0,0.0,0.0,0.0,0.0,1.0,0.0,1031.3776121,0.0,0.0,0.0,0.0,0.0,1.0,0.0,1.0
50.0,207.0,1.0,207.0,21.0,0.0,0.0,47.0,1.0,245.0,24.0,207.0,207.0,41.0,0.0,0.0,0.0,41.0,0.0,0.0,9.0,0.0,1.0,166.0,1031.3776121,0.0,0.0,50.0,0.0,0.0,1.0,0.0,1.0
0.0,0.0,0.0,0.0,0.0,0.0,0.0,0.0,2.0,157.0,0.0,0.0,0.0,0.0,0.0,0.0,0.0,0.0,0.0,0.0,0.0,0.0,2.0,0.0,915.93823036,0.0,0.0,0.0,0.0,0.0,1.0,0.0,1.0
0.0,0.0,0.0,361.0,21.0,0.0,0.0,455.0,3.0,612.0,0.0,361.0,0.0,0.0,0.0,0.0,455.0,0.0,0.0,0.0,204.0,0.0,3.0,0.0,809.71943629,0.0,0.0,0.0,0.0,361.0,1.0,0.0,1.0
0.0,0.0,0.0,108.0,8.0,0.0,0.0,51.0,2.0,208.0,0.0,108.0,0.0,0.0,0.0,0.0,51.0,0.0,0.0,0.0,0.0,0.0,2.0,108.0,915.93823036,0.0,0.0,0.0,0.0,108.0,1.0,0.0,1.0
0.0,989.0,1.0,510.0,49.0,0.0,479.0,145.0,4.0,510.0,295.0,989.0,989.0,198.0,0.0,0.0,145.0,197.0,0.0,0.0,145.0,0.0,4.0,252.0,867.42219258,0.0,478.0,0.0,0.0,0.0,1.0,0.0,1.0
0.0,0.0,0.0,150.0,11.0,0.0,0.0,517.0,2.0,674.0,0.0,150.0,0.0,0.0,0.0,0.0,517.0,0.0,0.0,0.0,0.0,0.0,2.0,0.0,915.93823036,0.0,0.0,0.0,0.0,150.0,1.0,0.0,1.0
0.0,2329.0,1.0,706.0,100.0,0.0,2347.0,0.0,7.0,706.0,465.0,3053.0,2329.0,466.0,0.0,1.0,0.0,465.0,0.0,0.0,0.0,0.0,7.0,226.0,1214.6971087,724.0,2347.0,0.0,0.0,724.0,1.0,0.0,1.0
0.0,677.0,1.0,361.0,72.0,0.0,1588.0,0.0,6.0,361.0,135.0,1949.0,677.0,135.0,0.0,0.0,0.0,135.0,0.0,0.0,0.0,0.0,6.0,226.0,1028.930641,0.0,1587.0,0.0,0.0,1272.0,1.0,0.0,1.0
0.0,0.0,0.0,178.0,102.0,0.0,827.0,21.0,1.0,178.0,0.0,1005.0,0.0,0.0,0.0,1.0,21.0,0.0,0.0,0.0,21.0,0.0,1.0,178.0,1213.7403366,0.0,827.0,0.0,0.0,1005.0,1.0,0.0,1.0
0.0,1434.0,1.0,786.0,71.0,0.0,648.0,332.0,4.0,786.0,429.0,1434.0,0.0,287.0,0.0,0.0,332.0,286.0,0.0,0.0,332.0,0.0,4.0,252.0,919.67218704,0.0,647.0,0.0,0.0,0.0,1.0,0.0,1.0
0.0,0.0,0.0,939.0,122.0,0.0,693.0,74.0,2.0,939.0,0.0,1632.0,0.0,0.0,0.0,0.0,74.0,0.0,0.0,2.0,74.0,0.0,2.0,231.0,1129.0362464,0.0,693.0,0.0,0.0,1632.0,1.0,0.0,1.0
0.0,0.0,0.0,0.0,0.0,0.0,0.0,0.0,2.0,157.0,0.0,0.0,0.0,0.0,0.0,0.0,0.0,0.0,0.0,0.0,0.0,0.0,2.0,0.0,915.93823093,0.0,0.0,0.0,0.0,0.0,1.0,0.0,1.0
0.0,1180.0,1.0,393.0,88.0,0.0,787.0,0.0,2.0,393.0,236.0,1180.0,1180.0,236.0,0.0,0.0,0.0,236.0,0.0,0.0,0.0,0.0,2.0,157.0,1158.7470271,0.0,787.0,0.0,0.0,0.0,1.0,0.0,1.0
0.0,424.0,1.0,281.0,75.0,0.0,1501.0,0.0,5.0,281.0,84.0,1782.0,0.0,85.0,0.0,1.0,0.0,84.0,0.0,0.0,0.0,0.0,5.0,197.0,1108.5121833,420.0,1500.0,0.0,0.0,1358.0,1.0,0.0,1.0
0.0,1195.0,1.0,913.0,71.0,0.0,282.0,517.0,3.0,913.0,318.0,1195.0,1195.0,239.0,0.0,0.0,517.0,239.0,0.0,0.0,517.0,0.0,3.0,195.0,896.80276029,0.0,282.0,0.0,0.0,0.0,1.0,0.0,1.0
0.0,0.0,0.0,219.0,74.0,0.0,514.0,62.0,1.0,219.0,0.0,733.0,0.0,0.0,0.0,1.0,62.0,0.0,0.0,0.0,62.0,0.0,1.0,219.0,1190.1766141,733.0,514.0,0.0,0.0,733.0,1.0,0.0,1.0
0.0,0.0,0.0,0.0,0.0,0.0,0.0,0.0,1.0,157.0,0.0,0.0,0.0,0.0,0.0,0.0,0.0,0.0,0.0,0.0,0.0,0.0,1.0,0.0,1031.3776116,0.0,0.0,0.0,0.0,0.0,1.0,0.0,1.0
0.0,0.0,0.0,0.0,0.0,0.0,0.0,0.0,2.0,157.0,0.0,0.0,0.0,0.0,0.0,0.0,0.0,0.0,0.0,0.0,0.0,0.0,2.0,0.0,915.93823036,0.0,0.0,0.0,0.0,0.0,1.0,0.0,1.0
0.0,0.0,0.0,472.0,74.0,0.0,261.0,315.0,1.0,472.0,0.0,733.0,0.0,0.0,0.0,0.0,315.0,0.0,0.0,1.0,315.0,0.0,1.0,235.0,1112.3138775,733.0,261.0,0.0,0.0,733.0,1.0,0.0,1.0
0.0,0.0,0.0,674.0,61.0,0.0,356.0,517.0,3.0,674.0,0.0,1030.0,0.0,0.0,0.0,0.0,517.0,0.0,0.0,0.0,517.0,0.0,3.0,157.0,919.34197278,0.0,356.0,0.0,0.0,1030.0,1.0,0.0,1.0
0.0,0.0,0.0,0.0,0.0,0.0,0.0,517.0,1.0,674.0,0.0,0.0,0.0,0.0,0.0,0.0,517.0,0.0,0.0,0.0,0.0,0.0,1.0,0.0,1031.3776116,0.0,0.0,0.0,0.0,0.0,1.0,0.0,1.0
0.0,1477.0,1.0,789.0,73.0,0.0,688.0,326.0,4.0,789.0,442.0,1477.0,1477.0,295.0,0.0,0.0,326.0,295.0,0.0,0.0,326.0,0.0,4.0,252.0,931.96630329,0.0,687.0,0.0,0.0,0.0,1.0,0.0,1.0
2.0,959.0,1.0,563.0,57.0,0.0,396.0,215.0,3.0,563.0,287.0,959.0,959.0,192.0,0.0,0.0,215.0,191.0,0.0,0.0,215.0,0.0,3.0,236.0,931.6360894,0.0,395.0,2.0,0.0,0.0,1.0,0.0,1.0
0.0,0.0,0.0,674.0,44.0,436.0,62.0,517.0,3.0,674.0,0.0,736.0,0.0,0.0,0.0,0.0,517.0,0.0,1.0,0.0,517.0,0.0,3.0,157.0,829.18512029,0.0,0.0,0.0,0.0,736.0,1.0,0.0,1.0
0.0,0.0,0.0,0.0,0.0,0.0,0.0,51.0,4.0,219.0,0.0,0.0,0.0,0.0,0.0,0.0,51.0,0.0,0.0,0.0,0.0,0.0,4.0,0.0,719.89279667,0.0,0.0,0.0,0.0,0.0,1.0,0.0,1.0
0.0,1204.0,1.0,914.0,90.0,0.0,290.0,517.0,2.0,914.0,240.0,1204.0,1204.0,241.0,0.0,0.0,517.0,240.0,0.0,0.0,517.0,0.0,2.0,157.0,1005.0705734,0.0,289.0,0.0,0.0,0.0,1.0,0.0,1.0
0.0,2967.0,1.0,969.0,125.0,0.0,1998.0,179.0,5.0,969.0,772.0,2967.0,2967.0,593.0,0.0,0.0,179.0,593.0,0.0,0.0,179.0,0.0,5.0,296.0,1261.1641276,0.0,1997.0,0.0,0.0,0.0,1.0,0.0,1.0
0.0,1790.0,1.0,551.0,88.0,0.0,1239.0,25.0,4.0,551.0,383.0,1790.0,1790.0,358.0,0.0,0.0,25.0,358.0,0.0,0.0,25.0,0.0,4.0,193.0,1101.0104021,0.0,1240.0,0.0,0.0,0.0,1.0,0.0,1.0
0.0,0.0,0.0,0.0,0.0,0.0,0.0,0.0,1.0,157.0,0.0,0.0,0.0,0.0,0.0,0.0,0.0,0.0,0.0,0.0,0.0,0.0,1.0,0.0,1031.3776116,0.0,0.0,0.0,0.0,0.0,1.0,0.0,1.0
0.0,0.0,0.0,0.0,0.0,0.0,0.0,517.0,7.0,743.0,0.0,0.0,0.0,0.0,0.0,0.0,517.0,0.0,0.0,0.0,0.0,7.0,7.0,0.0,492.41777669,0.0,0.0,0.0,0.0,0.0,1.0,0.0,1.0
0.0,0.0,0.0,768.0,58.0,0.0,0.0,643.0,2.0,800.0,0.0,768.0,0.0,0.0,0.0,1.0,642.0,0.0,0.0,0.0,611.0,0.0,2.0,204.0,915.93823093,0.0,0.0,0.0,0.0,768.0,1.0,0.0,1.0
0.0,0.0,0.0,0.0,0.0,0.0,0.0,0.0,1.0,197.0,0.0,0.0,0.0,0.0,0.0,0.0,0.0,0.0,0.0,0.0,0.0,0.0,1.0,0.0,993.50998732,0.0,0.0,0.0,0.0,0.0,1.0,0.0,1.0
2.0,0.0,0.0,194.0,99.0,0.0,791.0,37.0,1.0,194.0,0.0,985.0,0.0,0.0,0.0,1.0,37.0,0.0,0.0,0.0,37.0,0.0,1.0,194.0,1376.0695217,0.0,791.0,2.0,0.0,985.0,1.0,0.0,1.0
0.0,2113.0,1.0,648.0,62.0,0.0,1465.0,0.0,8.0,648.0,422.0,2113.0,2113.0,423.0,0.0,0.0,0.0,422.0,0.0,0.0,0.0,0.0,8.0,226.0,1013.5395166,0.0,1464.0,0.0,0.0,0.0,1.0,0.0,1.0
0.0,963.0,1.0,735.0,72.0,0.0,228.0,386.0,2.0,735.0,288.0,963.0,963.0,193.0,0.0,0.0,386.0,192.0,0.0,0.0,386.0,0.0,2.0,235.0,958.60664338,0.0,227.0,0.0,0.0,0.0,1.0,0.0,1.0
0.0,0.0,0.0,157.0,30.0,0.0,243.0,0.0,2.0,157.0,0.0,400.0,0.0,0.0,0.0,0.0,0.0,0.0,0.0,0.0,0.0,0.0,2.0,157.0,967.20348461,0.0,243.0,0.0,0.0,400.0,1.0,0.0,1.0
0.0,449.0,1.0,449.0,22.0,0.0,0.0,361.0,4.0,618.0,0.0,449.0,449.0,90.0,0.0,0.0,361.0,89.0,0.0,0.0,192.0,0.0,4.0,83.0,516.98647702,0.0,0.0,0.0,0.0,0.0,1.0,0.0,1.0
0.0,0.0,0.0,0.0,0.0,0.0,0.0,0.0,1.0,157.0,0.0,0.0,0.0,0.0,0.0,0.0,0.0,0.0,0.0,0.0,0.0,0.0,1.0,0.0,993.50998732,0.0,0.0,0.0,0.0,0.0,1.0,0.0,1.0
232.0,1021.0,1.0,416.0,79.0,0.0,638.0,55.0,2.0,416.0,259.0,1054.0,1021.0,204.0,0.0,0.0,55.0,204.0,0.0,0.0,55.0,0.0,2.0,212.0,1222.9595795,0.0,638.0,232.0,0.0,33.0,1.0,0.0,1.0
0.0,120.0,1.0,120.0,9.0,0.0,0.0,351.0,2.0,532.0,0.0,120.0,120.0,24.0,0.0,0.0,351.0,24.0,0.0,0.0,0.0,0.0,2.0,0.0,810.31109053,0.0,0.0,0.0,0.0,0.0,1.0,0.0,1.0
0.0,0.0,0.0,0.0,0.0,0.0,0.0,261.0,1.0,418.0,0.0,0.0,0.0,0.0,0.0,0.0,261.0,0.0,0.0,0.0,0.0,0.0,1.0,0.0,993.50998732,0.0,0.0,0.0,0.0,0.0,1.0,0.0,1.0
0.0,0.0,0.0,495.0,67.0,0.0,165.0,338.0,1.0,495.0,0.0,660.0,0.0,0.0,0.0,1.0,338.0,0.0,0.0,0.0,338.0,0.0,1.0,236.0,1100.9705294,660.0,165.0,0.0,0.0,660.0,1.0,0.0,1.0
0.0,2259.0,1.0,960.0,112.0,0.0,1299.0,341.0,4.0,960.0,676.0,2259.0,2259.0,452.0,0.0,0.0,341.0,451.0,0.0,0.0,341.0,2.0,4.0,252.0,1355.1787137,0.0,1297.0,0.0,0.0,0.0,1.0,0.0,1.0
0.0,0.0,0.0,378.0,76.0,0.0,375.0,221.0,1.0,378.0,0.0,753.0,0.0,0.0,0.0,0.0,221.0,0.0,0.0,1.0,221.0,0.0,1.0,235.0,1236.3708151,67.0,375.0,0.0,0.0,753.0,1.0,0.0,1.0
0.0,1961.0,1.0,677.0,117.0,0.0,1284.0,128.0,3.0,677.0,520.0,1961.0,1961.0,392.0,0.0,0.0,128.0,392.0,0.0,0.0,128.0,0.0,3.0,235.0,1476.0504944,0.0,1284.0,0.0,0.0,0.0,1.0,0.0,1.0
0.0,0.0,0.0,679.0,74.0,0.0,812.0,511.0,4.0,679.0,0.0,1491.0,0.0,0.0,0.0,1.0,511.0,0.0,0.0,0.0,511.0,0.0,4.0,252.0,1041.3939281,622.0,812.0,0.0,0.0,1491.0,1.0,0.0,1.0
0.0,2023.0,1.0,561.0,120.0,0.0,1462.0,0.0,3.0,561.0,404.0,2023.0,2023.0,404.0,0.0,0.0,0.0,404.0,0.0,0.0,0.0,1.0,3.0,157.0,1589.9586697,0.0,1461.0,0.0,0.0,0.0,1.0,0.0,1.0
0.0,483.0,1.0,368.0,66.0,0.0,742.0,115.0,3.0,368.0,144.0,1110.0,483.0,96.0,0.0,0.0,115.0,96.0,0.0,0.0,115.0,0.0,3.0,236.0,1125.729121,0.0,741.0,0.0,0.0,627.0,1.0,0.0,1.0
0.0,1127.0,1.0,561.0,67.0,0.0,566.0,179.0,3.0,561.0,338.0,1127.0,0.0,225.0,0.0,0.0,179.0,225.0,0.0,0.0,179.0,0.0,3.0,236.0,1011.820945,0.0,565.0,0.0,0.0,0.0,1.0,0.0,1.0
0.0,0.0,0.0,0.0,0.0,0.0,0.0,457.0,4.0,625.0,0.0,0.0,0.0,0.0,0.0,0.0,457.0,0.0,0.0,0.0,0.0,0.0,4.0,0.0,516.98647702,0.0,0.0,0.0,0.0,0.0,1.0,0.0,1.0
0.0,0.0,0.0,733.0,74.0,0.0,0.0,619.0,1.0,776.0,0.0,733.0,0.0,0.0,0.0,1.0,619.0,0.0,0.0,0.0,576.0,0.0,1.0,192.0,993.50998732,733.0,0.0,0.0,0.0,733.0,1.0,0.0,1.0
0.0,727.0,1.0,604.0,64.0,0.0,473.0,302.0,3.0,604.0,218.0,1077.0,727.0,145.0,0.0,0.0,302.0,145.0,0.0,0.0,302.0,0.0,3.0,236.0,951.64304096,0.0,472.0,0.0,0.0,350.0,1.0,0.0,1.0
0.0,0.0,0.0,0.0,0.0,0.0,0.0,0.0,1.0,157.0,0.0,0.0,0.0,0.0,0.0,0.0,0.0,0.0,0.0,0.0,0.0,0.0,1.0,0.0,993.50998732,0.0,0.0,0.0,0.0,0.0,1.0,0.0,1.0
0.0,0.0,0.0,100.0,3.0,0.0,0.0,76.0,7.0,302.0,0.0,100.0,0.0,0.0,0.0,0.0,76.0,0.0,0.0,0.0,0.0,0.0,7.0,74.0,216.69825367,0.0,0.0,0.0,0.0,100.0,1.0,0.0,1.0
0.0,0.0,0.0,0.0,0.0,0.0,0.0,517.0,2.0,674.0,0.0,0.0,0.0,0.0,0.0,0.0,517.0,0.0,0.0,0.0,0.0,0.0,2.0,0.0,810.31109053,0.0,0.0,0.0,0.0,0.0,1.0,0.0,1.0
0.0,0.0,0.0,580.0,96.0,0.0,1027.0,0.0,3.0,580.0,0.0,1607.0,0.0,0.0,0.0,0.0,0.0,0.0,0.0,2.0,0.0,0.0,3.0,157.0,1310.5612558,0.0,1027.0,0.0,0.0,1607.0,1.0,0.0,1.0
0.0,0.0,0.0,0.0,0.0,0.0,0.0,496.0,1.0,653.0,0.0,0.0,0.0,0.0,0.0,0.0,496.0,0.0,0.0,0.0,0.0,0.0,1.0,0.0,993.50998732,0.0,0.0,0.0,0.0,0.0,1.0,0.0,1.0
0.0,0.0,0.0,333.0,25.0,505.0,172.0,165.0,4.0,333.0,0.0,505.0,0.0,0.0,0.0,0.0,164.0,0.0,1.0,0.0,165.0,0.0,4.0,252.0,628.74543875,0.0,172.0,0.0,0.0,505.0,1.0,0.0,1.0
0.0,40.0,1.0,625.0,65.0,0.0,1142.0,391.0,6.0,625.0,12.0,1767.0,0.0,8.0,0.0,1.0,391.0,8.0,0.0,0.0,391.0,0.0,6.0,339.0,995.22855896,733.0,1142.0,0.0,0.0,1727.0,1.0,0.0,1.0
0.0,0.0,0.0,484.0,71.0,0.0,465.0,327.0,2.0,484.0,0.0,949.0,0.0,0.0,0.0,0.0,327.0,0.0,0.0,1.0,327.0,0.0,2.0,235.0,1111.2006141,0.0,465.0,0.0,0.0,949.0,1.0,0.0,1.0
0.0,1020.0,1.0,689.0,84.0,0.0,431.0,328.0,2.0,689.0,306.0,1120.0,1020.0,204.0,0.0,0.0,328.0,204.0,0.0,0.0,328.0,0.0,2.0,236.0,1089.7085058,0.0,430.0,0.0,0.0,100.0,1.0,0.0,1.0
0.0,0.0,0.0,475.0,20.0,0.0,0.0,517.0,5.0,714.0,0.0,475.0,0.0,0.0,0.0,0.0,517.0,0.0,0.0,0.0,278.0,0.0,5.0,0.0,421.90522779,0.0,0.0,0.0,0.0,475.0,1.0,0.0,1.0
0.0,437.0,1.0,763.0,91.0,0.0,458.0,519.0,2.0,763.0,131.0,1221.0,437.0,87.0,51.0,1.0,519.0,87.0,0.0,0.0,519.0,0.0,2.0,236.0,1106.9021914,733.0,458.0,0.0,0.0,784.0,1.0,0.0,1.0
0.0,0.0,0.0,392.0,40.0,0.0,0.0,517.0,1.0,674.0,0.0,392.0,0.0,0.0,0.0,0.0,517.0,0.0,0.0,0.0,235.0,0.0,1.0,0.0,993.50998732,0.0,0.0,0.0,0.0,392.0,1.0,0.0,1.0
0.0,0.0,0.0,157.0,81.0,0.0,647.0,0.0,1.0,157.0,0.0,804.0,0.0,0.0,51.0,1.0,0.0,0.0,0.0,0.0,0.0,0.0,1.0,157.0,1376.0695217,18.0,647.0,0.0,0.0,804.0,1.0,0.0,1.0
0.0,0.0,0.0,157.0,99.0,0.0,823.0,0.0,1.0,157.0,0.0,980.0,0.0,0.0,0.0,1.0,0.0,0.0,0.0,0.0,0.0,0.0,1.0,157.0,1376.0695217,0.0,823.0,0.0,0.0,980.0,1.0,0.0,1.0
305.0,1066.0,1.0,765.0,108.0,0.0,301.0,395.0,1.0,765.0,319.0,1066.0,1066.0,213.0,0.0,0.0,395.0,213.0,0.0,0.0,395.0,0.0,1.0,235.0,1189.0881756,0.0,300.0,305.0,0.0,0.0,1.0,0.0,1.0
0.0,365.0,1.0,565.0,34.0,0.0,0.0,517.0,3.0,747.0,0.0,565.0,365.0,73.0,0.0,0.0,517.0,73.0,0.0,0.0,335.0,0.0,3.0,0.0,646.45509668,0.0,0.0,0.0,0.0,200.0,1.0,0.0,1.0
0.0,0.0,0.0,0.0,0.0,0.0,0.0,467.0,4.0,635.0,0.0,0.0,0.0,0.0,0.0,0.0,457.0,0.0,0.0,0.0,0.0,0.0,4.0,0.0,516.98647702,0.0,0.0,0.0,0.0,0.0,1.0,0.0,1.0
1010.0,0.0,0.0,892.0,109.0,0.0,186.0,320.0,1.0,892.0,0.0,1078.0,0.0,0.0,0.0,0.0,320.0,0.0,0.0,1.0,320.0,0.0,1.0,235.0,1113.8657951,0.0,186.0,1010.0,0.0,1078.0,1.0,0.0,1.0
0.0,0.0,0.0,649.0,76.0,0.0,104.0,492.0,1.0,649.0,0.0,753.0,0.0,0.0,0.0,1.0,492.0,0.0,0.0,0.0,492.0,0.0,1.0,235.0,1062.2847336,108.0,104.0,0.0,0.0,753.0,1.0,0.0,1.0
0.0,643.0,1.0,751.0,86.0,0.0,696.0,466.0,3.0,751.0,192.0,1447.0,643.0,129.0,51.0,1.0,466.0,128.0,0.0,0.0,466.0,0.0,3.0,235.0,1095.6401697,74.0,695.0,0.0,0.0,804.0,1.0,0.0,1.0
95.0,0.0,0.0,336.0,23.0,0.0,43.0,179.0,3.0,336.0,0.0,379.0,0.0,0.0,0.0,0.0,179.0,0.0,0.0,0.0,179.0,0.0,3.0,235.0,674.39483753,0.0,43.0,95.0,0.0,379.0,1.0,0.0,1.0
0.0,0.0,0.0,733.0,74.0,0.0,0.0,594.0,1.0,751.0,0.0,733.0,0.0,0.0,0.0,1.0,594.0,0.0,0.0,0.0,576.0,0.0,1.0,217.0,993.50998418,733.0,0.0,0.0,0.0,733.0,1.0,0.0,1.0
0.0,0.0,0.0,383.0,23.0,0.0,0.0,344.0,3.0,501.0,0.0,383.0,0.0,0.0,0.0,0.0,344.0,0.0,0.0,0.0,226.0,0.0,3.0,117.0,646.45509185,0.0,0.0,0.0,0.0,383.0,1.0,0.0,1.0
0.0,513.0,1.0,513.0,25.0,0.0,0.0,279.0,4.0,549.0,117.0,513.0,513.0,103.0,0.0,0.0,0.0,102.0,0.0,0.0,243.0,0.0,4.0,216.0,516.98647099,0.0,0.0,0.0,0.0,0.0,1.0,0.0,1.0
0.0,0.0,0.0,507.0,116.0,0.0,1037.0,158.0,2.0,507.0,0.0,1544.0,0.0,0.0,0.0,0.0,157.0,0.0,0.0,2.0,158.0,0.0,2.0,236.0,1480.8648843,0.0,1037.0,0.0,0.0,1544.0,1.0,0.0,1.0
0.0,0.0,0.0,611.0,87.0,0.0,853.0,454.0,3.0,611.0,0.0,1464.0,0.0,0.0,51.0,1.0,454.0,0.0,0.0,0.0,454.0,0.0,3.0,236.0,1196.6530771,1112.0,853.0,0.0,0.0,1464.0,1.0,0.0,1.0
0.0,0.0,0.0,366.0,56.0,0.0,387.0,209.0,2.0,366.0,0.0,753.0,0.0,0.0,0.0,1.0,209.0,0.0,0.0,1.0,209.0,0.0,2.0,235.0,1061.7687634,61.0,387.0,0.0,0.0,753.0,1.0,0.0,1.0
0.0,1392.0,1.0,814.0,104.0,0.0,578.0,379.0,2.0,814.0,417.0,1392.0,1392.0,278.0,0.0,0.0,379.0,278.0,0.0,0.0,379.0,0.0,2.0,236.0,1184.2737823,0.0,578.0,0.0,0.0,0.0,1.0,0.0,1.0
0.0,190.0,1.0,690.0,70.0,0.0,0.0,510.0,1.0,705.0,42.0,690.0,190.0,38.0,0.0,0.0,510.0,38.0,0.0,1.0,495.0,0.0,1.0,221.0,993.50998418,0.0,0.0,0.0,0.0,500.0,1.0,0.0,1.0
0.0,0.0,0.0,219.0,55.0,0.0,514.0,62.0,2.0,219.0,0.0,733.0,0.0,0.0,0.0,0.0,62.0,0.0,0.0,1.0,62.0,2.0,2.0,219.0,1143.4387764,733.0,514.0,0.0,0.0,733.0,1.0,0.0,1.0
0.0,2693.0,1.0,1801.0,114.0,0.0,892.0,391.0,5.0,1801.0,807.0,2693.0,2693.0,538.0,0.0,0.0,391.0,538.0,0.0,0.0,391.0,0.0,5.0,296.0,997.89373818,0.0,892.0,0.0,0.0,0.0,1.0,0.0,1.0
0.0,0.0,0.0,659.0,77.0,0.0,108.0,502.0,1.0,659.0,0.0,767.0,0.0,0.0,0.0,1.0,502.0,0.0,0.0,0.0,502.0,0.0,1.0,235.0,1064.4339423,0.0,108.0,0.0,0.0,767.0,1.0,0.0,1.0
0.0,395.0,1.0,395.0,30.0,0.0,0.0,517.0,2.0,753.0,0.0,395.0,395.0,79.0,0.0,0.0,517.0,79.0,0.0,0.0,159.0,0.0,2.0,0.0,810.31109053,0.0,0.0,0.0,0.0,0.0,1.0,0.0,1.0
0.0,0.0,0.0,0.0,0.0,0.0,0.0,0.0,1.0,157.0,0.0,0.0,0.0,0.0,0.0,0.0,0.0,0.0,0.0,0.0,0.0,0.0,1.0,0.0,993.50998418,0.0,0.0,0.0,0.0,0.0,1.0,0.0,1.0
24.0,958.0,1.0,393.0,97.0,0.0,565.0,45.0,1.0,393.0,236.0,958.0,958.0,192.0,0.0,0.0,45.0,191.0,0.0,0.0,45.0,0.0,1.0,202.0,1358.8758322,0.0,565.0,24.0,0.0,0.0,1.0,0.0,1.0
0.0,0.0,0.0,0.0,0.0,0.0,0.0,0.0,4.0,168.0,0.0,0.0,0.0,0.0,0.0,0.0,0.0,0.0,0.0,0.0,0.0,0.0,4.0,0.0,516.98647702,0.0,0.0,0.0,0.0,0.0,1.0,0.0,1.0
0.0,0.0,0.0,0.0,0.0,0.0,0.0,517.0,3.0,674.0,0.0,0.0,0.0,0.0,0.0,0.0,517.0,0.0,0.0,0.0,0.0,0.0,3.0,0.0,646.45509668,0.0,0.0,0.0,0.0,0.0,1.0,0.0,1.0
2602.0,0.0,0.0,208.0,109.0,0.0,870.0,51.0,1.0,208.0,0.0,1078.0,0.0,0.0,0.0,0.0,50.0,0.0,0.0,1.0,51.0,0.0,1.0,208.0,1376.0695217,0.0,870.0,2602.0,0.0,1078.0,1.0,0.0,1.0
0.0,913.0,1.0,759.0,68.0,0.0,154.0,420.0,2.0,759.0,273.0,913.0,0.0,183.0,0.0,0.0,420.0,182.0,0.0,0.0,420.0,0.0,2.0,235.0,911.32400072,0.0,154.0,0.0,0.0,0.0,1.0,0.0,1.0
0.0,0.0,0.0,0.0,0.0,0.0,0.0,517.0,3.0,674.0,0.0,0.0,0.0,0.0,0.0,0.0,517.0,0.0,0.0,0.0,0.0,2.0,3.0,0.0,646.45509185,0.0,0.0,0.0,0.0,0.0,1.0,0.0,1.0
0.0,0.0,0.0,0.0,0.0,0.0,0.0,517.0,1.0,674.0,0.0,0.0,0.0,0.0,0.0,0.0,517.0,0.0,0.0,0.0,0.0,0.0,1.0,0.0,993.50998418,0.0,0.0,0.0,0.0,0.0,1.0,0.0,1.0
0.0,735.0,1.0,527.0,64.0,0.0,331.0,223.0,2.0,527.0,220.0,858.0,735.0,147.0,0.0,0.0,223.0,147.0,0.0,0.0,223.0,0.0,2.0,235.0,1025.2321766,0.0,331.0,0.0,0.0,123.0,1.0,0.0,1.0
0.0,0.0,0.0,594.0,47.0,0.0,203.0,437.0,3.0,594.0,0.0,797.0,0.0,0.0,0.0,0.0,437.0,0.0,0.0,0.0,437.0,0.0,3.0,235.0,777.55695611,0.0,204.0,0.0,0.0,797.0,1.0,0.0,1.0
0.0,0.0,0.0,439.0,84.0,0.0,391.0,282.0,1.0,439.0,0.0,830.0,0.0,0.0,0.0,0.0,281.0,0.0,0.0,1.0,282.0,0.0,1.0,236.0,1247.1168689,0.0,391.0,0.0,0.0,830.0,1.0,0.0,1.0
0.0,828.0,1.0,585.0,84.0,0.0,243.0,263.0,1.0,585.0,247.0,828.0,0.0,166.0,0.0,0.0,263.0,165.0,0.0,0.0,263.0,0.0,1.0,235.0,1150.4023806,0.0,242.0,0.0,0.0,0.0,1.0,0.0,1.0
0.0,0.0,0.0,0.0,0.0,0.0,0.0,517.0,3.0,674.0,0.0,0.0,0.0,0.0,0.0,0.0,517.0,0.0,0.0,0.0,0.0,0.0,3.0,0.0,646.45509185,0.0,0.0,0.0,0.0,0.0,1.0,0.0,1.0
0.0,0.0,0.0,638.0,81.0,0.0,166.0,481.0,1.0,638.0,0.0,804.0,0.0,0.0,51.0,0.0,480.0,0.0,0.0,1.0,481.0,0.0,1.0,236.0,1100.9705294,380.0,166.0,0.0,0.0,804.0,1.0,0.0,1.0
0.0,843.0,1.0,773.0,85.0,0.0,70.0,448.0,1.0,773.0,252.0,843.0,843.0,169.0,0.0,0.0,448.0,168.0,0.0,0.0,448.0,0.0,1.0,235.0,1038.6434147,0.0,69.0,0.0,0.0,0.0,1.0,0.0,1.0
0.0,2752.0,1.0,718.0,136.0,0.0,2034.0,0.0,4.0,718.0,550.0,2752.0,2752.0,550.0,0.0,0.0,0.0,550.0,0.0,0.0,0.0,4.0,4.0,168.0,1830.1543179,0.0,2034.0,0.0,0.0,0.0,1.0,0.0,1.0
0.0,1220.0,1.0,765.0,60.0,0.0,455.0,353.0,4.0,765.0,366.0,1220.0,1220.0,244.0,0.0,0.0,353.0,244.0,0.0,0.0,353.0,0.0,4.0,252.0,811.42836023,0.0,454.0,0.0,0.0,0.0,1.0,0.0,1.0
0.0,0.0,0.0,0.0,0.0,0.0,0.0,0.0,3.0,157.0,0.0,0.0,0.0,0.0,0.0,0.0,0.0,0.0,0.0,0.0,0.0,0.0,3.0,0.0,646.45509668,0.0,0.0,0.0,0.0,0.0,1.0,0.0,1.0
0.0,0.0,0.0,674.0,52.0,367.0,23.0,517.0,2.0,674.0,0.0,697.0,0.0,0.0,0.0,0.0,517.0,0.0,1.0,0.0,517.0,1.0,2.0,157.0,825.35556649,0.0,23.0,0.0,0.0,697.0,1.0,0.0,1.0
0.0,0.0,0.0,160.0,10.0,0.0,0.0,500.0,3.0,657.0,0.0,160.0,0.0,0.0,0.0,0.0,499.0,0.0,0.0,0.0,3.0,0.0,3.0,0.0,646.45509668,0.0,0.0,0.0,0.0,160.0,1.0,0.0,1.0
0.0,1467.0,1.0,639.0,87.0,0.0,828.0,189.0,3.0,639.0,440.0,1467.0,1467.0,293.0,0.0,0.0,188.0,293.0,0.0,0.0,189.0,0.0,3.0,236.0,1181.6086023,0.0,828.0,0.0,0.0,0.0,1.0,0.0,1.0
0.0,0.0,0.0,0.0,0.0,0.0,0.0,0.0,1.0,157.0,0.0,0.0,0.0,0.0,0.0,0.0,0.0,0.0,0.0,0.0,0.0,0.0,1.0,0.0,993.50998418,0.0,0.0,0.0,0.0,0.0,1.0,0.0,1.0
0.0,0.0,0.0,0.0,0.0,0.0,0.0,0.0,1.0,157.0,0.0,0.0,0.0,0.0,0.0,0.0,0.0,0.0,0.0,1.0,0.0,0.0,1.0,0.0,993.50998418,0.0,0.0,0.0,0.0,0.0,1.0,0.0,1.0
0.0,0.0,0.0,436.0,22.0,436.0,0.0,517.0,4.0,685.0,0.0,436.0,0.0,0.0,0.0,0.0,517.0,0.0,1.0,0.0,268.0,0.0,4.0,0.0,516.98647099,0.0,0.0,0.0,0.0,436.0,1.0,0.0,1.0
0.0,0.0,0.0,0.0,0.0,0.0,0.0,517.0,6.0,743.0,0.0,0.0,0.0,0.0,0.0,0.0,517.0,0.0,0.0,0.0,0.0,6.0,6.0,0.0,258.04923243,0.0,0.0,0.0,0.0,0.0,1.0,0.0,1.0
0.0,0.0,0.0,0.0,0.0,0.0,0.0,0.0,2.0,157.0,0.0,0.0,0.0,0.0,0.0,0.0,0.0,0.0,0.0,0.0,0.0,0.0,2.0,0.0,810.31109053,0.0,0.0,0.0,0.0,0.0,1.0,0.0,1.0
0.0,0.0,0.0,0.0,0.0,0.0,0.0,0.0,1.0,157.0,0.0,0.0,0.0,0.0,0.0,0.0,0.0,0.0,0.0,0.0,0.0,0.0,1.0,0.0,887.64585526,0.0,0.0,0.0,0.0,0.0,1.0,0.0,1.0
0.0,522.0,1.0,621.0,37.0,0.0,0.0,371.0,3.0,632.0,145.0,621.0,522.0,104.0,0.0,0.0,371.0,104.0,0.0,0.0,360.0,0.0,3.0,224.0,944.67260078,0.0,0.0,0.0,0.0,99.0,1.0,0.0,1.0
0.0,0.0,0.0,3.0,1.0,0.0,0.0,0.0,1.0,157.0,0.0,3.0,0.0,0.0,0.0,0.0,0.0,0.0,0.0,1.0,0.0,0.0,1.0,3.0,887.64585526,0.0,0.0,0.0,0.0,3.0,1.0,0.0,1.0
0.0,0.0,0.0,435.0,42.0,0.0,415.0,267.0,4.0,435.0,0.0,850.0,0.0,0.0,0.0,0.0,267.0,0.0,0.0,0.0,267.0,0.0,4.0,252.0,1124.8831946,0.0,415.0,0.0,0.0,850.0,1.0,0.0,1.0
0.0,0.0,0.0,0.0,0.0,0.0,0.0,0.0,1.0,157.0,0.0,0.0,0.0,0.0,0.0,0.0,0.0,0.0,0.0,0.0,0.0,0.0,1.0,0.0,887.64585526,0.0,0.0,0.0,0.0,0.0,1.0,0.0,1.0
0.0,0.0,0.0,157.0,74.0,0.0,578.0,0.0,1.0,157.0,0.0,735.0,0.0,0.0,0.0,1.0,0.0,0.0,0.0,0.0,0.0,0.0,1.0,157.0,1069.0569642,735.0,578.0,0.0,0.0,735.0,1.0,0.0,1.0
0.0,0.0,0.0,157.0,45.0,0.0,593.0,0.0,3.0,157.0,0.0,750.0,0.0,0.0,0.0,0.0,0.0,0.0,0.0,0.0,0.0,0.0,3.0,157.0,1130.2540805,0.0,593.0,0.0,0.0,750.0,1.0,0.0,1.0
0.0,0.0,0.0,502.0,76.0,0.0,253.0,345.0,1.0,502.0,0.0,755.0,0.0,0.0,0.0,0.0,354.0,0.0,0.0,1.0,345.0,1.0,1.0,235.0,966.88289381,31.0,253.0,0.0,0.0,755.0,1.0,0.0,1.0
0.0,2481.0,1.0,1349.0,123.0,0.0,1132.0,517.0,4.0,1349.0,496.0,2481.0,2481.0,496.0,0.0,0.0,517.0,496.0,0.0,0.0,517.0,1.0,4.0,168.0,1349.0406006,0.0,1132.0,0.0,0.0,0.0,1.0,0.0,1.0
20.0,0.0,0.0,710.0,87.0,0.0,155.0,553.0,1.0,710.0,0.0,865.0,0.0,0.0,0.0,1.0,553.0,0.0,0.0,0.0,553.0,0.0,1.0,235.0,936.64770631,0.0,155.0,20.0,0.0,865.0,1.0,0.0,1.0
0.0,0.0,0.0,585.0,59.0,0.0,0.0,588.0,1.0,834.0,0.0,585.0,0.0,0.0,0.0,1.0,587.0,0.0,0.0,0.0,339.0,0.0,1.0,0.0,887.64585526,0.0,0.0,0.0,0.0,585.0,1.0,0.0,1.0
0.0,0.0,0.0,571.0,95.0,0.0,367.0,414.0,1.0,571.0,0.0,938.0,0.0,0.0,0.0,0.0,413.0,0.0,0.0,1.0,414.0,0.0,1.0,236.0,1003.3736318,0.0,367.0,0.0,0.0,938.0,1.0,0.0,1.0
0.0,0.0,0.0,665.0,76.0,0.0,90.0,508.0,1.0,665.0,0.0,755.0,0.0,0.0,0.0,0.0,508.0,0.0,0.0,1.0,508.0,1.0,1.0,235.0,915.7958571,379.0,90.0,0.0,0.0,755.0,1.0,0.0,1.0
0.0,0.0,0.0,735.0,74.0,0.0,0.0,643.0,1.0,800.0,0.0,735.0,0.0,0.0,0.0,1.0,643.0,0.0,0.0,0.0,578.0,0.0,1.0,170.0,887.64585526,735.0,0.0,0.0,0.0,735.0,1.0,0.0,1.0
0.0,849.0,1.0,326.0,86.0,0.0,523.0,0.0,1.0,326.0,169.0,849.0,849.0,170.0,0.0,0.0,0.0,169.0,0.0,0.0,0.0,0.0,1.0,157.0,1051.3328916,0.0,523.0,0.0,0.0,0.0,1.0,0.0,1.0
0.0,0.0,0.0,543.0,79.0,0.0,243.0,386.0,1.0,543.0,0.0,786.0,0.0,0.0,51.0,1.0,385.0,0.0,0.0,0.0,386.0,0.0,1.0,236.0,963.75511301,735.0,243.0,0.0,0.0,786.0,1.0,0.0,1.0
0.0,1568.0,1.0,973.0,118.0,0.0,1006.0,503.0,3.0,973.0,470.0,1979.0,0.0,314.0,0.0,0.0,502.0,313.0,0.0,0.0,503.0,0.0,3.0,236.0,1259.5355614,0.0,1007.0,0.0,0.0,411.0,1.0,0.0,1.0
0.0,0.0,0.0,790.0,81.0,0.0,16.0,633.0,1.0,790.0,0.0,806.0,0.0,0.0,51.0,1.0,632.0,0.0,0.0,0.0,633.0,0.0,1.0,236.0,892.85881699,9.0,16.0,0.0,0.0,806.0,1.0,0.0,1.0
55.0,0.0,0.0,310.0,109.0,0.0,766.0,153.0,1.0,310.0,0.0,1076.0,0.0,0.0,0.0,0.0,152.0,0.0,0.0,1.0,153.0,0.0,1.0,236.0,1073.2273358,0.0,766.0,55.0,0.0,1076.0,1.0,0.0,1.0
0.0,0.0,0.0,0.0,0.0,0.0,0.0,457.0,1.0,614.0,0.0,0.0,0.0,0.0,0.0,0.0,457.0,0.0,0.0,0.0,0.0,0.0,1.0,0.0,887.64585526,0.0,0.0,0.0,0.0,0.0,1.0,0.0,1.0
26.0,0.0,0.0,381.0,124.0,0.0,842.0,150.0,1.0,381.0,0.0,1223.0,0.0,0.0,0.0,0.0,150.0,0.0,0.0,1.0,150.0,0.0,1.0,235.0,1073.2273358,0.0,842.0,26.0,0.0,1223.0,1.0,0.0,1.0
0.0,1264.0,1.0,839.0,75.0,0.0,425.0,430.0,3.0,839.0,378.0,1264.0,1264.0,253.0,0.0,0.0,430.0,252.0,0.0,0.0,430.0,0.0,3.0,236.0,1078.1244507,0.0,424.0,0.0,0.0,0.0,1.0,0.0,1.0
0.0,0.0,0.0,157.0,76.0,0.0,598.0,0.0,1.0,157.0,0.0,755.0,0.0,0.0,0.0,0.0,0.0,0.0,0.0,1.0,0.0,0.0,1.0,157.0,1073.2273358,79.0,598.0,0.0,0.0,755.0,1.0,0.0,1.0
0.0,0.0,0.0,346.0,84.0,0.0,486.0,189.0,1.0,346.0,0.0,832.0,0.0,0.0,0.0,1.0,188.0,0.0,0.0,0.0,189.0,0.0,1.0,236.0,1039.8643746,0.0,486.0,0.0,0.0,832.0,1.0,0.0,1.0
0.0,0.0,0.0,771.0,125.0,0.0,463.0,614.0,1.0,771.0,0.0,1234.0,0.0,0.0,0.0,0.0,613.0,0.0,0.0,1.0,614.0,0.0,1.0,236.0,1032.5662239,0.0,464.0,0.0,0.0,1234.0,1.0,0.0,1.0
0.0,0.0,0.0,855.0,92.0,0.0,60.0,698.0,1.0,855.0,0.0,915.0,0.0,0.0,0.0,0.0,698.0,0.0,0.0,1.0,698.0,0.0,1.0,235.0,906.41252314,0.0,60.0,0.0,0.0,915.0,1.0,0.0,1.0
93.0,0.0,0.0,261.0,100.0,0.0,728.0,104.0,1.0,261.0,0.0,989.0,0.0,0.0,0.0,0.0,264.0,0.0,0.0,1.0,104.0,0.0,1.0,235.0,1073.2273358,0.0,246.0,93.0,0.0,989.0,1.0,0.0,1.0
0.0,0.0,0.0,625.0,115.0,0.0,510.0,468.0,1.0,625.0,0.0,1135.0,0.0,0.0,0.0,0.0,468.0,0.0,0.0,0.0,468.0,0.0,1.0,235.0,1047.1625213,0.0,510.0,0.0,0.0,1135.0,1.0,0.0,1.0
0.0,1543.0,1.0,582.0,85.0,0.0,1134.0,106.0,4.0,582.0,414.0,1716.0,1543.0,308.0,0.0,0.0,0.0,308.0,0.0,0.0,106.0,0.0,4.0,252.0,1350.0831935,0.0,1132.0,0.0,0.0,173.0,1.0,0.0,1.0
0.0,0.0,0.0,685.0,29.0,0.0,0.0,517.0,5.0,714.0,0.0,685.0,0.0,0.0,0.0,0.0,517.0,0.0,0.0,0.0,488.0,0.0,5.0,168.0,1061.1271227,0.0,0.0,0.0,0.0,685.0,1.0,0.0,1.0
0.0,0.0,0.0,333.0,91.0,0.0,887.0,176.0,2.0,333.0,0.0,1220.0,0.0,0.0,0.0,1.0,176.0,0.0,0.0,0.0,176.0,0.0,2.0,236.0,1189.8397808,0.0,887.0,0.0,0.0,1220.0,1.0,0.0,1.0
0.0,0.0,0.0,0.0,0.0,0.0,0.0,457.0,1.0,614.0,0.0,0.0,0.0,0.0,0.0,0.0,457.0,0.0,0.0,0.0,0.0,0.0,1.0,0.0,887.64585526,0.0,0.0,0.0,0.0,0.0,1.0,0.0,1.0
0.0,1098.0,1.0,893.0,82.0,0.0,205.0,517.0,2.0,893.0,219.0,1098.0,1098.0,220.0,0.0,0.0,517.0,219.0,0.0,0.0,517.0,0.0,2.0,157.0,976.10830174,0.0,204.0,0.0,0.0,0.0,1.0,0.0,1.0
0.0,0.0,0.0,0.0,0.0,0.0,0.0,457.0,2.0,614.0,0.0,0.0,0.0,0.0,0.0,0.0,517.0,0.0,0.0,0.0,0.0,0.0,2.0,0.0,911.46756197,0.0,0.0,0.0,0.0,0.0,1.0,0.0,1.0
0.0,0.0,0.0,396.0,76.0,0.0,359.0,239.0,1.0,396.0,0.0,755.0,0.0,0.0,0.0,0.0,239.0,0.0,0.0,1.0,239.0,0.0,1.0,235.0,1000.2458534,139.0,359.0,0.0,0.0,755.0,1.0,0.0,1.0
0.0,0.0,0.0,482.0,76.0,0.0,273.0,325.0,1.0,482.0,0.0,755.0,0.0,0.0,0.0,1.0,325.0,0.0,0.0,0.0,325.0,0.0,1.0,235.0,973.13844771,34.0,273.0,0.0,0.0,755.0,1.0,0.0,1.0
0.0,0.0,0.0,224.0,78.0,0.0,551.0,67.0,1.0,224.0,0.0,775.0,0.0,0.0,18.0,0.0,376.0,0.0,0.0,1.0,67.0,0.0,1.0,224.0,1060.7162255,0.0,551.0,0.0,0.0,775.0,1.0,0.0,1.0
0.0,0.0,0.0,489.0,76.0,0.0,266.0,332.0,1.0,489.0,0.0,755.0,0.0,0.0,0.0,0.0,332.0,0.0,0.0,1.0,332.0,0.0,1.0,235.0,971.05326135,427.0,266.0,0.0,0.0,755.0,1.0,0.0,1.0
0.0,0.0,0.0,628.0,63.0,0.0,0.0,572.0,1.0,729.0,0.0,628.0,0.0,0.0,0.0,0.0,571.0,0.0,0.0,1.0,471.0,0.0,1.0,135.0,887.64585526,0.0,0.0,0.0,0.0,628.0,1.0,0.0,1.0
0.0,0.0,0.0,0.0,0.0,0.0,0.0,451.0,3.0,608.0,0.0,0.0,0.0,0.0,0.0,0.0,451.0,0.0,0.0,0.0,0.0,0.0,3.0,0.0,944.67260078,0.0,0.0,0.0,0.0,0.0,1.0,0.0,1.0
821.0,0.0,0.0,386.0,107.0,0.0,672.0,201.0,1.0,386.0,0.0,1058.0,0.0,0.0,0.0,0.0,200.0,0.0,0.0,1.0,201.0,0.0,1.0,236.0,1073.2273358,0.0,672.0,821.0,0.0,1058.0,1.0,0.0,1.0
0.0,0.0,0.0,467.0,74.0,0.0,268.0,310.0,1.0,467.0,0.0,735.0,0.0,0.0,0.0,1.0,310.0,0.0,0.0,0.0,310.0,0.0,1.0,235.0,972.09585431,735.0,268.0,0.0,0.0,735.0,1.0,0.0,1.0
0.0,157.0,1.0,157.0,16.0,0.0,0.0,517.0,1.0,705.0,0.0,157.0,0.0,31.0,0.0,0.0,517.0,31.0,0.0,0.0,0.0,0.0,1.0,0.0,887.64585526,0.0,0.0,0.0,0.0,0.0,1.0,0.0,1.0
0.0,0.0,0.0,270.0,32.0,0.0,262.0,113.0,3.0,270.0,0.0,532.0,0.0,0.0,0.0,0.0,112.0,0.0,0.0,0.0,113.0,0.0,3.0,236.0,1027.0374162,0.0,263.0,0.0,0.0,532.0,1.0,0.0,1.0
0.0,0.0,0.0,378.0,74.0,0.0,357.0,221.0,1.0,378.0,0.0,735.0,0.0,0.0,0.0,1.0,221.0,0.0,0.0,0.0,221.0,0.0,1.0,235.0,1000.2458534,735.0,357.0,0.0,0.0,735.0,1.0,0.0,1.0
0.0,0.0,0.0,341.0,34.0,0.0,590.0,115.0,6.0,341.0,0.0,931.0,0.0,0.0,0.0,0.0,114.0,0.0,0.0,0.0,115.0,0.0,6.0,339.0,1278.8710501,0.0,591.0,0.0,0.0,931.0,1.0,0.0,1.0
0.0,0.0,0.0,1019.0,114.0,0.0,108.0,774.0,1.0,1019.0,0.0,1127.0,0.0,0.0,0.0,1.0,774.0,0.0,0.0,0.0,774.0,0.0,1.0,235.0,922.05141098,0.0,108.0,0.0,0.0,1127.0,1.0,0.0,1.0
0.0,0.0,0.0,520.0,82.0,0.0,292.0,363.0,1.0,520.0,0.0,812.0,0.0,0.0,0.0,1.0,363.0,0.0,0.0,0.0,363.0,0.0,1.0,236.0,979.3940046,0.0,293.0,0.0,0.0,812.0,1.0,0.0,1.0
0.0,1505.0,1.0,1077.0,113.0,0.0,428.0,517.0,2.0,1077.0,389.0,1505.0,1505.0,301.0,0.0,0.0,517.0,301.0,0.0,0.0,517.0,0.0,2.0,173.0,1045.9620062,0.0,428.0,0.0,0.0,0.0,1.0,0.0,1.0
150.0,2211.0,1.0,1104.0,98.0,0.0,1557.0,436.0,6.0,1104.0,663.0,2661.0,2211.0,442.0,0.0,0.0,436.0,442.0,0.0,0.0,436.0,2.0,6.0,339.0,1582.2654943,0.0,1557.0,150.0,0.0,450.0,1.0,0.0,1.0
0.0,0.0,0.0,0.0,0.0,0.0,0.0,0.0,2.0,157.0,0.0,0.0,0.0,0.0,0.0,0.0,0.0,0.0,0.0,0.0,0.0,0.0,2.0,0.0,911.46756197,0.0,0.0,0.0,0.0,0.0,1.0,0.0,1.0
0.0,0.0,0.0,674.0,86.0,0.0,779.0,517.0,3.0,674.0,0.0,1453.0,0.0,0.0,0.0,0.0,517.0,0.0,0.0,0.0,517.0,0.0,3.0,157.0,1188.6392666,0.0,779.0,0.0,0.0,1453.0,1.0,0.0,1.0
0.0,0.0,0.0,564.0,80.0,0.0,228.0,407.0,1.0,564.0,0.0,792.0,0.0,0.0,37.0,0.0,406.0,0.0,0.0,1.0,407.0,0.0,1.0,236.0,959.58474473,604.0,229.0,0.0,0.0,792.0,1.0,0.0,1.0
0.0,20.0,1.0,20.0,1.0,0.0,0.0,151.0,3.0,312.0,0.0,20.0,0.0,4.0,0.0,0.0,151.0,4.0,0.0,0.0,0.0,0.0,3.0,0.0,944.67260078,0.0,0.0,0.0,0.0,0.0,1.0,0.0,1.0
0.0,393.0,1.0,235.0,23.0,0.0,158.0,0.0,3.0,235.0,78.0,393.0,393.0,79.0,0.0,0.0,0.0,78.0,0.0,0.0,0.0,0.0,3.0,157.0,994.71704505,0.0,158.0,0.0,0.0,0.0,1.0,0.0,1.0
10.0,1262.0,1.0,690.0,75.0,0.0,572.0,281.0,3.0,690.0,378.0,1262.0,1262.0,252.0,0.0,0.0,281.0,252.0,0.0,0.0,281.0,0.0,3.0,236.0,1123.9985257,0.0,572.0,10.0,0.0,0.0,1.0,0.0,1.0
0.0,0.0,0.0,476.0,90.0,0.0,412.0,319.0,1.0,476.0,0.0,888.0,0.0,0.0,0.0,1.0,319.0,0.0,0.0,0.0,319.0,0.0,1.0,236.0,1016.9273355,0.0,413.0,0.0,0.0,888.0,1.0,0.0,1.0
0.0,1162.0,1.0,389.0,194.0,0.0,1528.0,0.0,1.0,389.0,232.0,1917.0,1162.0,232.0,0.0,1.0,0.0,232.0,0.0,0.0,0.0,0.0,1.0,157.0,1073.2273358,329.0,1528.0,0.0,0.0,755.0,1.0,0.0,1.0
0.0,0.0,0.0,726.0,77.0,298.0,307.0,569.0,2.0,726.0,0.0,1033.0,0.0,0.0,0.0,1.0,569.0,0.0,1.0,0.0,569.0,0.0,2.0,235.0,1008.4286745,735.0,307.0,0.0,0.0,1033.0,1.0,0.0,1.0
0.0,0.0,0.0,524.0,86.0,0.0,624.0,367.0,2.0,524.0,0.0,1148.0,0.0,0.0,0.0,1.0,366.0,0.0,0.0,0.0,367.0,0.0,2.0,236.0,1107.4749683,0.0,624.0,0.0,0.0,1148.0,1.0,0.0,1.0
0.0,2304.0,1.0,734.0,85.0,0.0,1570.0,48.0,6.0,734.0,508.0,2304.0,2304.0,461.0,0.0,0.0,48.0,460.0,0.0,0.0,48.0,0.0,6.0,274.0,1585.39327,0.0,1569.0,0.0,0.0,0.0,1.0,0.0,1.0
0.0,253.0,1.0,402.0,98.0,0.0,565.0,195.0,1.0,402.0,75.0,967.0,0.0,51.0,0.0,1.0,195.0,50.0,0.0,0.0,195.0,0.0,1.0,235.0,1064.8865961,0.0,564.0,0.0,0.0,714.0,1.0,0.0,1.0
0.0,0.0,0.0,0.0,0.0,0.0,0.0,517.0,2.0,674.0,0.0,0.0,0.0,0.0,0.0,0.0,517.0,0.0,0.0,0.0,0.0,0.0,2.0,0.0,911.46756197,0.0,0.0,0.0,0.0,0.0,1.0,0.0,1.0
0.0,1957.0,1.0,1065.0,116.0,0.0,892.0,517.0,3.0,1065.0,556.0,1957.0,1957.0,391.0,0.0,0.0,517.0,391.0,0.0,0.0,517.0,0.0,3.0,205.0,1224.0874151,0.0,891.0,0.0,0.0,0.0,1.0,0.0,1.0
0.0,0.0,0.0,0.0,0.0,0.0,0.0,0.0,1.0,157.0,0.0,0.0,0.0,0.0,0.0,0.0,0.0,0.0,0.0,0.0,0.0,0.0,1.0,0.0,887.64585526,0.0,0.0,0.0,0.0,0.0,1.0,0.0,1.0
0.0,889.0,1.0,403.0,52.0,0.0,1199.0,0.0,7.0,403.0,177.0,1602.0,889.0,178.0,713.0,0.0,0.0,177.0,0.0,0.0,0.0,0.0,7.0,226.0,1562.2983114,0.0,1198.0,0.0,0.0,713.0,1.0,0.0,1.0
0.0,1258.0,1.0,890.0,75.0,0.0,368.0,482.0,3.0,890.0,376.0,1258.0,1258.0,252.0,0.0,0.0,482.0,251.0,0.0,0.0,482.0,0.0,3.0,235.0,1060.4003774,0.0,367.0,0.0,0.0,0.0,1.0,0.0,1.0
0.0,0.0,0.0,157.0,27.0,367.0,210.0,0.0,2.0,157.0,0.0,367.0,0.0,0.0,0.0,0.0,0.0,0.0,1.0,0.0,0.0,1.0,2.0,157.0,977.15089342,0.0,210.0,0.0,0.0,367.0,1.0,0.0,1.0
0.0,0.0,0.0,0.0,0.0,0.0,0.0,100.0,3.0,257.0,0.0,0.0,0.0,0.0,0.0,0.0,100.0,0.0,0.0,0.0,0.0,0.0,3.0,0.0,944.67259912,0.0,0.0,0.0,0.0,0.0,1.0,0.0,1.0
0.0,1505.0,1.0,458.0,92.0,0.0,1094.0,0.0,3.0,458.0,301.0,1552.0,1505.0,301.0,0.0,0.0,0.0,301.0,0.0,0.0,0.0,0.0,3.0,157.0,1287.6855611,0.0,1094.0,0.0,0.0,47.0,1.0,0.0,1.0
0.0,988.0,1.0,871.0,74.0,0.0,117.0,517.0,2.0,871.0,239.0,988.0,0.0,198.0,0.0,0.0,517.0,197.0,0.0,0.0,517.0,0.0,2.0,179.0,949.00089357,0.0,116.0,0.0,0.0,0.0,1.0,0.0,1.0
0.0,708.0,1.0,815.0,74.0,0.0,170.0,517.0,2.0,815.0,141.0,985.0,708.0,142.0,0.0,0.0,517.0,141.0,0.0,0.0,517.0,0.0,2.0,157.0,964.63978301,0.0,170.0,0.0,0.0,277.0,1.0,0.0,1.0
0.0,172.0,1.0,590.0,54.0,0.0,317.0,399.0,3.0,590.0,51.0,907.0,98.0,34.0,0.0,1.0,399.0,34.0,0.0,0.0,399.0,0.0,3.0,235.0,1044.7614897,735.0,317.0,0.0,0.0,735.0,1.0,0.0,1.0
0.0,604.0,1.0,794.0,73.0,364.0,174.0,517.0,2.0,794.0,120.0,968.0,604.0,121.0,0.0,0.0,517.0,120.0,1.0,0.0,517.0,0.0,2.0,157.0,966.72496858,0.0,173.0,0.0,0.0,364.0,1.0,0.0,1.0
0.0,0.0,0.0,157.0,27.0,367.0,210.0,0.0,2.0,157.0,0.0,367.0,0.0,0.0,0.0,0.0,0.0,0.0,1.0,0.0,0.0,0.0,2.0,157.0,977.15089342,0.0,210.0,0.0,0.0,367.0,1.0,0.0,1.0
0.0,1523.0,1.0,758.0,91.0,0.0,765.0,297.0,3.0,758.0,456.0,1523.0,1523.0,305.0,0.0,0.0,297.0,304.0,0.0,0.0,297.0,0.0,3.0,235.0,992.89373059,0.0,764.0,0.0,0.0,0.0,1.0,0.0,1.0
0.0,0.0,0.0,157.0,76.0,0.0,598.0,0.0,1.0,157.0,0.0,755.0,0.0,0.0,0.0,0.0,0.0,0.0,0.0,1.0,0.0,0.0,1.0,157.0,994.68302788,81.0,598.0,0.0,0.0,755.0,1.0,0.0,1.0
0.0,0.0,0.0,546.0,69.0,0.0,135.0,389.0,1.0,546.0,0.0,681.0,0.0,0.0,0.0,0.0,389.0,0.0,0.0,1.0,389.0,0.0,1.0,235.0,1021.0551971,94.0,136.0,0.0,0.0,681.0,1.0,0.0,1.0
0.0,0.0,0.0,364.0,79.0,0.0,422.0,207.0,1.0,364.0,0.0,786.0,0.0,0.0,51.0,1.0,206.0,0.0,0.0,0.0,207.0,0.0,1.0,236.0,1004.5004047,735.0,422.0,0.0,0.0,786.0,1.0,0.0,1.0
0.0,0.0,0.0,725.0,79.0,0.0,61.0,568.0,1.0,725.0,0.0,786.0,0.0,0.0,51.0,1.0,567.0,0.0,0.0,0.0,568.0,0.0,1.0,236.0,1025.2901439,735.0,61.0,0.0,0.0,786.0,1.0,0.0,1.0
0.0,0.0,0.0,657.0,64.0,0.0,415.0,500.0,3.0,657.0,0.0,1072.0,0.0,0.0,0.0,1.0,499.0,0.0,0.0,0.0,500.0,0.0,3.0,236.0,1013.1059771,735.0,415.0,0.0,0.0,1072.0,1.0,0.0,1.0
0.0,0.0,0.0,640.0,81.0,0.0,166.0,483.0,1.0,640.0,0.0,806.0,0.0,0.0,51.0,1.0,482.0,0.0,0.0,0.0,483.0,0.0,1.0,236.0,1019.3227188,283.0,166.0,0.0,0.0,806.0,1.0,0.0,1.0
0.0,0.0,0.0,630.0,86.0,0.0,512.0,401.0,2.0,630.0,0.0,1142.0,0.0,0.0,0.0,1.0,400.0,0.0,0.0,0.0,401.0,0.0,2.0,236.0,1004.2794978,0.0,512.0,0.0,0.0,1142.0,1.0,0.0,1.0
0.0,0.0,0.0,0.0,0.0,0.0,0.0,0.0,1.0,157.0,0.0,0.0,0.0,0.0,0.0,0.0,0.0,0.0,0.0,0.0,0.0,0.0,1.0,0.0,1028.947598,0.0,0.0,0.0,0.0,0.0,1.0,0.0,1.0
0.0,0.0,0.0,682.0,83.0,0.0,140.0,525.0,1.0,682.0,0.0,822.0,0.0,0.0,0.0,1.0,524.0,0.0,0.0,0.0,525.0,0.0,1.0,236.0,1020.8626994,0.0,140.0,0.0,0.0,822.0,1.0,0.0,1.0
0.0,0.0,0.0,475.0,107.0,0.0,580.0,245.0,1.0,475.0,0.0,1055.0,0.0,0.0,0.0,0.0,244.0,0.0,0.0,1.0,245.0,0.0,1.0,236.0,995.45301823,0.0,580.0,0.0,0.0,1055.0,1.0,0.0,1.0
0.0,0.0,0.0,446.0,93.0,0.0,798.0,289.0,2.0,446.0,0.0,1244.0,0.0,0.0,51.0,1.0,288.0,0.0,0.0,0.0,289.0,0.0,2.0,236.0,987.72470538,725.0,798.0,0.0,0.0,1244.0,1.0,0.0,1.0
51.0,0.0,0.0,339.0,121.0,0.0,855.0,0.0,1.0,339.0,0.0,1194.0,0.0,0.0,0.0,0.0,0.0,0.0,0.0,1.0,0.0,0.0,1.0,157.0,994.68302788,0.0,855.0,51.0,0.0,1194.0,1.0,0.0,1.0
0.0,0.0,0.0,579.0,64.0,0.0,51.0,422.0,1.0,579.0,0.0,630.0,0.0,0.0,0.0,0.0,421.0,0.0,0.0,1.0,422.0,0.0,1.0,236.0,1025.8676366,0.0,51.0,0.0,0.0,630.0,1.0,0.0,1.0
0.0,0.0,0.0,340.0,76.0,0.0,415.0,183.0,1.0,340.0,0.0,755.0,0.0,0.0,0.0,0.0,183.0,0.0,0.0,1.0,183.0,0.0,1.0,235.0,1004.8853999,101.0,415.0,0.0,0.0,755.0,1.0,0.0,1.0
0.0,548.0,1.0,548.0,41.0,0.0,0.0,517.0,2.0,783.0,0.0,548.0,548.0,109.0,0.0,0.0,517.0,109.0,0.0,0.0,282.0,0.0,2.0,0.0,1033.9241257,0.0,0.0,0.0,0.0,0.0,1.0,0.0,1.0
0.0,0.0,0.0,625.0,74.0,0.0,110.0,468.0,1.0,625.0,0.0,735.0,0.0,0.0,0.0,1.0,468.0,0.0,0.0,0.0,468.0,0.0,1.0,235.0,1022.5951777,735.0,110.0,0.0,0.0,735.0,1.0,0.0,1.0
0.0,3166.0,1.0,830.0,134.0,0.0,2336.0,0.0,5.0,830.0,633.0,3166.0,3166.0,633.0,0.0,0.0,0.0,633.0,0.0,0.0,0.0,4.0,5.0,197.0,899.47558328,0.0,2336.0,0.0,0.0,0.0,1.0,0.0,1.0
0.0,0.0,0.0,608.0,84.0,0.0,219.0,451.0,1.0,608.0,0.0,827.0,0.0,0.0,0.0,1.0,451.0,0.0,0.0,0.0,451.0,0.0,1.0,235.0,1016.2427574,0.0,219.0,0.0,0.0,827.0,1.0,0.0,1.0
0.0,0.0,0.0,200.0,10.0,0.0,0.0,441.0,4.0,609.0,0.0,200.0,0.0,0.0,0.0,0.0,441.0,0.0,0.0,0.0,32.0,0.0,4.0,0.0,1037.3322632,0.0,0.0,0.0,0.0,200.0,1.0,0.0,1.0
0.0,2706.0,1.0,1049.0,100.0,0.0,1657.0,282.0,6.0,1049.0,812.0,2706.0,2706.0,541.0,0.0,0.0,281.0,541.0,0.0,0.0,282.0,0.0,6.0,339.0,941.79664212,0.0,1658.0,0.0,0.0,0.0,1.0,0.0,1.0
0.0,0.0,0.0,157.0,110.0,0.0,1313.0,0.0,2.0,157.0,0.0,1470.0,0.0,0.0,0.0,1.0,0.0,0.0,0.0,0.0,0.0,0.0,2.0,157.0,968.28244921,1470.0,1313.0,0.0,0.0,1470.0,1.0,0.0,1.0
0.0,0.0,0.0,617.0,44.0,0.0,268.0,449.0,4.0,617.0,0.0,885.0,0.0,0.0,0.0,0.0,448.0,0.0,0.0,0.0,449.0,0.0,4.0,252.0,1021.7399588,0.0,268.0,0.0,0.0,885.0,1.0,0.0,1.0
0.0,0.0,0.0,718.0,103.0,0.0,300.0,471.0,1.0,718.0,0.0,1018.0,0.0,0.0,0.0,1.0,470.0,0.0,0.0,0.0,471.0,0.0,1.0,236.0,1011.6228152,0.0,300.0,0.0,0.0,1018.0,1.0,0.0,1.0
0.0,1958.0,1.0,860.0,83.0,0.0,1098.0,272.0,5.0,860.0,586.0,1958.0,1958.0,391.0,0.0,0.0,272.0,391.0,0.0,0.0,272.0,0.0,5.0,295.0,970.89218691,0.0,1097.0,0.0,0.0,0.0,1.0,0.0,1.0
0.0,0.0,0.0,441.0,76.0,0.0,314.0,284.0,1.0,441.0,0.0,755.0,0.0,0.0,0.0,0.0,284.0,0.0,0.0,1.0,284.0,0.0,1.0,235.0,1010.6603274,234.0,314.0,0.0,0.0,755.0,1.0,0.0,1.0
0.0,0.0,0.0,157.0,35.0,0.0,311.0,0.0,2.0,157.0,0.0,468.0,0.0,0.0,0.0,0.0,0.0,0.0,0.0,0.0,0.0,0.0,2.0,157.0,1015.8293527,0.0,311.0,0.0,0.0,468.0,1.0,0.0,1.0
0.0,2580.0,1.0,1531.0,127.0,0.0,1049.0,455.0,4.0,1531.0,774.0,2580.0,2580.0,516.0,0.0,0.0,455.0,516.0,0.0,0.0,455.0,0.0,4.0,252.0,976.69552398,0.0,1049.0,0.0,0.0,0.0,1.0,0.0,1.0
0.0,0.0,0.0,679.0,78.0,0.0,98.0,522.0,1.0,679.0,0.0,777.0,0.0,0.0,0.0,0.0,522.0,0.0,0.0,1.0,522.0,0.0,1.0,235.0,1023.1726704,0.0,98.0,0.0,0.0,777.0,1.0,0.0,1.0
0.0,838.0,1.0,841.0,67.0,0.0,292.0,517.0,3.0,841.0,167.0,1133.0,838.0,168.0,0.0,0.0,517.0,167.0,0.0,0.0,517.0,0.0,3.0,157.0,1020.2283877,0.0,291.0,0.0,0.0,295.0,1.0,0.0,1.0
0.0,0.0,0.0,619.0,95.0,0.0,319.0,462.0,1.0,619.0,0.0,938.0,0.0,0.0,0.0,1.0,461.0,0.0,0.0,0.0,462.0,0.0,1.0,236.0,1010.4678298,0.0,319.0,0.0,0.0,938.0,1.0,0.0,1.0
0.0,0.0,0.0,251.0,76.0,0.0,504.0,0.0,1.0,251.0,0.0,755.0,0.0,0.0,0.0,1.0,0.0,0.0,0.0,0.0,0.0,0.0,1.0,157.0,999.68796507,226.0,504.0,0.0,0.0,755.0,1.0,0.0,1.0
0.0,0.0,0.0,0.0,0.0,0.0,0.0,0.0,1.0,157.0,0.0,0.0,0.0,0.0,0.0,0.0,0.0,0.0,0.0,0.0,0.0,0.0,1.0,0.0,1028.947598,0.0,0.0,0.0,0.0,0.0,1.0,0.0,1.0
0.0,0.0,0.0,454.0,74.0,0.0,281.0,297.0,1.0,454.0,0.0,735.0,0.0,0.0,0.0,1.0,297.0,0.0,0.0,0.0,297.0,0.0,1.0,235.0,1012.5853032,735.0,281.0,0.0,0.0,735.0,1.0,0.0,1.0
0.0,1720.0,1.0,1088.0,123.0,0.0,978.0,459.0,3.0,1088.0,516.0,2066.0,1720.0,344.0,0.0,0.0,459.0,344.0,0.0,0.0,459.0,0.0,3.0,236.0,980.57388525,0.0,978.0,0.0,0.0,346.0,1.0,0.0,1.0
655.0,0.0,0.0,265.0,110.0,0.0,827.0,49.0,1.0,265.0,0.0,1092.0,0.0,0.0,0.0,1.0,49.0,0.0,0.0,0.0,49.0,0.0,1.0,206.0,994.68302788,0.0,827.0,655.0,0.0,1092.0,1.0,0.0,1.0
0.0,0.0,0.0,0.0,0.0,0.0,0.0,517.0,4.0,685.0,0.0,0.0,0.0,0.0,0.0,0.0,517.0,0.0,0.0,0.0,0.0,0.0,4.0,0.0,1037.3322632,0.0,0.0,0.0,0.0,0.0,1.0,0.0,1.0
0.0,0.0,0.0,755.0,114.0,0.0,371.0,598.0,1.0,755.0,0.0,1126.0,0.0,0.0,0.0,0.0,597.0,0.0,0.0,1.0,598.0,0.0,1.0,236.0,1007.3878684,661.0,373.0,0.0,0.0,1126.0,1.0,0.0,1.0
0.0,0.0,0.0,185.0,14.0,0.0,0.0,517.0,2.0,674.0,0.0,185.0,0.0,0.0,0.0,0.0,517.0,0.0,0.0,0.0,28.0,0.0,2.0,0.0,1033.9241257,0.0,0.0,0.0,0.0,185.0,1.0,0.0,1.0
0.0,100.0,1.0,100.0,7.0,0.0,0.0,0.0,2.0,177.0,0.0,100.0,0.0,20.0,0.0,0.0,0.0,20.0,0.0,0.0,0.0,0.0,2.0,80.0,1033.9241257,0.0,0.0,0.0,0.0,0.0,1.0,0.0,1.0
0.0,0.0,0.0,559.0,75.0,0.0,186.0,402.0,1.0,559.0,0.0,745.0,0.0,0.0,10.0,1.0,402.0,0.0,0.0,0.0,402.0,0.0,1.0,235.0,1018.1677331,735.0,186.0,0.0,0.0,745.0,1.0,0.0,1.0
0.0,0.0,0.0,0.0,0.0,0.0,0.0,51.0,1.0,208.0,0.0,0.0,0.0,0.0,0.0,0.0,51.0,0.0,0.0,0.0,0.0,0.0,1.0,0.0,1028.947598,0.0,0.0,0.0,0.0,0.0,1.0,0.0,1.0
0.0,0.0,0.0,224.0,112.0,0.0,1654.0,67.0,3.0,224.0,0.0,1878.0,0.0,0.0,0.0,1.0,66.0,0.0,0.0,0.0,67.0,0.0,3.0,224.0,941.49687575,461.0,1654.0,0.0,0.0,1878.0,1.0,0.0,1.0
0.0,2114.0,1.0,1118.0,78.0,0.0,996.0,470.0,6.0,1118.0,633.0,2114.0,2114.0,423.0,0.0,0.0,470.0,422.0,0.0,0.0,470.0,0.0,6.0,339.0,980.10366153,0.0,995.0,0.0,0.0,0.0,1.0,0.0,1.0
0.0,0.0,0.0,0.0,0.0,0.0,0.0,0.0,1.0,157.0,0.0,0.0,0.0,0.0,0.0,0.0,0.0,0.0,0.0,0.0,0.0,0.0,1.0,0.0,1028.947598,0.0,0.0,0.0,0.0,0.0,1.0,0.0,1.0
0.0,1618.0,1.0,885.0,80.0,0.0,733.0,394.0,4.0,885.0,485.0,1618.0,1618.0,323.0,0.0,0.0,394.0,323.0,0.0,0.0,394.0,0.0,4.0,252.0,994.98279457,0.0,732.0,0.0,0.0,0.0,1.0,0.0,1.0
20.0,220.0,1.0,220.0,11.0,0.0,0.0,453.0,4.0,665.0,0.0,220.0,220.0,44.0,0.0,0.0,453.0,44.0,0.0,0.0,8.0,0.0,4.0,0.0,1037.332263,0.0,0.0,20.0,0.0,0.0,1.0,0.0,1.0
0.0,0.0,0.0,443.0,74.0,0.0,292.0,286.0,1.0,443.0,0.0,735.0,0.0,0.0,0.0,0.0,286.0,0.0,0.0,1.0,286.0,0.0,1.0,235.0,1012.0078105,735.0,289.0,0.0,0.0,735.0,1.0,0.0,1.0
0.0,0.0,0.0,542.0,41.0,0.0,150.0,385.0,3.0,542.0,0.0,692.0,0.0,0.0,0.0,0.0,384.0,0.0,0.0,0.0,385.0,0.0,3.0,236.0,1028.5057837,0.0,150.0,0.0,0.0,692.0,1.0,0.0,1.0
0.0,1520.0,1.0,978.0,129.0,0.0,742.0,517.0,2.0,978.0,400.0,1720.0,1520.0,304.0,0.0,0.0,517.0,304.0,0.0,0.0,517.0,0.0,2.0,180.0,990.99716423,0.0,742.0,0.0,0.0,200.0,1.0,0.0,1.0
0.0,0.0,0.0,0.0,0.0,0.0,0.0,0.0,1.0,157.0,0.0,0.0,0.0,0.0,0.0,0.0,0.0,0.0,0.0,0.0,0.0,0.0,1.0,0.0,1028.947598,0.0,0.0,0.0,0.0,0.0,1.0,0.0,1.0
1.0,0.0,0.0,372.0,106.0,0.0,677.0,0.0,1.0,372.0,0.0,1049.0,0.0,0.0,0.0,1.0,0.0,0.0,0.0,0.0,0.0,0.0,1.0,157.0,994.68302788,0.0,677.0,1.0,0.0,1049.0,1.0,0.0,1.0
0.0,0.0,0.0,429.0,73.0,0.0,296.0,272.0,1.0,429.0,0.0,725.0,0.0,0.0,0.0,1.0,272.0,0.0,0.0,0.0,272.0,0.0,1.0,235.0,1011.8153128,725.0,296.0,0.0,0.0,725.0,1.0,0.0,1.0
0.0,1393.0,1.0,917.0,41.0,0.0,476.0,413.0,8.0,917.0,417.0,1393.0,0.0,279.0,0.0,0.0,413.0,278.0,0.0,0.0,413.0,0.0,8.0,339.0,1004.3015381,0.0,476.0,0.0,0.0,0.0,1.0,0.0,1.0
0.0,920.0,1.0,869.0,45.0,0.0,51.0,517.0,4.0,869.0,184.0,920.0,920.0,184.0,0.0,0.0,517.0,184.0,0.0,0.0,517.0,0.0,4.0,168.0,1034.2523017,0.0,51.0,0.0,0.0,0.0,1.0,0.0,1.0
0.0,0.0,0.0,515.0,76.0,0.0,240.0,358.0,1.0,515.0,0.0,755.0,0.0,0.0,0.0,0.0,358.0,0.0,0.0,1.0,358.0,0.0,1.0,235.0,1015.0877719,34.0,240.0,0.0,0.0,755.0,1.0,0.0,1.0
0.0,239.0,1.0,239.0,24.0,0.0,0.0,517.0,1.0,721.0,0.0,239.0,239.0,48.0,0.0,0.0,517.0,47.0,0.0,0.0,35.0,0.0,1.0,0.0,1028.947598,0.0,0.0,0.0,0.0,0.0,1.0,0.0,1.0
12.0,0.0,0.0,327.0,97.0,0.0,637.0,170.0,1.0,327.0,0.0,964.0,0.0,0.0,0.0,1.0,169.0,0.0,0.0,0.0,170.0,0.0,1.0,236.0,994.68302788,0.0,637.0,12.0,0.0,964.0,1.0,0.0,1.0
0.0,0.0,0.0,472.0,76.0,0.0,283.0,315.0,1.0,472.0,0.0,755.0,0.0,0.0,0.0,0.0,315.0,0.0,0.0,1.0,315.0,0.0,1.0,235.0,1012.5853032,607.0,283.0,0.0,0.0,755.0,1.0,0.0,1.0
0.0,3382.0,1.0,902.0,90.0,0.0,2480.0,0.0,9.0,902.0,676.0,3382.0,3382.0,677.0,0.0,0.0,0.0,676.0,0.0,0.0,0.0,1.0,9.0,226.0,890.31455862,0.0,2480.0,0.0,0.0,0.0,1.0,0.0,1.0
0.0,0.0,0.0,577.0,76.0,0.0,178.0,420.0,1.0,577.0,0.0,755.0,0.0,0.0,0.0,0.0,420.0,0.0,0.0,1.0,420.0,0.0,1.0,235.0,1018.5527284,234.0,178.0,0.0,0.0,755.0,1.0,0.0,1.0
0.0,0.0,0.0,0.0,0.0,0.0,0.0,0.0,1.0,157.0,0.0,0.0,0.0,0.0,0.0,0.0,0.0,0.0,0.0,0.0,0.0,0.0,1.0,0.0,1028.947598,0.0,0.0,0.0,0.0,0.0,1.0,0.0,1.0
61.0,0.0,0.0,489.0,124.0,0.0,1168.0,0.0,2.0,489.0,0.0,1657.0,0.0,0.0,0.0,0.0,0.0,0.0,0.0,2.0,0.0,2.0,2.0,157.0,968.28244946,0.0,1168.0,61.0,0.0,1657.0,1.0,0.0,1.0
0.0,0.0,0.0,446.0,67.0,0.0,218.0,289.0,1.0,446.0,0.0,664.0,0.0,0.0,0.0,0.0,288.0,0.0,0.0,1.0,289.0,0.0,1.0,236.0,1016.2427574,0.0,219.0,0.0,0.0,664.0,1.0,0.0,1.0
0.0,1776.0,1.0,952.0,90.0,0.0,878.0,429.0,4.0,952.0,533.0,1830.0,1776.0,355.0,0.0,0.0,429.0,355.0,0.0,0.0,429.0,0.0,4.0,252.0,986.51290086,0.0,878.0,0.0,0.0,54.0,1.0,0.0,1.0
0.0,0.0,0.0,497.0,107.0,0.0,558.0,174.0,1.0,497.0,0.0,1055.0,0.0,0.0,0.0,1.0,391.0,0.0,0.0,0.0,174.0,0.0,1.0,235.0,996.60800385,0.0,340.0,0.0,0.0,1055.0,1.0,0.0,1.0
0.0,1375.0,1.0,755.0,82.0,0.0,620.0,323.0,3.0,755.0,413.0,1375.0,1375.0,275.0,0.0,0.0,322.0,275.0,0.0,0.0,323.0,0.0,3.0,236.0,1001.3636243,0.0,621.0,0.0,0.0,0.0,1.0,0.0,1.0
0.0,0.0,0.0,267.0,31.0,0.0,151.0,110.0,2.0,267.0,0.0,418.0,0.0,0.0,0.0,0.0,0.0,0.0,0.0,0.0,110.0,0.0,2.0,236.0,1025.0692368,0.0,261.0,0.0,0.0,418.0,1.0,0.0,1.0
0.0,0.0,0.0,0.0,0.0,0.0,0.0,51.0,4.0,219.0,0.0,0.0,0.0,0.0,0.0,0.0,0.0,0.0,0.0,0.0,0.0,0.0,4.0,0.0,1037.332263,0.0,0.0,0.0,0.0,0.0,1.0,0.0,1.0
0.0,0.0,0.0,0.0,0.0,0.0,0.0,250.0,2.0,407.0,0.0,0.0,0.0,0.0,0.0,0.0,250.0,0.0,0.0,0.0,0.0,1.0,2.0,0.0,1033.9241257,0.0,0.0,0.0,0.0,0.0,1.0,0.0,1.0
0.0,0.0,0.0,0.0,0.0,0.0,0.0,517.0,4.0,685.0,0.0,0.0,0.0,0.0,0.0,0.0,0.0,0.0,0.0,0.0,0.0,4.0,4.0,0.0,1037.332263,0.0,0.0,0.0,0.0,0.0,1.0,0.0,1.0
0.0,2247.0,1.0,617.0,126.0,0.0,1938.0,0.0,4.0,617.0,449.0,2555.0,2247.0,450.0,0.0,0.0,0.0,449.0,0.0,0.0,0.0,0.0,4.0,168.0,925.29866912,0.0,1938.0,0.0,0.0,308.0,1.0,0.0,1.0
0.0,1389.0,1.0,445.0,106.0,0.0,1699.0,0.0,4.0,445.0,277.0,2144.0,1389.0,278.0,0.0,1.0,0.0,277.0,0.0,0.0,0.0,0.0,4.0,168.0,939.15849504,22.0,1698.0,0.0,0.0,755.0,1.0,0.0,1.0
0.0,0.0,0.0,107.0,8.0,0.0,0.0,457.0,2.0,614.0,0.0,107.0,0.0,0.0,0.0,0.0,0.0,0.0,0.0,0.0,0.0,0.0,2.0,0.0,1033.9241257,0.0,0.0,0.0,0.0,107.0,1.0,0.0,1.0
0.0,515.0,1.0,408.0,39.0,0.0,107.0,148.0,2.0,408.0,155.0,515.0,0.0,103.0,0.0,0.0,148.0,103.0,0.0,0.0,148.0,0.0,2.0,236.0,1027.5717055,0.0,107.0,0.0,0.0,0.0,1.0,0.0,1.0
0.0,0.0,0.0,0.0,0.0,0.0,0.0,0.0,1.0,157.0,0.0,0.0,0.0,0.0,0.0,0.0,0.0,0.0,0.0,0.0,0.0,0.0,1.0,0.0,1028.947598,0.0,0.0,0.0,0.0,0.0,1.0,0.0,1.0
0.0,0.0,0.0,157.0,30.0,0.0,141.0,0.0,1.0,157.0,0.0,298.0,0.0,0.0,298.0,0.0,0.0,0.0,0.0,0.0,0.0,1.0,1.0,157.0,1020.6702017,0.0,141.0,0.0,0.0,298.0,1.0,0.0,1.0
0.0,0.0,0.0,429.0,41.0,0.0,691.0,203.0,6.0,429.0,0.0,1120.0,0.0,0.0,0.0,0.0,203.0,0.0,0.0,0.0,203.0,0.0,6.0,339.0,1081.3555949,0.0,691.0,0.0,0.0,1120.0,1.0,0.0,1.0
0.0,0.0,0.0,525.0,74.0,0.0,210.0,368.0,1.0,525.0,0.0,735.0,0.0,0.0,0.0,1.0,368.0,0.0,0.0,0.0,368.0,0.0,1.0,235.0,1101.6872743,735.0,210.0,0.0,0.0,735.0,1.0,0.0,1.0
0.0,3235.0,1.0,1050.0,119.0,0.0,2185.0,177.0,6.0,1050.0,824.0,3235.0,3235.0,647.0,0.0,0.0,177.0,647.0,0.0,0.0,177.0,0.0,6.0,339.0,1035.5879016,0.0,2185.0,0.0,0.0,0.0,1.0,0.0,1.0
0.0,0.0,0.0,265.0,52.0,0.0,965.0,68.0,5.0,265.0,0.0,1230.0,0.0,0.0,0.0,1.0,67.0,0.0,0.0,0.0,68.0,0.0,5.0,265.0,1073.2853193,0.0,965.0,0.0,0.0,1230.0,1.0,0.0,1.0
10.0,1161.0,1.0,795.0,89.0,0.0,695.0,406.0,3.0,795.0,348.0,1490.0,1161.0,232.0,0.0,0.0,406.0,232.0,0.0,0.0,406.0,0.0,3.0,236.0,1087.0776567,0.0,695.0,10.0,0.0,329.0,1.0,0.0,1.0
0.0,0.0,0.0,675.0,81.0,0.0,131.0,518.0,1.0,675.0,0.0,806.0,0.0,0.0,51.0,1.0,517.0,0.0,0.0,0.0,518.0,0.0,1.0,236.0,1104.036955,402.0,131.0,0.0,0.0,806.0,1.0,0.0,1.0
0.0,0.0,0.0,477.0,74.0,0.0,258.0,320.0,1.0,477.0,0.0,735.0,0.0,0.0,0.0,0.0,320.0,0.0,0.0,1.0,320.0,1.0,1.0,235.0,1100.1548739,735.0,258.0,0.0,0.0,735.0,1.0,0.0,1.0
0.0,0.0,0.0,798.0,104.0,0.0,235.0,290.0,1.0,798.0,0.0,1033.0,0.0,0.0,0.0,0.0,289.0,0.0,0.0,1.0,290.0,0.0,1.0,236.0,1100.8699941,0.0,235.0,0.0,0.0,1033.0,1.0,0.0,1.0
0.0,0.0,0.0,842.0,63.0,75.0,0.0,601.0,2.0,1231.0,0.0,842.0,0.0,0.0,0.0,1.0,601.0,0.0,1.0,0.0,212.0,0.0,2.0,0.0,1108.7359497,0.0,0.0,0.0,0.0,842.0,1.0,0.0,1.0
20.0,0.0,0.0,157.0,83.0,0.0,664.0,0.0,1.0,157.0,0.0,821.0,0.0,0.0,0.0,0.0,0.0,0.0,0.0,1.0,0.0,0.0,1.0,157.0,1089.9388709,0.0,664.0,20.0,0.0,821.0,1.0,0.0,1.0
0.0,0.0,0.0,661.0,67.0,0.0,0.0,600.0,1.0,757.0,0.0,661.0,0.0,0.0,0.0,1.0,600.0,0.0,0.0,0.0,504.0,0.0,1.0,139.0,1108.1233562,661.0,0.0,0.0,0.0,661.0,1.0,0.0,1.0
0.0,0.0,0.0,640.0,80.0,0.0,156.0,483.0,1.0,640.0,0.0,796.0,0.0,0.0,51.0,0.0,482.0,0.0,0.0,1.0,483.0,0.0,1.0,236.0,1103.3218348,473.0,156.0,0.0,0.0,796.0,1.0,0.0,1.0
0.0,0.0,0.0,0.0,0.0,0.0,0.0,0.0,1.0,157.0,0.0,0.0,0.0,0.0,0.0,0.0,0.0,0.0,0.0,0.0,0.0,0.0,1.0,0.0,1108.1233562,0.0,0.0,0.0,0.0,0.0,1.0,0.0,1.0
0.0,0.0,0.0,397.0,92.0,0.0,518.0,240.0,1.0,397.0,0.0,915.0,0.0,0.0,0.0,0.0,240.0,0.0,0.0,1.0,240.0,0.0,1.0,235.0,1092.1863915,0.0,518.0,0.0,0.0,915.0,1.0,0.0,1.0
0.0,0.0,0.0,224.0,11.0,0.0,0.0,517.0,4.0,685.0,0.0,224.0,0.0,0.0,0.0,0.0,517.0,0.0,0.0,0.0,56.0,0.0,4.0,0.0,1106.4876956,0.0,0.0,0.0,0.0,224.0,1.0,0.0,1.0
0.0,1497.0,1.0,670.0,92.0,0.0,872.0,214.0,3.0,670.0,448.0,1542.0,0.0,299.0,0.0,0.0,214.0,299.0,0.0,0.0,214.0,0.0,3.0,235.0,1081.6631751,0.0,871.0,0.0,0.0,45.0,1.0,0.0,1.0
0.0,0.0,0.0,304.0,94.0,0.0,1607.0,136.0,4.0,304.0,0.0,1911.0,0.0,0.0,0.0,1.0,180.0,0.0,0.0,0.0,136.0,0.0,4.0,252.0,1057.1444013,0.0,1472.0,0.0,0.0,1911.0,1.0,0.0,1.0
0.0,0.0,0.0,940.0,55.0,0.0,169.0,772.0,4.0,940.0,0.0,1109.0,0.0,0.0,0.0,0.0,771.0,0.0,0.0,2.0,772.0,2.0,4.0,252.0,1101.2775341,0.0,169.0,0.0,0.0,1109.0,1.0,0.0,1.0
0.0,1814.0,1.0,1320.0,108.0,0.0,494.0,507.0,3.0,1320.0,543.0,1814.0,1814.0,363.0,0.0,0.0,507.0,362.0,0.0,0.0,507.0,0.0,3.0,236.0,1093.2072584,0.0,493.0,0.0,0.0,0.0,1.0,0.0,1.0
0.0,0.0,0.0,157.0,87.0,0.0,1298.0,0.0,3.0,157.0,0.0,1455.0,0.0,0.0,0.0,0.0,0.0,0.0,0.0,0.0,0.0,0.0,3.0,157.0,1068.5866913,0.0,1298.0,0.0,0.0,1455.0,1.0,0.0,1.0
0.0,0.0,0.0,239.0,18.0,0.0,0.0,160.0,2.0,317.0,0.0,239.0,0.0,0.0,0.0,0.0,160.0,0.0,0.0,0.0,82.0,0.0,2.0,157.0,1108.7359497,0.0,0.0,0.0,0.0,239.0,1.0,0.0,1.0
0.0,0.0,0.0,565.0,76.0,0.0,190.0,408.0,1.0,565.0,0.0,755.0,0.0,0.0,0.0,1.0,408.0,0.0,0.0,0.0,408.0,0.0,1.0,235.0,1102.3002345,64.0,190.0,0.0,0.0,755.0,1.0,0.0,1.0
0.0,0.0,0.0,325.0,74.0,0.0,410.0,168.0,1.0,325.0,0.0,735.0,0.0,0.0,0.0,1.0,168.0,0.0,0.0,0.0,168.0,0.0,1.0,235.0,1095.5576725,735.0,410.0,0.0,0.0,735.0,1.0,0.0,1.0
0.0,0.0,0.0,561.0,78.0,0.0,211.0,404.0,1.0,561.0,0.0,772.0,0.0,0.0,0.0,0.0,403.0,0.0,0.0,1.0,404.0,0.0,1.0,236.0,1101.5851143,0.0,211.0,0.0,0.0,772.0,1.0,0.0,1.0
48.0,0.0,0.0,650.0,89.0,0.0,236.0,493.0,1.0,650.0,0.0,886.0,0.0,0.0,0.0,1.0,492.0,0.0,0.0,0.0,493.0,0.0,1.0,236.0,1100.8699941,0.0,236.0,48.0,0.0,886.0,1.0,0.0,1.0
0.0,0.0,0.0,157.0,18.0,0.0,89.0,0.0,2.0,157.0,0.0,246.0,0.0,0.0,0.0,0.0,0.0,0.0,0.0,0.0,0.0,0.0,2.0,157.0,1105.9776288,0.0,89.0,0.0,0.0,246.0,1.0,0.0,1.0
0.0,416.0,1.0,416.0,31.0,0.0,0.0,517.0,2.0,757.0,0.0,416.0,0.0,83.0,0.0,0.0,517.0,83.0,0.0,0.0,176.0,1.0,2.0,0.0,1108.7359497,0.0,0.0,0.0,0.0,0.0,1.0,0.0,1.0
16.0,0.0,0.0,230.0,84.0,0.0,597.0,0.0,1.0,230.0,0.0,827.0,0.0,0.0,0.0,0.0,0.0,0.0,0.0,1.0,0.0,0.0,1.0,157.0,1089.9388709,0.0,597.0,16.0,0.0,827.0,1.0,0.0,1.0
0.0,0.0,0.0,1084.0,109.0,0.0,0.0,892.0,1.0,1096.0,0.0,1084.0,0.0,0.0,0.0,0.0,892.0,0.0,0.0,1.0,880.0,0.0,1.0,223.0,1108.1233562,0.0,0.0,0.0,0.0,1084.0,1.0,0.0,1.0
0.0,2000.0,1.0,643.0,119.0,0.0,1357.0,86.0,3.0,643.0,486.0,2000.0,2000.0,400.0,0.0,0.0,85.0,400.0,0.0,0.0,86.0,0.0,3.0,236.0,1066.7478108,0.0,1358.0,0.0,0.0,0.0,1.0,0.0,1.0
30.0,0.0,0.0,157.0,105.0,0.0,879.0,0.0,1.0,157.0,0.0,1036.0,0.0,0.0,0.0,1.0,0.0,0.0,0.0,0.0,0.0,0.0,1.0,157.0,1089.9388709,0.0,879.0,30.0,0.0,1036.0,1.0,0.0,1.0
0.0,0.0,0.0,522.0,78.0,0.0,248.0,365.0,1.0,522.0,0.0,770.0,0.0,0.0,15.0,0.0,364.0,0.0,0.0,1.0,365.0,0.0,1.0,236.0,1100.4613539,88.0,248.0,0.0,0.0,770.0,1.0,0.0,1.0
270.0,944.0,1.0,862.0,71.0,0.0,82.0,517.0,2.0,862.0,261.0,944.0,944.0,189.0,0.0,0.0,517.0,188.0,0.0,0.0,517.0,0.0,2.0,215.0,1106.1819489,0.0,81.0,270.0,0.0,0.0,1.0,0.0,1.0
0.0,0.0,0.0,755.0,76.0,0.0,0.0,638.0,1.0,795.0,0.0,755.0,0.0,0.0,51.0,1.0,638.0,0.0,0.0,0.0,598.0,0.0,1.0,195.0,1108.1233562,145.0,0.0,0.0,0.0,755.0,1.0,0.0,1.0
0.0,0.0,0.0,401.0,74.0,0.0,334.0,244.0,1.0,401.0,0.0,735.0,0.0,0.0,0.0,1.0,244.0,0.0,0.0,0.0,244.0,0.0,1.0,235.0,1097.8051932,735.0,334.0,0.0,0.0,735.0,1.0,0.0,1.0
0.0,0.0,0.0,454.0,74.0,0.0,281.0,297.0,1.0,454.0,0.0,735.0,0.0,0.0,0.0,1.0,297.0,0.0,0.0,0.0,297.0,0.0,1.0,235.0,1099.4397536,735.0,281.0,0.0,0.0,735.0,1.0,0.0,1.0
0.0,1601.0,1.0,1005.0,79.0,0.0,596.0,517.0,4.0,1005.0,463.0,1601.0,1601.0,320.0,0.0,0.0,517.0,320.0,0.0,0.0,517.0,0.0,4.0,235.0,1088.2010503,0.0,596.0,0.0,0.0,0.0,1.0,0.0,1.0
0.0,0.0,0.0,990.0,105.0,0.0,416.0,833.0,2.0,990.0,0.0,1406.0,0.0,0.0,0.0,0.0,832.0,0.0,0.0,2.0,833.0,0.0,2.0,236.0,1095.9659459,0.0,416.0,0.0,0.0,1406.0,1.0,0.0,1.0
0.0,1633.0,1.0,686.0,119.0,0.0,2544.0,134.0,6.0,686.0,460.0,3230.0,1633.0,326.0,0.0,0.0,134.0,326.0,0.0,0.0,134.0,0.0,6.0,339.0,1024.5546184,0.0,2543.0,0.0,0.0,1597.0,1.0,0.0,1.0
0.0,0.0,0.0,293.0,79.0,0.0,493.0,136.0,1.0,293.0,0.0,786.0,0.0,0.0,51.0,1.0,135.0,0.0,0.0,0.0,136.0,0.0,1.0,236.0,1093.0036718,735.0,493.0,0.0,0.0,786.0,1.0,0.0,1.0
0.0,0.0,0.0,705.0,71.0,0.0,0.0,738.0,1.0,895.0,0.0,705.0,0.0,0.0,0.0,1.0,738.0,0.0,0.0,0.0,548.0,0.0,1.0,45.0,1108.1233562,705.0,0.0,0.0,0.0,705.0,1.0,0.0,1.0
0.0,0.0,0.0,0.0,0.0,0.0,0.0,350.0,2.0,507.0,0.0,0.0,0.0,0.0,0.0,0.0,350.0,0.0,0.0,0.0,0.0,0.0,2.0,0.0,1108.7359497,0.0,0.0,0.0,0.0,0.0,1.0,0.0,1.0
0.0,1419.0,1.0,957.0,88.0,0.0,524.0,517.0,3.0,957.0,330.0,1481.0,1419.0,284.0,0.0,0.0,517.0,283.0,0.0,0.0,517.0,0.0,3.0,157.0,1092.2878182,0.0,524.0,0.0,0.0,62.0,1.0,0.0,1.0
0.0,591.0,1.0,591.0,60.0,0.0,0.0,465.0,1.0,740.0,28.0,591.0,591.0,118.0,0.0,0.0,465.0,118.0,0.0,0.0,316.0,0.0,1.0,86.0,1108.1233562,0.0,0.0,0.0,0.0,0.0,1.0,0.0,1.0
0.0,0.0,0.0,806.0,81.0,0.0,0.0,732.0,1.0,889.0,0.0,806.0,0.0,0.0,51.0,1.0,731.0,0.0,0.0,0.0,649.0,0.0,1.0,153.0,1108.1233562,72.0,0.0,0.0,0.0,806.0,1.0,0.0,1.0
0.0,0.0,0.0,157.0,74.0,0.0,578.0,0.0,1.0,157.0,0.0,735.0,0.0,0.0,0.0,1.0,0.0,0.0,0.0,0.0,0.0,0.0,1.0,157.0,1090.347511,735.0,578.0,0.0,0.0,735.0,1.0,0.0,1.0
0.0,0.0,0.0,755.0,76.0,0.0,0.0,708.0,1.0,865.0,0.0,755.0,0.0,0.0,0.0,0.0,708.0,0.0,0.0,1.0,598.0,1.0,1.0,125.0,1108.1233562,106.0,0.0,0.0,0.0,755.0,1.0,0.0,1.0
0.0,0.0,0.0,898.0,80.0,0.0,168.0,741.0,2.0,898.0,0.0,1066.0,0.0,0.0,0.0,1.0,741.0,0.0,0.0,0.0,741.0,0.0,2.0,236.0,1103.5257881,0.0,168.0,0.0,0.0,1066.0,1.0,0.0,1.0
0.0,0.0,0.0,0.0,0.0,0.0,0.0,51.0,4.0,219.0,0.0,0.0,0.0,0.0,0.0,0.0,51.0,0.0,0.0,0.0,0.0,0.0,4.0,0.0,1106.4876956,0.0,0.0,0.0,0.0,0.0,1.0,0.0,1.0
51.0,0.0,0.0,444.0,126.0,0.0,808.0,197.0,1.0,444.0,0.0,1252.0,0.0,0.0,0.0,0.0,196.0,0.0,0.0,1.0,197.0,0.0,1.0,236.0,1089.9388709,0.0,808.0,51.0,0.0,1252.0,1.0,0.0,1.0
0.0,0.0,0.0,304.0,91.0,0.0,1230.0,0.0,3.0,304.0,0.0,1534.0,0.0,0.0,0.0,1.0,0.0,0.0,0.0,0.0,0.0,0.0,3.0,157.0,1070.7320519,545.0,1230.0,0.0,0.0,1534.0,1.0,0.0,1.0
0.0,251.0,1.0,270.0,99.0,0.0,714.0,63.0,1.0,270.0,75.0,984.0,251.0,50.0,0.0,1.0,62.0,50.0,0.0,0.0,63.0,0.0,1.0,220.0,1089.9388709,733.0,715.0,0.0,0.0,733.0,1.0,0.0,1.0
0.0,0.0,0.0,675.0,74.0,0.0,60.0,518.0,1.0,675.0,0.0,735.0,0.0,0.0,0.0,0.0,518.0,0.0,0.0,1.0,518.0,0.0,1.0,235.0,1106.2844756,735.0,60.0,0.0,0.0,735.0,1.0,0.0,1.0
0.0,0.0,0.0,453.0,76.0,0.0,302.0,296.0,1.0,453.0,0.0,755.0,0.0,0.0,0.0,0.0,296.0,0.0,0.0,1.0,296.0,0.0,1.0,235.0,1098.8267935,67.0,302.0,0.0,0.0,755.0,1.0,0.0,1.0
0.0,369.0,1.0,241.0,108.0,0.0,1937.0,0.0,4.0,241.0,73.0,2178.0,369.0,74.0,0.0,0.0,0.0,73.0,0.0,2.0,0.0,0.0,4.0,168.0,1047.0305583,0.0,1936.0,0.0,0.0,1809.0,1.0,0.0,1.0
0.0,0.0,0.0,735.0,31.0,0.0,0.0,563.0,5.0,760.0,0.0,735.0,0.0,0.0,0.0,1.0,563.0,0.0,0.0,0.0,538.0,0.0,5.0,270.0,1102.9117279,735.0,0.0,0.0,0.0,735.0,1.0,0.0,1.0
0.0,0.0,0.0,157.0,76.0,0.0,598.0,0.0,1.0,157.0,0.0,755.0,0.0,0.0,0.0,0.0,0.0,0.0,0.0,1.0,0.0,0.0,1.0,157.0,1089.9388709,425.0,598.0,0.0,0.0,755.0,1.0,0.0,1.0
0.0,1755.0,1.0,793.0,96.0,0.0,1479.0,245.0,5.0,793.0,526.0,2272.0,1755.0,351.0,0.0,0.0,245.0,351.0,0.0,0.0,245.0,0.0,5.0,295.0,1057.5526747,0.0,1480.0,0.0,0.0,517.0,1.0,0.0,1.0
0.0,0.0,0.0,482.0,49.0,0.0,0.0,578.0,1.0,735.0,0.0,482.0,0.0,0.0,0.0,0.0,691.0,0.0,0.0,1.0,325.0,0.0,1.0,0.0,1108.1233562,0.0,0.0,0.0,0.0,482.0,1.0,0.0,1.0
0.0,0.0,0.0,546.0,89.0,0.0,338.0,317.0,1.0,546.0,0.0,884.0,0.0,0.0,0.0,1.0,316.0,0.0,0.0,0.0,317.0,0.0,1.0,236.0,1097.7030331,0.0,338.0,0.0,0.0,884.0,1.0,0.0,1.0
0.0,1054.0,1.0,895.0,52.0,0.0,159.0,517.0,4.0,895.0,210.0,1054.0,1054.0,211.0,0.0,0.0,517.0,210.0,0.0,0.0,517.0,0.0,4.0,168.0,1101.5840142,0.0,158.0,0.0,0.0,0.0,1.0,0.0,1.0
0.0,907.0,1.0,525.0,92.0,0.0,703.0,187.0,2.0,525.0,271.0,1228.0,907.0,181.0,0.0,0.0,187.0,181.0,0.0,0.0,187.0,0.0,2.0,235.0,1087.1801834,0.0,703.0,0.0,0.0,321.0,1.0,0.0,1.0
0.0,0.0,0.0,0.0,0.0,0.0,0.0,0.0,1.0,157.0,0.0,0.0,0.0,0.0,0.0,0.0,0.0,0.0,0.0,0.0,0.0,0.0,1.0,0.0,1108.1233562,0.0,0.0,0.0,0.0,0.0,1.0,0.0,1.0
0.0,0.0,0.0,0.0,0.0,0.0,0.0,0.0,1.0,157.0,0.0,0.0,0.0,0.0,0.0,0.0,0.0,0.0,0.0,0.0,0.0,0.0,1.0,0.0,1108.1233562,0.0,0.0,0.0,0.0,0.0,1.0,0.0,1.0
0.0,1831.0,1.0,743.0,90.0,0.0,1088.0,209.0,4.0,743.0,549.0,1831.0,1831.0,366.0,0.0,0.0,208.0,366.0,0.0,0.0,209.0,0.0,4.0,252.0,1073.0813659,0.0,1088.0,0.0,0.0,0.0,1.0,0.0,1.0
0.0,946.0,1.0,783.0,75.0,320.0,483.0,437.0,3.0,783.0,283.0,1266.0,946.0,189.0,0.0,0.0,437.0,189.0,1.0,0.0,437.0,0.0,3.0,235.0,1093.6158986,0.0,483.0,0.0,0.0,320.0,1.0,0.0,1.0
0.0,1030.0,1.0,663.0,67.0,0.0,467.0,300.0,3.0,663.0,309.0,1130.0,1030.0,206.0,0.0,0.0,339.0,206.0,0.0,0.0,300.0,0.0,3.0,236.0,1094.0245387,0.0,428.0,0.0,0.0,100.0,1.0,0.0,1.0
1181.0,1270.0,1.0,549.0,128.0,0.0,721.0,0.0,1.0,549.0,254.0,1270.0,1270.0,254.0,0.0,0.0,0.0,254.0,0.0,0.0,0.0,0.0,1.0,157.0,1089.9388709,0.0,721.0,1181.0,0.0,0.0,1.0,0.0,1.0
0.0,0.0,0.0,325.0,49.0,331.0,496.0,168.0,3.0,325.0,0.0,821.0,0.0,0.0,0.0,1.0,168.0,0.0,1.0,0.0,168.0,3.0,3.0,235.0,1093.2072584,490.0,496.0,0.0,0.0,821.0,1.0,0.0,1.0
0.0,1290.0,1.0,932.0,77.0,0.0,358.0,517.0,3.0,932.0,384.0,1290.0,1290.0,258.0,0.0,0.0,517.0,258.0,0.0,0.0,517.0,0.0,3.0,233.0,1097.3958197,0.0,358.0,0.0,0.0,0.0,1.0,0.0,1.0
0.0,0.0,0.0,714.0,35.0,0.0,106.0,517.0,5.0,714.0,0.0,820.0,0.0,0.0,0.0,0.0,517.0,0.0,0.0,0.0,517.0,5.0,5.0,197.0,1099.6426069,0.0,106.0,0.0,0.0,820.0,1.0,0.0,1.0
0.0,0.0,0.0,0.0,0.0,0.0,0.0,517.0,4.0,685.0,0.0,0.0,0.0,0.0,0.0,0.0,0.0,0.0,0.0,0.0,0.0,0.0,4.0,0.0,1106.4876956,0.0,0.0,0.0,0.0,0.0,1.0,0.0,1.0
0.0,0.0,0.0,157.0,81.0,0.0,649.0,0.0,1.0,157.0,0.0,806.0,0.0,0.0,51.0,0.0,0.0,0.0,0.0,1.0,0.0,0.0,1.0,157.0,1215.9181044,119.0,649.0,0.0,0.0,806.0,1.0,0.0,1.0
0.0,455.0,1.0,592.0,68.0,0.0,1017.0,304.0,5.0,592.0,137.0,1609.0,455.0,91.0,0.0,1.0,303.0,91.0,0.0,0.0,304.0,0.0,5.0,296.0,1623.2710521,510.0,1018.0,0.0,0.0,1154.0,1.0,0.0,1.0
0.0,0.0,0.0,157.0,92.0,0.0,1077.0,0.0,2.0,157.0,0.0,1234.0,0.0,0.0,0.0,0.0,0.0,0.0,0.0,2.0,0.0,0.0,2.0,157.0,1547.5223659,0.0,1077.0,0.0,0.0,1234.0,1.0,0.0,1.0
0.0,0.0,0.0,157.0,76.0,0.0,598.0,0.0,1.0,157.0,0.0,755.0,0.0,0.0,0.0,0.0,0.0,0.0,0.0,1.0,0.0,0.0,1.0,157.0,1215.9181044,163.0,598.0,0.0,0.0,755.0,1.0,0.0,1.0
0.0,967.0,1.0,867.0,98.0,0.0,100.0,517.0,1.0,867.0,283.0,967.0,967.0,193.0,0.0,0.0,517.0,193.0,0.0,0.0,517.0,0.0,1.0,229.0,858.90632074,0.0,100.0,0.0,0.0,0.0,1.0,0.0,1.0
0.0,0.0,0.0,0.0,0.0,0.0,0.0,517.0,2.0,674.0,0.0,0.0,0.0,0.0,0.0,0.0,0.0,0.0,0.0,0.0,0.0,2.0,2.0,0.0,765.9560408,0.0,0.0,0.0,0.0,0.0,1.0,0.0,1.0
0.0,0.0,0.0,0.0,0.0,0.0,0.0,457.0,1.0,614.0,0.0,0.0,0.0,0.0,0.0,0.0,0.0,0.0,0.0,0.0,0.0,0.0,1.0,0.0,786.53907689,0.0,0.0,0.0,0.0,0.0,1.0,0.0,1.0
0.0,0.0,0.0,278.0,27.0,367.0,89.0,121.0,2.0,278.0,0.0,367.0,0.0,0.0,0.0,0.0,121.0,0.0,1.0,0.0,121.0,0.0,2.0,235.0,831.08656181,0.0,89.0,0.0,0.0,367.0,1.0,0.0,1.0
0.0,1378.0,1.0,949.0,82.0,0.0,429.0,517.0,3.0,949.0,402.0,1378.0,0.0,276.0,0.0,0.0,517.0,275.0,0.0,0.0,517.0,0.0,3.0,225.0,1078.2623705,0.0,429.0,0.0,0.0,0.0,1.0,0.0,1.0
0.0,0.0,0.0,439.0,76.0,0.0,316.0,282.0,1.0,439.0,0.0,755.0,0.0,0.0,0.0,1.0,282.0,0.0,0.0,0.0,282.0,0.0,1.0,235.0,1015.7020357,107.0,316.0,0.0,0.0,755.0,1.0,0.0,1.0
0.0,0.0,0.0,157.0,83.0,0.0,945.0,0.0,2.0,157.0,0.0,1102.0,0.0,0.0,0.0,0.0,0.0,0.0,0.0,2.0,0.0,2.0,2.0,157.0,1451.0326949,1102.0,946.0,0.0,0.0,1102.0,1.0,0.0,1.0
0.0,1537.0,1.0,980.0,92.0,0.0,567.0,516.0,3.0,980.0,461.0,1547.0,1537.0,307.0,0.0,0.0,516.0,307.0,0.0,0.0,516.0,0.0,3.0,236.0,1179.5765216,0.0,567.0,0.0,0.0,10.0,1.0,0.0,1.0
0.0,320.0,1.0,221.0,32.0,0.0,99.0,0.0,1.0,221.0,64.0,320.0,320.0,64.0,0.0,0.0,0.0,64.0,0.0,0.0,0.0,0.0,1.0,157.0,858.90632074,0.0,99.0,0.0,0.0,0.0,1.0,0.0,1.0
0.0,0.0,0.0,510.0,77.0,0.0,256.0,353.0,1.0,510.0,0.0,766.0,0.0,0.0,0.0,0.0,352.0,0.0,0.0,1.0,353.0,0.0,1.0,236.0,972.28168247,0.0,256.0,0.0,0.0,766.0,1.0,0.0,1.0
0.0,0.0,0.0,421.0,67.0,0.0,240.0,264.0,1.0,421.0,0.0,661.0,0.0,0.0,0.0,0.0,264.0,0.0,0.0,1.0,264.0,0.0,1.0,235.0,960.2204728,661.0,241.0,0.0,0.0,661.0,1.0,0.0,1.0
0.0,0.0,0.0,640.0,81.0,0.0,166.0,483.0,1.0,640.0,0.0,806.0,0.0,0.0,51.0,1.0,482.0,0.0,0.0,0.0,483.0,0.0,1.0,236.0,907.15115351,96.0,166.0,0.0,0.0,806.0,1.0,0.0,1.0
0.0,0.0,0.0,755.0,76.0,0.0,0.0,658.0,1.0,815.0,0.0,755.0,0.0,0.0,0.0,1.0,658.0,0.0,0.0,0.0,598.0,0.0,1.0,175.0,786.53906355,108.0,0.0,0.0,0.0,755.0,1.0,0.0,1.0
0.0,0.0,0.0,433.0,81.0,0.0,373.0,276.0,1.0,433.0,0.0,806.0,0.0,0.0,51.0,0.0,275.0,0.0,0.0,1.0,276.0,0.0,1.0,236.0,1056.7101456,478.0,373.0,0.0,0.0,806.0,1.0,0.0,1.0
0.0,901.0,1.0,854.0,71.0,0.0,343.0,517.0,3.0,854.0,180.0,1197.0,901.0,180.0,0.0,0.0,517.0,180.0,0.0,0.0,517.0,0.0,3.0,157.0,1015.5440862,0.0,342.0,0.0,0.0,296.0,1.0,0.0,1.0
0.0,0.0,0.0,112.0,7.0,0.0,0.0,457.0,3.0,614.0,0.0,112.0,0.0,0.0,0.0,0.0,0.0,0.0,0.0,0.0,0.0,0.0,3.0,0.0,767.08318252,0.0,0.0,0.0,0.0,112.0,1.0,0.0,1.0
0.0,0.0,0.0,0.0,0.0,0.0,0.0,457.0,1.0,614.0,0.0,0.0,0.0,0.0,0.0,0.0,457.0,0.0,0.0,0.0,0.0,0.0,1.0,0.0,786.53906355,0.0,0.0,0.0,0.0,0.0,1.0,0.0,1.0
0.0,396.0,1.0,356.0,24.0,0.0,40.0,120.0,3.0,356.0,118.0,396.0,396.0,79.0,0.0,0.0,120.0,79.0,0.0,0.0,120.0,0.0,3.0,235.0,796.03008603,0.0,40.0,0.0,0.0,0.0,1.0,0.0,1.0
0.0,0.0,0.0,0.0,0.0,0.0,0.0,517.0,2.0,674.0,0.0,0.0,0.0,0.0,0.0,0.0,517.0,0.0,0.0,0.0,0.0,0.0,2.0,0.0,765.9560408,0.0,0.0,0.0,0.0,0.0,1.0,0.0,1.0
0.0,0.0,0.0,363.0,81.0,0.0,443.0,206.0,1.0,363.0,0.0,806.0,0.0,0.0,51.0,0.0,205.0,0.0,0.0,1.0,206.0,0.0,1.0,236.0,1107.3672215,598.0,443.0,0.0,0.0,806.0,1.0,0.0,1.0
0.0,0.0,0.0,157.0,74.0,0.0,578.0,0.0,1.0,157.0,0.0,735.0,0.0,0.0,0.0,1.0,0.0,0.0,0.0,0.0,0.0,0.0,1.0,157.0,1206.2691325,735.0,578.0,0.0,0.0,735.0,1.0,0.0,1.0
0.0,368.0,1.0,362.0,37.0,0.0,6.0,132.0,1.0,362.0,109.0,368.0,368.0,73.0,0.0,0.0,132.0,73.0,0.0,0.0,132.0,0.0,1.0,235.0,791.36355334,0.0,5.0,0.0,0.0,0.0,1.0,0.0,1.0
0.0,1611.0,1.0,880.0,80.0,0.0,731.0,390.0,4.0,880.0,483.0,1611.0,1611.0,322.0,0.0,0.0,390.0,322.0,0.0,0.0,390.0,0.0,4.0,252.0,1337.499379,0.0,731.0,0.0,0.0,0.0,1.0,0.0,1.0
0.0,0.0,0.0,386.0,85.0,0.0,456.0,229.0,1.0,386.0,0.0,842.0,0.0,0.0,0.0,1.0,228.0,0.0,0.0,0.0,229.0,0.0,1.0,236.0,1117.0161877,0.0,456.0,0.0,0.0,842.0,1.0,0.0,1.0
0.0,0.0,0.0,0.0,0.0,0.0,0.0,0.0,1.0,157.0,0.0,0.0,0.0,0.0,0.0,0.0,0.0,0.0,0.0,0.0,0.0,0.0,1.0,0.0,786.53906355,0.0,0.0,0.0,0.0,0.0,1.0,0.0,1.0
0.0,0.0,0.0,698.0,77.0,0.0,61.0,541.0,1.0,698.0,0.0,759.0,0.0,0.0,0.0,1.0,541.0,0.0,0.0,0.0,541.0,0.0,1.0,235.0,832.37165939,0.0,61.0,0.0,0.0,759.0,1.0,0.0,1.0
0.0,710.0,1.0,629.0,72.0,0.0,81.0,330.0,1.0,629.0,213.0,710.0,710.0,142.0,0.0,0.0,329.0,142.0,0.0,0.0,330.0,0.0,1.0,236.0,846.84511353,0.0,82.0,0.0,0.0,0.0,1.0,0.0,1.0
0.0,0.0,0.0,487.0,60.0,0.0,104.0,330.0,1.0,487.0,0.0,591.0,0.0,0.0,0.0,0.0,330.0,0.0,0.0,1.0,330.0,0.0,1.0,235.0,863.73080183,0.0,104.0,0.0,0.0,591.0,1.0,0.0,1.0
0.0,0.0,0.0,347.0,17.0,0.0,0.0,517.0,4.0,685.0,0.0,347.0,0.0,0.0,0.0,0.0,517.0,0.0,0.0,0.0,179.0,0.0,4.0,0.0,806.80619527,0.0,0.0,0.0,0.0,347.0,1.0,0.0,1.0
0.0,0.0,0.0,730.0,76.0,0.0,25.0,485.0,1.0,730.0,0.0,755.0,0.0,0.0,0.0,1.0,485.0,0.0,0.0,0.0,485.0,0.0,1.0,235.0,805.8370086,428.0,25.0,0.0,0.0,755.0,1.0,0.0,1.0
0.0,0.0,0.0,157.0,88.0,0.0,714.0,0.0,1.0,157.0,0.0,871.0,0.0,0.0,0.0,0.0,0.0,0.0,0.0,1.0,0.0,0.0,1.0,157.0,1215.9181044,0.0,714.0,0.0,0.0,871.0,1.0,0.0,1.0
50.0,1952.0,1.0,987.0,92.0,0.0,1501.0,371.0,6.0,987.0,585.0,2488.0,1952.0,390.0,0.0,0.0,371.0,390.0,0.0,0.0,371.0,0.0,6.0,339.0,1974.1732496,0.0,1500.0,50.0,0.0,536.0,1.0,0.0,1.0
109.0,380.0,1.0,569.0,148.0,0.0,892.0,336.0,1.0,569.0,114.0,1461.0,380.0,76.0,0.0,1.0,336.0,76.0,0.0,0.0,336.0,0.0,1.0,235.0,1215.9181044,0.0,892.0,109.0,0.0,1081.0,1.0,0.0,1.0
0.0,930.0,1.0,770.0,51.0,0.0,267.0,416.0,4.0,770.0,279.0,1037.0,718.0,186.0,0.0,0.0,415.0,186.0,0.0,0.0,416.0,0.0,4.0,252.0,1002.1977779,0.0,268.0,0.0,0.0,107.0,1.0,0.0,1.0
0.0,0.0,0.0,735.0,74.0,0.0,0.0,593.0,1.0,750.0,0.0,735.0,0.0,0.0,0.0,1.0,593.0,0.0,0.0,0.0,578.0,0.0,1.0,220.0,786.53907689,735.0,0.0,0.0,0.0,735.0,1.0,0.0,1.0
10.0,0.0,0.0,0.0,0.0,0.0,0.0,517.0,3.0,674.0,0.0,0.0,0.0,0.0,0.0,0.0,517.0,0.0,0.0,0.0,0.0,0.0,3.0,0.0,767.08318252,0.0,0.0,10.0,0.0,0.0,1.0,0.0,1.0
0.0,861.0,1.0,836.0,51.0,0.0,25.0,507.0,3.0,836.0,258.0,861.0,0.0,172.0,0.0,0.0,507.0,172.0,0.0,0.0,507.0,0.0,3.0,235.0,786.38111878,0.0,24.0,0.0,0.0,0.0,1.0,0.0,1.0
0.0,951.0,1.0,496.0,71.0,0.0,455.0,149.0,2.0,496.0,285.0,951.0,951.0,190.0,0.0,0.0,149.0,190.0,0.0,0.0,149.0,0.0,2.0,235.0,1096.4331621,0.0,454.0,0.0,0.0,0.0,1.0,0.0,1.0
0.0,880.0,1.0,609.0,68.0,0.0,1006.0,236.0,5.0,609.0,264.0,1615.0,880.0,176.0,0.0,1.0,236.0,176.0,0.0,0.0,236.0,0.0,5.0,295.0,1613.6220869,735.0,1006.0,0.0,0.0,735.0,1.0,0.0,1.0
0.0,1462.0,1.0,1119.0,87.0,0.0,343.0,270.0,3.0,1119.0,438.0,1462.0,1462.0,292.0,0.0,0.0,270.0,292.0,0.0,0.0,270.0,0.0,3.0,236.0,1015.5440862,0.0,343.0,0.0,0.0,0.0,1.0,0.0,1.0
0.0,0.0,0.0,0.0,0.0,0.0,0.0,0.0,3.0,157.0,0.0,0.0,0.0,0.0,0.0,0.0,0.0,0.0,0.0,0.0,0.0,0.0,3.0,0.0,767.08318252,0.0,0.0,0.0,0.0,0.0,1.0,0.0,1.0
0.0,0.0,0.0,0.0,0.0,0.0,0.0,0.0,1.0,157.0,0.0,0.0,0.0,0.0,0.0,0.0,0.0,0.0,0.0,0.0,0.0,0.0,1.0,0.0,786.53907689,0.0,0.0,0.0,0.0,0.0,1.0,0.0,1.0
0.0,0.0,0.0,284.0,21.0,0.0,0.0,394.0,2.0,551.0,0.0,284.0,0.0,0.0,0.0,0.0,393.0,0.0,0.0,1.0,127.0,0.0,2.0,0.0,765.9560408,0.0,0.0,0.0,0.0,284.0,1.0,0.0,1.0
0.0,2148.0,1.0,597.0,106.0,0.0,1551.0,0.0,4.0,597.0,429.0,2148.0,2148.0,430.0,0.0,0.0,0.0,429.0,0.0,0.0,0.0,0.0,4.0,168.0,1930.9108536,0.0,1550.0,0.0,0.0,0.0,1.0,0.0,1.0
0.0,0.0,0.0,928.0,94.0,0.0,0.0,1216.0,1.0,1463.0,0.0,928.0,0.0,0.0,0.0,1.0,1215.0,0.0,0.0,0.0,681.0,0.0,1.0,0.0,786.53907689,0.0,0.0,0.0,0.0,928.0,1.0,0.0,1.0
0.0,573.0,1.0,454.0,24.0,0.0,119.0,0.0,5.0,454.0,114.0,573.0,573.0,115.0,0.0,0.0,517.0,114.0,0.0,0.0,0.0,0.0,5.0,197.0,971.96578075,0.0,0.0,0.0,0.0,0.0,1.0,0.0,1.0
0.0,408.0,1.0,408.0,41.0,0.0,0.0,380.0,1.0,618.0,0.0,408.0,0.0,82.0,0.0,0.0,380.0,81.0,0.0,0.0,170.0,0.0,1.0,25.0,786.53907689,0.0,0.0,0.0,0.0,0.0,1.0,0.0,1.0
0.0,0.0,0.0,0.0,0.0,0.0,0.0,517.0,2.0,674.0,0.0,0.0,0.0,0.0,0.0,0.0,0.0,0.0,0.0,0.0,0.0,0.0,2.0,0.0,765.9560408,0.0,0.0,0.0,0.0,0.0,1.0,0.0,1.0
0.0,0.0,0.0,0.0,0.0,0.0,0.0,0.0,1.0,157.0,0.0,0.0,0.0,0.0,0.0,0.0,0.0,0.0,0.0,0.0,0.0,1.0,1.0,0.0,786.53907689,0.0,0.0,0.0,0.0,0.0,1.0,0.0,1.0
0.0,999.0,1.0,356.0,78.0,0.0,691.0,0.0,2.0,356.0,199.0,1047.0,999.0,200.0,0.0,0.0,0.0,199.0,0.0,0.0,0.0,0.0,2.0,157.0,1267.7023229,0.0,690.0,0.0,0.0,48.0,1.0,0.0,1.0
0.0,899.0,1.0,822.0,54.0,0.0,77.0,486.0,3.0,822.0,269.0,899.0,899.0,180.0,0.0,0.0,486.0,179.0,0.0,0.0,486.0,0.0,3.0,236.0,824.97698318,0.0,76.0,0.0,0.0,0.0,1.0,0.0,1.0
0.0,657.0,1.0,643.0,77.0,0.0,391.0,355.0,2.0,643.0,196.0,1034.0,0.0,131.0,0.0,0.0,355.0,131.0,0.0,0.0,355.0,0.0,2.0,235.0,1050.6005677,0.0,390.0,0.0,0.0,377.0,1.0,0.0,1.0
0.0,0.0,0.0,157.0,76.0,0.0,598.0,0.0,1.0,157.0,0.0,755.0,0.0,0.0,0.0,1.0,0.0,0.0,0.0,0.0,0.0,0.0,1.0,157.0,1215.9181044,69.0,598.0,0.0,0.0,755.0,1.0,0.0,1.0
0.0,0.0,0.0,422.0,76.0,0.0,333.0,265.0,1.0,422.0,0.0,755.0,0.0,0.0,0.0,1.0,265.0,0.0,0.0,0.0,265.0,0.0,1.0,235.0,1027.7632514,5.0,333.0,0.0,0.0,755.0,1.0,0.0,1.0
0.0,0.0,0.0,62.0,6.0,0.0,0.0,51.0,1.0,208.0,0.0,62.0,0.0,0.0,0.0,0.0,51.0,0.0,0.0,0.0,0.0,0.0,1.0,42.0,786.53907689,0.0,0.0,0.0,0.0,62.0,1.0,0.0,1.0
0.0,0.0,0.0,0.0,0.0,0.0,0.0,0.0,1.0,157.0,0.0,0.0,0.0,0.0,0.0,0.0,0.0,0.0,0.0,0.0,0.0,0.0,1.0,0.0,786.53907689,0.0,0.0,0.0,0.0,0.0,1.0,0.0,1.0
0.0,0.0,0.0,0.0,0.0,0.0,0.0,0.0,1.0,157.0,0.0,0.0,0.0,0.0,0.0,0.0,0.0,0.0,0.0,0.0,0.0,0.0,1.0,0.0,786.53907689,0.0,0.0,0.0,0.0,0.0,1.0,0.0,1.0
0.0,0.0,0.0,454.0,74.0,0.0,281.0,297.0,1.0,454.0,0.0,735.0,0.0,0.0,0.0,1.0,297.0,0.0,0.0,0.0,297.0,0.0,1.0,235.0,991.57961862,735.0,281.0,0.0,0.0,735.0,1.0,0.0,1.0
0.0,1517.0,1.0,805.0,75.0,0.0,712.0,334.0,4.0,805.0,454.0,1517.0,1517.0,303.0,0.0,0.0,334.0,303.0,0.0,0.0,334.0,0.0,4.0,252.0,1323.0259357,0.0,712.0,0.0,0.0,0.0,1.0,0.0,1.0
0.0,200.0,1.0,200.0,20.0,0.0,0.0,75.0,1.0,272.0,0.0,200.0,0.0,40.0,0.0,0.0,74.0,40.0,0.0,1.0,3.0,0.0,1.0,160.0,786.53907689,0.0,0.0,0.0,0.0,0.0,1.0,0.0,1.0
0.0,0.0,0.0,465.0,70.0,0.0,228.0,308.0,1.0,465.0,0.0,693.0,0.0,0.0,0.0,0.0,308.0,0.0,0.0,1.0,308.0,0.0,1.0,235.0,952.98374765,0.0,228.0,0.0,0.0,693.0,1.0,0.0,1.0
0.0,1790.0,1.0,826.0,88.0,0.0,964.0,200.0,4.0,826.0,537.0,1790.0,1790.0,358.0,0.0,0.0,200.0,358.0,0.0,0.0,200.0,0.0,4.0,252.0,1506.356307,0.0,964.0,0.0,0.0,0.0,1.0,0.0,1.0
0.0,2703.0,1.0,1111.0,114.0,0.0,1592.0,374.0,5.0,1111.0,810.0,2703.0,2703.0,541.0,0.0,0.0,374.0,540.0,0.0,0.0,374.0,0.0,5.0,295.0,2038.176637,0.0,1591.0,0.0,0.0,0.0,1.0,0.0,1.0
0.0,0.0,0.0,307.0,109.0,0.0,770.0,77.0,1.0,307.0,0.0,1077.0,0.0,0.0,0.0,0.0,76.0,0.0,0.0,1.0,77.0,0.0,1.0,234.0,1215.9181044,0.0,770.0,0.0,0.0,1077.0,1.0,0.0,1.0
0.0,0.0,0.0,617.0,72.0,0.0,94.0,460.0,1.0,617.0,0.0,711.0,0.0,0.0,0.0,0.0,460.0,0.0,0.0,1.0,460.0,0.0,1.0,235.0,856.49408422,0.0,94.0,0.0,0.0,711.0,1.0,0.0,1.0
0.0,0.0,0.0,331.0,25.0,331.0,0.0,370.0,2.0,527.0,0.0,331.0,0.0,0.0,0.0,0.0,370.0,0.0,1.0,0.0,174.0,0.0,2.0,39.0,765.9560408,0.0,0.0,0.0,0.0,331.0,1.0,0.0,1.0
0.0,0.0,0.0,189.0,23.0,393.0,204.0,32.0,3.0,189.0,0.0,393.0,0.0,0.0,0.0,0.0,32.0,0.0,1.0,0.0,32.0,0.0,3.0,189.0,916.64217941,0.0,204.0,0.0,0.0,393.0,1.0,0.0,1.0
0.0,0.0,0.0,157.0,91.0,0.0,743.0,0.0,1.0,157.0,0.0,900.0,0.0,0.0,0.0,0.0,0.0,0.0,0.0,1.0,0.0,0.0,1.0,157.0,1215.9181044,0.0,746.0,0.0,0.0,900.0,1.0,0.0,1.0
0.0,982.0,1.0,881.0,48.0,0.0,101.0,517.0,4.0,881.0,279.0,982.0,0.0,196.0,0.0,0.0,517.0,196.0,0.0,0.0,517.0,0.0,4.0,237.0,881.58569239,0.0,101.0,0.0,0.0,0.0,1.0,0.0,1.0
0.0,0.0,0.0,0.0,0.0,0.0,0.0,0.0,3.0,157.0,0.0,0.0,0.0,0.0,0.0,0.0,0.0,0.0,0.0,0.0,0.0,0.0,3.0,0.0,767.08318936,0.0,0.0,0.0,0.0,0.0,1.0,0.0,1.0
0.0,748.0,1.0,785.0,69.0,0.0,378.0,479.0,3.0,785.0,224.0,1163.0,748.0,150.0,0.0,0.0,479.0,149.0,0.0,0.0,479.0,0.0,3.0,236.0,1042.0787508,0.0,378.0,0.0,0.0,415.0,1.0,0.0,1.0
0.0,0.0,0.0,0.0,0.0,0.0,0.0,457.0,1.0,614.0,0.0,0.0,0.0,0.0,0.0,0.0,457.0,0.0,0.0,0.0,0.0,0.0,1.0,0.0,870.1960123,0.0,0.0,0.0,0.0,0.0,1.0,0.0,1.0
0.0,0.0,0.0,0.0,0.0,0.0,0.0,0.0,1.0,157.0,0.0,0.0,0.0,0.0,0.0,0.0,0.0,0.0,0.0,0.0,0.0,0.0,1.0,0.0,870.1960123,0.0,0.0,0.0,0.0,0.0,1.0,0.0,1.0
0.0,0.0,0.0,0.0,0.0,0.0,0.0,101.0,1.0,258.0,0.0,0.0,0.0,0.0,0.0,0.0,101.0,0.0,0.0,0.0,0.0,0.0,1.0,0.0,870.1960123,0.0,0.0,0.0,0.0,0.0,1.0,0.0,1.0
0.0,0.0,0.0,449.0,76.0,0.0,306.0,292.0,1.0,449.0,0.0,755.0,0.0,0.0,0.0,1.0,292.0,0.0,0.0,0.0,292.0,0.0,1.0,235.0,1042.8148332,6.0,306.0,0.0,0.0,755.0,1.0,0.0,1.0
0.0,0.0,0.0,0.0,0.0,0.0,0.0,0.0,1.0,157.0,0.0,0.0,0.0,0.0,0.0,0.0,0.0,0.0,0.0,0.0,0.0,0.0,1.0,0.0,870.1960123,0.0,0.0,0.0,0.0,0.0,1.0,0.0,1.0
0.0,0.0,0.0,283.0,81.0,0.0,523.0,126.0,1.0,283.0,0.0,806.0,0.0,0.0,51.0,1.0,125.0,0.0,0.0,0.0,126.0,0.0,1.0,236.0,1164.7737775,425.0,523.0,0.0,0.0,806.0,1.0,0.0,1.0
0.0,0.0,0.0,0.0,0.0,0.0,0.0,0.0,2.0,157.0,0.0,0.0,0.0,0.0,0.0,0.0,0.0,0.0,0.0,0.0,0.0,0.0,2.0,0.0,828.19628357,0.0,0.0,0.0,0.0,0.0,1.0,0.0,1.0
0.0,0.0,0.0,293.0,79.0,0.0,493.0,136.0,1.0,293.0,0.0,786.0,0.0,0.0,51.0,1.0,135.0,0.0,0.0,0.0,136.0,0.0,1.0,236.0,1147.8871564,735.0,493.0,0.0,0.0,786.0,1.0,0.0,1.0
0.0,0.0,0.0,0.0,0.0,0.0,0.0,457.0,3.0,614.0,0.0,0.0,0.0,0.0,0.0,0.0,457.0,0.0,0.0,0.0,0.0,0.0,3.0,0.0,803.08317734,0.0,0.0,0.0,0.0,0.0,1.0,0.0,1.0
0.0,100.0,1.0,871.0,37.0,0.0,0.0,927.0,5.0,1308.0,0.0,871.0,0.0,20.0,0.0,1.0,927.0,20.0,0.0,0.0,490.0,0.0,5.0,0.0,842.91896584,735.0,0.0,0.0,0.0,771.0,1.0,0.0,1.0
0.0,73.0,1.0,73.0,7.0,0.0,0.0,457.0,1.0,628.0,0.0,73.0,0.0,15.0,0.0,0.0,457.0,14.0,0.0,0.0,0.0,0.0,1.0,0.0,870.1960123,0.0,0.0,0.0,0.0,0.0,1.0,0.0,1.0
0.0,0.0,0.0,157.0,74.0,0.0,578.0,0.0,1.0,157.0,0.0,735.0,0.0,0.0,0.0,1.0,0.0,0.0,0.0,0.0,0.0,0.0,1.0,157.0,1196.6707345,735.0,578.0,0.0,0.0,735.0,1.0,0.0,1.0
0.0,1390.0,1.0,963.0,71.0,0.0,474.0,517.0,4.0,963.0,278.0,1437.0,1390.0,278.0,0.0,0.0,517.0,278.0,0.0,0.0,517.0,0.0,4.0,168.0,1076.3004273,0.0,474.0,0.0,0.0,47.0,1.0,0.0,1.0
0.0,0.0,0.0,0.0,0.0,0.0,0.0,0.0,2.0,157.0,0.0,0.0,0.0,0.0,0.0,0.0,0.0,0.0,0.0,0.0,0.0,0.0,2.0,0.0,828.19628357,0.0,0.0,0.0,0.0,0.0,1.0,0.0,1.0
0.0,472.0,1.0,530.0,51.0,0.0,677.0,239.0,5.0,530.0,141.0,1207.0,472.0,94.0,0.0,1.0,239.0,94.0,0.0,0.0,239.0,0.0,5.0,295.0,1225.6824358,735.0,676.0,0.0,0.0,735.0,1.0,0.0,1.0
0.0,929.0,1.0,342.0,55.0,0.0,587.0,0.0,3.0,342.0,185.0,929.0,929.0,186.0,0.0,0.0,0.0,185.0,0.0,0.0,0.0,0.0,3.0,157.0,1135.1867788,0.0,586.0,0.0,0.0,0.0,1.0,0.0,1.0
0.0,790.0,1.0,315.0,47.0,0.0,475.0,0.0,3.0,315.0,158.0,790.0,790.0,158.0,0.0,0.0,0.0,158.0,0.0,0.0,0.0,0.0,3.0,157.0,1071.3928642,0.0,475.0,0.0,0.0,0.0,1.0,0.0,1.0
0.0,1260.0,1.0,921.0,53.0,0.0,339.0,392.0,5.0,921.0,378.0,1260.0,1260.0,252.0,0.0,0.0,392.0,252.0,0.0,0.0,392.0,0.0,5.0,296.0,1034.3006978,0.0,339.0,0.0,0.0,0.0,1.0,0.0,1.0
0.0,468.0,1.0,468.0,35.0,0.0,0.0,348.0,2.0,598.0,9.0,468.0,0.0,94.0,0.0,0.0,348.0,93.0,0.0,0.0,218.0,1.0,2.0,105.0,828.19628357,0.0,0.0,0.0,0.0,0.0,1.0,0.0,1.0
0.0,1513.0,1.0,751.0,113.0,0.0,762.0,292.0,2.0,751.0,453.0,1513.0,1513.0,303.0,0.0,0.0,292.0,302.0,0.0,0.0,292.0,0.0,2.0,235.0,1257.8670422,0.0,761.0,0.0,0.0,0.0,1.0,0.0,1.0
0.0,0.0,0.0,680.0,79.0,0.0,106.0,523.0,1.0,680.0,0.0,786.0,0.0,0.0,51.0,1.0,522.0,0.0,0.0,0.0,523.0,0.0,1.0,236.0,930.2373385,735.0,106.0,0.0,0.0,786.0,1.0,0.0,1.0
0.0,2144.0,1.0,1124.0,128.0,0.0,1020.0,60.0,3.0,1124.0,488.0,2144.0,2144.0,429.0,0.0,0.0,61.0,428.0,0.0,0.0,60.0,0.0,3.0,217.0,1377.2283848,0.0,1019.0,0.0,0.0,0.0,1.0,0.0,1.0
0.0,0.0,0.0,0.0,0.0,0.0,0.0,0.0,1.0,157.0,0.0,0.0,0.0,0.0,0.0,0.0,0.0,0.0,0.0,0.0,0.0,0.0,1.0,0.0,870.1960123,0.0,0.0,0.0,0.0,0.0,1.0,0.0,1.0
0.0,0.0,0.0,692.0,60.0,0.0,110.0,535.0,2.0,692.0,0.0,802.0,0.0,0.0,31.0,1.0,534.0,0.0,0.0,0.0,535.0,0.0,2.0,236.0,890.11390496,0.0,110.0,0.0,0.0,802.0,1.0,0.0,1.0
0.0,0.0,0.0,0.0,0.0,0.0,0.0,0.0,1.0,157.0,0.0,0.0,0.0,0.0,0.0,0.0,0.0,0.0,0.0,0.0,0.0,0.0,1.0,0.0,870.1960123,0.0,0.0,0.0,0.0,0.0,1.0,0.0,1.0
0.0,0.0,0.0,0.0,0.0,0.0,0.0,0.0,1.0,157.0,0.0,0.0,0.0,0.0,0.0,0.0,0.0,0.0,0.0,0.0,0.0,0.0,1.0,0.0,870.1960123,0.0,0.0,0.0,0.0,0.0,1.0,0.0,1.0
0.0,0.0,0.0,0.0,0.0,0.0,0.0,0.0,1.0,157.0,0.0,0.0,0.0,0.0,0.0,0.0,0.0,0.0,0.0,0.0,0.0,0.0,1.0,0.0,870.1960123,0.0,0.0,0.0,0.0,0.0,1.0,0.0,1.0
0.0,2083.0,1.0,1842.0,124.0,0.0,241.0,517.0,3.0,1842.0,416.0,2083.0,2083.0,417.0,0.0,0.0,517.0,416.0,0.0,0.0,517.0,0.0,3.0,157.0,940.05245982,0.0,241.0,0.0,0.0,0.0,1.0,0.0,1.0
0.0,0.0,0.0,157.0,90.0,0.0,1045.0,0.0,2.0,157.0,0.0,1202.0,0.0,0.0,0.0,0.0,0.0,0.0,0.0,2.0,0.0,0.0,2.0,157.0,1417.3518221,0.0,1045.0,0.0,0.0,1202.0,1.0,0.0,1.0
0.0,0.0,0.0,571.0,86.0,0.0,281.0,414.0,1.0,571.0,0.0,852.0,0.0,0.0,0.0,1.0,413.0,0.0,0.0,0.0,414.0,0.0,1.0,236.0,1029.6807881,0.0,281.0,0.0,0.0,852.0,1.0,0.0,1.0
0.0,0.0,0.0,16.0,1.0,0.0,0.0,517.0,4.0,685.0,0.0,16.0,0.0,0.0,0.0,0.0,517.0,0.0,0.0,0.0,0.0,0.0,4.0,0.0,807.99073779,0.0,0.0,0.0,0.0,16.0,1.0,0.0,1.0
0.0,0.0,0.0,1159.0,51.0,0.0,416.0,933.0,7.0,1159.0,0.0,1575.0,0.0,0.0,0.0,1.0,933.0,0.0,0.0,0.0,933.0,0.0,7.0,339.0,1134.177814,735.0,416.0,0.0,0.0,1575.0,1.0,0.0,1.0
0.0,300.0,1.0,300.0,30.0,0.0,0.0,99.0,1.0,316.0,74.0,300.0,0.0,60.0,0.0,0.0,98.0,60.0,0.0,0.0,83.0,0.0,1.0,220.0,870.1960123,0.0,0.0,0.0,0.0,0.0,1.0,0.0,1.0
452.0,0.0,0.0,322.0,110.0,0.0,769.0,151.0,1.0,322.0,0.0,1091.0,0.0,0.0,0.0,0.0,151.0,0.0,0.0,1.0,151.0,0.0,1.0,235.0,1204.1759014,0.0,769.0,226.0,0.0,1091.0,1.0,226.0,1.0
0.0,2408.0,1.0,1195.0,107.0,0.0,1346.0,517.0,5.0,1195.0,563.0,2541.0,2408.0,482.0,0.0,0.0,517.0,481.0,0.0,0.0,517.0,0.0,5.0,197.0,1600.9407381,0.0,1346.0,0.0,0.0,133.0,1.0,0.0,1.0
0.0,0.0,0.0,70.0,5.0,0.0,0.0,51.0,2.0,208.0,0.0,70.0,0.0,0.0,0.0,0.0,51.0,0.0,0.0,0.0,0.0,0.0,2.0,54.0,828.19627678,0.0,0.0,0.0,0.0,70.0,1.0,0.0,1.0
0.0,0.0,0.0,508.0,94.0,0.0,1078.0,312.0,3.0,508.0,0.0,1586.0,0.0,0.0,51.0,1.0,312.0,0.0,0.0,0.0,312.0,0.0,3.0,235.0,1411.0016325,735.0,1078.0,0.0,0.0,1586.0,1.0,0.0,1.0
1443.0,0.0,0.0,157.0,109.0,0.0,918.0,0.0,1.0,157.0,0.0,1075.0,0.0,0.0,0.0,0.0,0.0,0.0,0.0,1.0,0.0,0.0,1.0,157.0,1204.1759014,0.0,918.0,1443.0,0.0,1075.0,1.0,0.0,1.0
0.0,0.0,0.0,434.0,76.0,0.0,321.0,277.0,1.0,434.0,0.0,755.0,0.0,0.0,0.0,0.0,277.0,0.0,0.0,1.0,277.0,0.0,1.0,235.0,1052.196285,478.0,321.0,0.0,0.0,755.0,1.0,0.0,1.0
0.0,1793.0,1.0,736.0,76.0,0.0,1057.0,181.0,5.0,736.0,537.0,1793.0,1793.0,359.0,0.0,0.0,184.0,358.0,0.0,0.0,181.0,0.0,5.0,295.0,1439.579665,0.0,1054.0,0.0,0.0,0.0,1.0,0.0,1.0
31.0,0.0,0.0,157.0,90.0,0.0,735.0,0.0,1.0,157.0,0.0,892.0,0.0,0.0,0.0,1.0,0.0,0.0,0.0,0.0,0.0,0.0,1.0,157.0,1204.1759014,0.0,735.0,31.0,0.0,892.0,1.0,0.0,1.0
0.0,0.0,0.0,607.0,117.0,0.0,556.0,318.0,1.0,607.0,0.0,1163.0,0.0,0.0,0.0,0.0,318.0,0.0,0.0,1.0,318.0,0.0,1.0,235.0,1183.5366951,0.0,556.0,0.0,0.0,1163.0,1.0,0.0,1.0
0.0,0.0,0.0,755.0,76.0,0.0,0.0,608.0,1.0,765.0,0.0,755.0,0.0,0.0,0.0,1.0,608.0,0.0,0.0,0.0,598.0,0.0,1.0,225.0,870.19600584,501.0,0.0,0.0,0.0,755.0,1.0,0.0,1.0
0.0,2888.0,1.0,1098.0,122.0,0.0,1790.0,275.0,5.0,1098.0,852.0,2888.0,2888.0,578.0,0.0,0.0,275.0,577.0,0.0,0.0,275.0,0.0,5.0,296.0,1850.4875099,0.0,1790.0,0.0,0.0,0.0,1.0,0.0,1.0
0.0,0.0,0.0,571.0,100.0,0.0,761.0,414.0,2.0,571.0,0.0,1332.0,0.0,0.0,0.0,1.0,413.0,0.0,0.0,0.0,414.0,0.0,2.0,236.0,1257.8670377,0.0,761.0,0.0,0.0,1332.0,1.0,0.0,1.0
0.0,600.0,1.0,600.0,61.0,0.0,0.0,512.0,1.0,789.0,0.0,600.0,600.0,120.0,0.0,0.0,511.0,120.0,0.0,0.0,323.0,0.0,1.0,47.0,870.19600584,0.0,0.0,0.0,0.0,0.0,1.0,0.0,1.0
0.0,928.0,1.0,756.0,70.0,0.0,172.0,414.0,2.0,756.0,277.0,928.0,928.0,186.0,0.0,0.0,414.0,185.0,0.0,0.0,414.0,0.0,2.0,235.0,925.76344519,0.0,172.0,0.0,0.0,0.0,1.0,0.0,1.0
0.0,0.0,0.0,0.0,0.0,0.0,0.0,0.0,1.0,157.0,0.0,0.0,0.0,0.0,0.0,0.0,0.0,0.0,0.0,0.0,0.0,1.0,1.0,0.0,870.19600584,0.0,0.0,0.0,0.0,0.0,1.0,0.0,1.0
0.0,0.0,0.0,185.0,27.0,367.0,182.0,28.0,2.0,185.0,0.0,367.0,0.0,0.0,0.0,0.0,28.0,0.0,1.0,0.0,28.0,0.0,2.0,185.0,931.39231386,0.0,182.0,0.0,0.0,367.0,1.0,0.0,1.0
0.0,2124.0,1.0,875.0,90.0,0.0,1249.0,254.0,5.0,875.0,636.0,2124.0,2124.0,425.0,0.0,0.0,254.0,424.0,0.0,0.0,254.0,3.0,5.0,296.0,1546.5282856,0.0,1248.0,0.0,0.0,0.0,1.0,0.0,1.0
0.0,464.0,1.0,826.0,115.0,0.0,714.0,504.0,2.0,826.0,138.0,1540.0,464.0,93.0,0.0,0.0,504.0,92.0,0.0,2.0,504.0,0.0,2.0,235.0,1231.598959,0.0,713.0,0.0,0.0,1076.0,1.0,0.0,1.0
0.0,0.0,0.0,654.0,117.0,0.0,913.0,497.0,2.0,654.0,0.0,1567.0,0.0,0.0,0.0,1.0,497.0,0.0,0.0,0.0,497.0,0.0,2.0,235.0,1342.3001567,789.0,914.0,0.0,0.0,1567.0,1.0,0.0,1.0
0.0,1436.0,1.0,975.0,119.0,0.0,610.0,438.0,2.0,975.0,430.0,1585.0,1436.0,287.0,0.0,0.0,438.0,287.0,0.0,0.0,438.0,0.0,2.0,235.0,1171.55763,0.0,610.0,0.0,0.0,149.0,1.0,0.0,1.0
0.0,990.0,1.0,715.0,74.0,0.0,275.0,360.0,2.0,715.0,297.0,990.0,990.0,198.0,0.0,0.0,360.0,198.0,0.0,0.0,360.0,0.0,2.0,236.0,983.92847741,0.0,275.0,0.0,0.0,0.0,1.0,0.0,1.0
0.0,1207.0,1.0,811.0,111.0,0.0,675.0,413.0,2.0,811.0,361.0,1486.0,1207.0,241.0,0.0,0.0,413.0,241.0,0.0,0.0,413.0,0.0,2.0,235.0,1209.0834597,0.0,674.0,0.0,0.0,279.0,1.0,0.0,1.0
0.0,0.0,0.0,702.0,71.0,0.0,0.0,510.0,1.0,717.0,0.0,702.0,0.0,0.0,0.0,0.0,509.0,0.0,0.0,1.0,495.0,0.0,1.0,221.0,870.1960123,369.0,0.0,0.0,0.0,702.0,1.0,0.0,1.0
0.0,0.0,0.0,342.0,74.0,0.0,393.0,185.0,1.0,342.0,0.0,735.0,0.0,0.0,0.0,0.0,185.0,0.0,0.0,1.0,185.0,0.0,1.0,235.0,1091.5984066,735.0,393.0,0.0,0.0,735.0,1.0,0.0,1.0
0.0,0.0,0.0,625.0,74.0,0.0,110.0,468.0,1.0,625.0,0.0,735.0,0.0,0.0,0.0,1.0,468.0,0.0,0.0,0.0,468.0,0.0,1.0,235.0,932.11362696,735.0,110.0,0.0,0.0,735.0,1.0,0.0,1.0
0.0,0.0,0.0,421.0,74.0,0.0,314.0,264.0,1.0,421.0,0.0,735.0,0.0,0.0,0.0,0.0,264.0,0.0,0.0,1.0,264.0,1.0,1.0,235.0,1048.4437029,735.0,314.0,0.0,0.0,735.0,1.0,0.0,1.0
0.0,0.0,0.0,600.0,61.0,0.0,0.0,461.0,1.0,618.0,0.0,600.0,0.0,0.0,0.0,0.0,460.0,0.0,0.0,0.0,443.0,0.0,1.0,218.0,870.1960123,0.0,0.0,0.0,0.0,600.0,1.0,0.0,1.0
0.0,100.0,1.0,183.0,11.0,0.0,0.0,454.0,3.0,631.0,0.0,183.0,0.0,20.0,0.0,0.0,453.0,20.0,0.0,0.0,6.0,0.0,3.0,0.0,803.08317034,0.0,0.0,0.0,0.0,83.0,1.0,0.0,1.0
0.0,922.0,1.0,634.0,39.0,0.0,288.0,253.0,5.0,634.0,276.0,922.0,922.0,184.0,0.0,0.0,253.0,184.0,0.0,0.0,253.0,0.0,5.0,296.0,1006.1563265,0.0,288.0,0.0,0.0,0.0,1.0,0.0,1.0
0.0,0.0,0.0,0.0,0.0,0.0,0.0,517.0,2.0,674.0,0.0,0.0,0.0,0.0,0.0,0.0,517.0,0.0,0.0,0.0,0.0,0.0,2.0,0.0,828.19628357,0.0,0.0,0.0,0.0,0.0,1.0,0.0,1.0
0.0,651.0,1.0,287.0,66.0,0.0,364.0,0.0,1.0,287.0,130.0,651.0,651.0,130.0,0.0,0.0,0.0,130.0,0.0,0.0,0.0,0.0,1.0,157.0,1076.5880765,0.0,364.0,0.0,0.0,0.0,1.0,0.0,1.0
0.0,0.0,0.0,0.0,0.0,0.0,0.0,517.0,2.0,674.0,0.0,0.0,0.0,0.0,0.0,0.0,517.0,0.0,0.0,0.0,0.0,0.0,2.0,0.0,828.19628357,0.0,0.0,0.0,0.0,0.0,1.0,0.0,1.0
0.0,0.0,0.0,505.0,30.0,505.0,0.0,365.0,3.0,522.0,0.0,505.0,0.0,0.0,0.0,0.0,365.0,0.0,1.0,0.0,348.0,1.0,3.0,218.0,803.08317734,0.0,0.0,0.0,0.0,505.0,1.0,0.0,1.0
0.0,0.0,0.0,275.0,63.0,0.0,560.0,118.0,2.0,275.0,0.0,835.0,0.0,0.0,0.0,1.0,118.0,0.0,0.0,0.0,118.0,0.0,2.0,235.0,1143.4132568,735.0,560.0,0.0,0.0,835.0,1.0,0.0,1.0
0.0,0.0,0.0,0.0,0.0,0.0,0.0,517.0,1.0,674.0,0.0,0.0,0.0,0.0,0.0,0.0,517.0,0.0,0.0,0.0,0.0,0.0,1.0,0.0,870.19600584,0.0,0.0,0.0,0.0,0.0,1.0,0.0,1.0
0.0,0.0,0.0,365.0,77.0,0.0,393.0,208.0,1.0,365.0,0.0,758.0,0.0,0.0,0.0,0.0,209.0,0.0,0.0,1.0,208.0,0.0,1.0,236.0,1091.5984066,350.0,389.0,0.0,0.0,758.0,1.0,0.0,1.0
0.0,0.0,0.0,422.0,88.0,0.0,1054.0,265.0,3.0,422.0,0.0,1476.0,0.0,0.0,0.0,0.0,264.0,0.0,0.0,0.0,265.0,0.0,3.0,236.0,1397.8675922,0.0,1055.0,0.0,0.0,1476.0,1.0,0.0,1.0
0.0,462.0,1.0,341.0,47.0,0.0,121.0,0.0,1.0,341.0,92.0,462.0,462.0,92.0,0.0,0.0,0.0,92.0,0.0,0.0,0.0,0.0,1.0,157.0,939.61879512,0.0,120.0,0.0,0.0,0.0,1.0,0.0,1.0
0.0,0.0,0.0,0.0,0.0,0.0,0.0,457.0,2.0,614.0,0.0,0.0,0.0,0.0,0.0,0.0,457.0,0.0,0.0,0.0,0.0,1.0,2.0,0.0,828.19628357,0.0,0.0,0.0,0.0,0.0,1.0,0.0,1.0
0.0,0.0,0.0,436.0,26.0,436.0,0.0,318.0,3.0,475.0,0.0,436.0,0.0,0.0,0.0,0.0,317.0,0.0,1.0,0.0,279.0,0.0,3.0,197.0,803.08317734,0.0,0.0,0.0,0.0,436.0,1.0,0.0,1.0
0.0,0.0,0.0,0.0,0.0,0.0,0.0,517.0,5.0,714.0,0.0,0.0,0.0,0.0,0.0,0.0,517.0,0.0,0.0,0.0,0.0,0.0,5.0,0.0,864.5889793,0.0,0.0,0.0,0.0,0.0,1.0,0.0,1.0
0.0,192.0,1.0,192.0,14.0,0.0,0.0,457.0,2.0,652.0,0.0,192.0,0.0,38.0,0.0,0.0,0.0,38.0,0.0,0.0,0.0,0.0,2.0,0.0,1086.5728611,0.0,0.0,0.0,0.0,0.0,1.0,0.0,1.0
0.0,0.0,0.0,0.0,0.0,0.0,0.0,0.0,1.0,157.0,0.0,0.0,0.0,0.0,0.0,0.0,0.0,0.0,0.0,0.0,0.0,0.0,1.0,0.0,1171.1039922,0.0,0.0,0.0,0.0,0.0,1.0,0.0,1.0
0.0,105.0,1.0,105.0,8.0,0.0,0.0,517.0,2.0,695.0,0.0,105.0,0.0,21.0,0.0,0.0,517.0,21.0,0.0,0.0,0.0,0.0,2.0,0.0,1086.5728611,0.0,0.0,0.0,0.0,0.0,1.0,0.0,1.0
0.0,0.0,0.0,776.0,78.0,0.0,0.0,823.0,1.0,980.0,0.0,776.0,0.0,0.0,51.0,1.0,822.0,0.0,0.0,0.0,619.0,0.0,1.0,32.0,1171.1039922,725.0,0.0,0.0,0.0,776.0,1.0,0.0,1.0
5.0,0.0,0.0,566.0,129.0,0.0,709.0,335.0,1.0,566.0,0.0,1275.0,0.0,0.0,0.0,0.0,335.0,0.0,0.0,1.0,335.0,0.0,1.0,235.0,1246.123899,0.0,709.0,5.0,0.0,1275.0,1.0,0.0,1.0
0.0,0.0,0.0,134.0,14.0,0.0,0.0,50.0,1.0,207.0,0.0,134.0,0.0,0.0,0.0,1.0,50.0,0.0,0.0,0.0,0.0,0.0,1.0,134.0,1171.1039922,0.0,0.0,0.0,0.0,134.0,1.0,0.0,1.0
0.0,65.0,1.0,65.0,7.0,0.0,0.0,0.0,1.0,186.0,0.0,65.0,65.0,157.0,0.0,0.0,0.0,13.0,0.0,0.0,0.0,0.0,1.0,36.0,1171.1039922,0.0,0.0,0.0,0.0,0.0,1.0,0.0,1.0
0.0,3351.0,1.0,896.0,109.0,0.0,2455.0,0.0,7.0,896.0,670.0,3351.0,3351.0,670.0,0.0,0.0,0.0,670.0,0.0,0.0,0.0,0.0,7.0,226.0,1037.7523598,0.0,2455.0,0.0,0.0,0.0,1.0,0.0,1.0
0.0,0.0,0.0,715.0,76.0,0.0,40.0,558.0,1.0,715.0,0.0,755.0,0.0,0.0,0.0,1.0,558.0,0.0,0.0,0.0,558.0,0.0,1.0,235.0,1176.161514,315.0,40.0,0.0,0.0,755.0,1.0,0.0,1.0
0.0,1383.0,1.0,758.0,104.0,0.0,625.0,325.0,2.0,758.0,414.0,1383.0,1383.0,277.0,0.0,0.0,325.0,276.0,0.0,0.0,325.0,0.0,2.0,235.0,1165.8073695,0.0,624.0,0.0,0.0,0.0,1.0,0.0,1.0
0.0,0.0,0.0,25.0,3.0,0.0,0.0,0.0,1.0,157.0,0.0,25.0,0.0,0.0,0.0,0.0,0.0,0.0,0.0,0.0,0.0,0.0,1.0,25.0,1171.1039922,0.0,0.0,0.0,0.0,25.0,1.0,0.0,1.0
0.0,1730.0,1.0,1141.0,117.0,0.0,1621.0,598.0,5.0,1141.0,519.0,2762.0,1730.0,346.0,0.0,1.0,597.0,346.0,0.0,0.0,598.0,0.0,5.0,296.0,1069.8400728,1032.0,1623.0,0.0,0.0,1032.0,1.0,0.0,1.0
0.0,0.0,0.0,718.0,88.0,0.0,152.0,561.0,1.0,718.0,0.0,870.0,0.0,0.0,0.0,1.0,560.0,0.0,0.0,0.0,561.0,0.0,1.0,236.0,1190.4911591,0.0,152.0,0.0,0.0,870.0,1.0,0.0,1.0
0.0,0.0,0.0,483.0,83.0,0.0,339.0,326.0,1.0,483.0,0.0,822.0,0.0,0.0,0.0,1.0,325.0,0.0,0.0,0.0,326.0,0.0,1.0,236.0,1214.0929275,0.0,339.0,0.0,0.0,822.0,1.0,0.0,1.0
0.0,0.0,0.0,452.0,74.0,0.0,283.0,295.0,1.0,452.0,0.0,735.0,0.0,0.0,0.0,0.0,295.0,0.0,0.0,1.0,295.0,0.0,1.0,235.0,1206.928105,735.0,283.0,0.0,0.0,735.0,1.0,0.0,1.0
0.0,1032.0,1.0,602.0,51.0,0.0,430.0,228.0,4.0,602.0,309.0,1032.0,1032.0,206.0,0.0,0.0,228.0,206.0,0.0,0.0,228.0,0.0,4.0,252.0,986.20860363,0.0,429.0,0.0,0.0,0.0,1.0,0.0,1.0
0.0,0.0,0.0,600.0,79.0,0.0,186.0,443.0,1.0,600.0,0.0,786.0,0.0,0.0,51.0,1.0,442.0,0.0,0.0,0.0,443.0,0.0,1.0,236.0,1194.7057606,735.0,186.0,0.0,0.0,786.0,1.0,0.0,1.0
0.0,60.0,1.0,60.0,6.0,0.0,0.0,50.0,1.0,219.0,0.0,60.0,0.0,12.0,0.0,0.0,50.0,12.0,0.0,0.0,0.0,1.0,1.0,22.0,1171.1039922,0.0,0.0,0.0,0.0,0.0,1.0,0.0,1.0
0.0,0.0,0.0,685.0,42.0,0.0,174.0,517.0,4.0,685.0,0.0,859.0,0.0,0.0,0.0,0.0,517.0,0.0,0.0,0.0,517.0,0.0,4.0,168.0,954.17763216,0.0,174.0,0.0,0.0,859.0,1.0,0.0,1.0
0.0,276.0,1.0,366.0,18.0,0.0,0.0,386.0,4.0,609.0,0.0,366.0,276.0,55.0,0.0,0.0,385.0,55.0,0.0,0.0,143.0,0.0,4.0,9.0,931.84024416,0.0,0.0,0.0,0.0,90.0,1.0,0.0,1.0
0.0,0.0,0.0,0.0,0.0,0.0,0.0,0.0,1.0,157.0,0.0,0.0,0.0,0.0,0.0,0.0,0.0,0.0,0.0,0.0,0.0,0.0,1.0,0.0,1171.1039922,0.0,0.0,0.0,0.0,0.0,1.0,0.0,1.0
0.0,1676.0,1.0,695.0,127.0,0.0,2316.0,163.0,5.0,695.0,498.0,3011.0,1676.0,335.0,0.0,0.0,162.0,335.0,0.0,0.0,163.0,0.0,5.0,296.0,1157.5037842,0.0,2317.0,0.0,0.0,1335.0,1.0,0.0,1.0
140.0,0.0,0.0,157.0,93.0,0.0,764.0,0.0,1.0,157.0,0.0,921.0,0.0,0.0,0.0,0.0,0.0,0.0,0.0,1.0,0.0,0.0,1.0,157.0,1246.123899,0.0,764.0,140.0,0.0,921.0,1.0,0.0,1.0
0.0,0.0,0.0,193.0,74.0,0.0,542.0,36.0,1.0,193.0,0.0,735.0,0.0,0.0,0.0,1.0,36.0,0.0,0.0,0.0,36.0,0.0,1.0,193.0,1239.8019968,735.0,542.0,0.0,0.0,735.0,1.0,0.0,1.0
0.0,0.0,0.0,674.0,83.0,0.0,143.0,517.0,1.0,674.0,0.0,817.0,0.0,0.0,0.0,0.0,517.0,0.0,0.0,0.0,517.0,0.0,1.0,157.0,1189.2267786,0.0,168.0,0.0,0.0,817.0,1.0,0.0,1.0
0.0,1624.0,1.0,1009.0,80.0,0.0,615.0,517.0,4.0,1009.0,412.0,1624.0,1624.0,325.0,0.0,0.0,517.0,324.0,0.0,0.0,517.0,0.0,4.0,178.0,1009.8103721,0.0,614.0,0.0,0.0,0.0,1.0,0.0,1.0
0.0,370.0,1.0,231.0,28.0,0.0,139.0,0.0,2.0,231.0,74.0,370.0,370.0,74.0,0.0,0.0,0.0,74.0,0.0,0.0,0.0,0.0,2.0,157.0,1104.2741874,0.0,139.0,0.0,0.0,0.0,1.0,0.0,1.0
0.0,0.0,0.0,0.0,0.0,0.0,0.0,500.0,1.0,657.0,0.0,0.0,0.0,0.0,0.0,0.0,500.0,0.0,0.0,0.0,0.0,0.0,1.0,0.0,1171.1039922,0.0,0.0,0.0,0.0,0.0,1.0,0.0,1.0
0.0,3211.0,1.0,1316.0,121.0,0.0,1970.0,448.0,6.0,1316.0,963.0,3286.0,3211.0,642.0,0.0,0.0,448.0,642.0,0.0,0.0,448.0,0.0,6.0,339.0,1032.9339388,0.0,1969.0,0.0,0.0,75.0,1.0,0.0,1.0
0.0,0.0,0.0,172.0,64.0,0.0,458.0,15.0,1.0,172.0,0.0,630.0,0.0,0.0,0.0,1.0,14.0,0.0,0.0,0.0,15.0,0.0,1.0,172.0,1229.265493,235.0,458.0,0.0,0.0,630.0,1.0,0.0,1.0
0.0,0.0,0.0,256.0,73.0,0.0,965.0,0.0,3.0,256.0,0.0,1221.0,0.0,0.0,0.0,1.0,0.0,0.0,0.0,0.0,0.0,0.0,3.0,157.0,1128.0583152,0.0,965.0,0.0,0.0,1221.0,1.0,0.0,1.0
0.0,0.0,0.0,0.0,0.0,0.0,0.0,0.0,3.0,157.0,0.0,0.0,0.0,0.0,0.0,0.0,0.0,0.0,0.0,0.0,0.0,0.0,3.0,0.0,1005.8348714,0.0,0.0,0.0,0.0,0.0,1.0,0.0,1.0
0.0,0.0,0.0,754.0,78.0,0.0,21.0,498.0,1.0,754.0,0.0,775.0,0.0,0.0,0.0,1.0,497.0,0.0,0.0,0.0,498.0,0.0,1.0,236.0,1174.0542132,0.0,21.0,0.0,0.0,775.0,1.0,0.0,1.0
0.0,307.0,1.0,307.0,18.0,0.0,0.0,413.0,3.0,631.0,0.0,307.0,307.0,61.0,0.0,0.0,413.0,61.0,0.0,0.0,89.0,0.0,3.0,0.0,1005.8348714,0.0,0.0,0.0,0.0,0.0,1.0,0.0,1.0
0.0,0.0,0.0,157.0,74.0,0.0,578.0,0.0,1.0,157.0,0.0,735.0,0.0,0.0,0.0,1.0,0.0,0.0,0.0,0.0,0.0,0.0,1.0,157.0,1244.4380584,735.0,578.0,0.0,0.0,735.0,1.0,0.0,1.0
0.0,1636.0,1.0,808.0,123.0,0.0,828.0,222.0,2.0,808.0,490.0,1636.0,1636.0,327.0,0.0,0.0,222.0,327.0,0.0,0.0,222.0,0.0,2.0,235.0,1191.5164387,0.0,828.0,0.0,0.0,0.0,1.0,0.0,1.0
0.0,0.0,0.0,0.0,0.0,0.0,0.0,0.0,1.0,157.0,0.0,0.0,0.0,0.0,0.0,0.0,0.0,0.0,0.0,0.0,0.0,0.0,1.0,0.0,1171.1039922,0.0,0.0,0.0,0.0,0.0,1.0,0.0,1.0
0.0,990.0,1.0,501.0,47.0,0.0,604.0,0.0,5.0,501.0,198.0,1105.0,990.0,198.0,0.0,0.0,0.0,198.0,0.0,0.0,0.0,0.0,5.0,197.0,941.29472678,0.0,604.0,0.0,0.0,115.0,1.0,0.0,1.0
0.0,404.0,1.0,686.0,114.0,0.0,447.0,356.0,1.0,686.0,120.0,1133.0,0.0,81.0,0.0,1.0,356.0,80.0,0.0,0.0,356.0,0.0,1.0,236.0,1228.0011125,729.0,446.0,0.0,0.0,729.0,1.0,0.0,1.0
0.0,0.0,0.0,290.0,17.0,0.0,0.0,210.0,3.0,367.0,0.0,290.0,0.0,0.0,0.0,0.0,209.0,0.0,0.0,0.0,133.0,0.0,3.0,159.0,1005.8348714,0.0,0.0,0.0,0.0,290.0,1.0,0.0,1.0
0.0,0.0,0.0,690.0,57.0,0.0,65.0,533.0,2.0,690.0,0.0,755.0,0.0,0.0,0.0,1.0,533.0,0.0,0.0,0.0,533.0,0.0,2.0,235.0,1095.0020641,324.0,65.0,0.0,0.0,755.0,1.0,0.0,1.0
0.0,0.0,0.0,187.0,22.0,298.0,111.0,30.0,2.0,187.0,0.0,298.0,0.0,0.0,0.0,0.0,29.0,0.0,1.0,0.0,30.0,0.0,2.0,187.0,1100.9025062,0.0,111.0,0.0,0.0,298.0,1.0,0.0,1.0
0.0,75.0,1.0,75.0,8.0,0.0,0.0,65.0,1.0,237.0,0.0,75.0,0.0,15.0,0.0,0.0,65.0,15.0,0.0,0.0,0.0,0.0,1.0,25.0,1171.1039922,0.0,0.0,0.0,0.0,0.0,1.0,0.0,1.0
0.0,1590.0,1.0,1032.0,79.0,0.0,840.0,517.0,5.0,1032.0,467.0,1872.0,1590.0,318.0,0.0,0.0,517.0,318.0,0.0,0.0,517.0,0.0,5.0,286.0,970.79693734,0.0,840.0,0.0,0.0,282.0,1.0,0.0,1.0
0.0,1104.0,1.0,894.0,66.0,0.0,210.0,517.0,3.0,894.0,220.0,1104.0,795.0,221.0,0.0,0.0,517.0,220.0,0.0,0.0,517.0,0.0,3.0,157.0,1032.3868609,0.0,209.0,0.0,0.0,0.0,1.0,0.0,1.0
0.0,0.0,0.0,599.0,30.0,0.0,0.0,517.0,4.0,685.0,0.0,599.0,0.0,0.0,0.0,0.0,517.0,0.0,0.0,0.0,431.0,0.0,4.0,82.0,931.84024416,0.0,0.0,0.0,0.0,599.0,1.0,0.0,1.0
0.0,2908.0,1.0,1597.0,107.0,0.0,1311.0,290.0,6.0,1597.0,871.0,2908.0,2908.0,581.0,0.0,0.0,290.0,581.0,0.0,0.0,290.0,3.0,6.0,339.0,949.90628909,0.0,1310.0,0.0,0.0,0.0,1.0,0.0,1.0
0.0,0.0,0.0,560.0,76.0,0.0,195.0,403.0,1.0,560.0,0.0,755.0,0.0,0.0,0.0,0.0,403.0,0.0,0.0,1.0,403.0,0.0,1.0,235.0,1195.9701411,197.0,195.0,0.0,0.0,755.0,1.0,0.0,1.0
0.0,0.0,0.0,0.0,0.0,0.0,0.0,457.0,1.0,614.0,0.0,0.0,0.0,0.0,0.0,0.0,4157.0,0.0,0.0,0.0,0.0,0.0,1.0,0.0,1171.1039922,0.0,0.0,0.0,0.0,0.0,1.0,0.0,1.0
0.0,2146.0,1.0,1132.0,102.0,0.0,1297.0,506.0,5.0,1132.0,644.0,2429.0,2146.0,429.0,0.0,0.0,506.0,429.0,0.0,0.0,506.0,0.0,5.0,296.0,1028.9584382,0.0,1297.0,0.0,0.0,283.0,1.0,0.0,1.0
24.0,0.0,0.0,627.0,155.0,0.0,907.0,0.0,1.0,627.0,0.0,1534.0,0.0,0.0,0.0,0.0,0.0,0.0,0.0,1.0,0.0,0.0,1.0,157.0,1246.123899,0.0,907.0,24.0,0.0,1534.0,1.0,0.0,1.0
0.0,1165.0,1.0,918.0,58.0,0.0,247.0,517.0,4.0,918.0,291.0,1165.0,1165.0,233.0,0.0,0.0,517.0,233.0,0.0,0.0,517.0,0.0,4.0,194.0,963.44975548,0.0,247.0,0.0,0.0,0.0,1.0,0.0,1.0
0.0,0.0,0.0,173.0,105.0,298.0,1595.0,16.0,3.0,173.0,0.0,1768.0,0.0,0.0,0.0,1.0,15.0,0.0,1.0,0.0,16.0,0.0,3.0,173.0,1207.7142837,1470.0,1595.0,0.0,0.0,1768.0,1.0,0.0,1.0
1473.0,0.0,0.0,288.0,98.0,0.0,686.0,131.0,1.0,288.0,0.0,974.0,0.0,0.0,0.0,0.0,130.0,0.0,0.0,1.0,131.0,0.0,1.0,236.0,1246.123899,0.0,687.0,1473.0,0.0,974.0,1.0,0.0,1.0
0.0,0.0,0.0,0.0,0.0,0.0,0.0,0.0,2.0,157.0,0.0,0.0,0.0,0.0,0.0,0.0,0.0,0.0,0.0,0.0,0.0,0.0,2.0,0.0,1086.5728611,0.0,0.0,0.0,0.0,0.0,1.0,0.0,1.0
0.0,0.0,0.0,367.0,84.0,0.0,756.0,210.0,2.0,367.0,0.0,1123.0,0.0,0.0,0.0,1.0,210.0,0.0,0.0,1.0,210.0,1.0,2.0,235.0,1182.2443154,77.0,756.0,0.0,0.0,1123.0,1.0,0.0,1.0
0.0,0.0,0.0,459.0,64.0,0.0,178.0,302.0,1.0,459.0,0.0,637.0,0.0,0.0,0.0,0.0,302.0,0.0,0.0,1.0,302.0,0.0,1.0,235.0,1193.8628403,0.0,178.0,0.0,0.0,637.0,1.0,0.0,1.0
0.0,853.0,1.0,853.0,36.0,0.0,0.0,517.0,5.0,884.0,139.0,853.0,853.0,170.0,0.0,0.0,517.0,170.0,0.0,0.0,486.0,0.0,5.0,166.0,864.5889793,0.0,0.0,0.0,0.0,0.0,1.0,0.0,1.0
0.0,0.0,0.0,0.0,0.0,0.0,0.0,51.0,1.0,208.0,0.0,0.0,0.0,0.0,0.0,0.0,51.0,0.0,0.0,0.0,0.0,0.0,1.0,0.0,1171.1039922,0.0,0.0,0.0,0.0,0.0,1.0,0.0,1.0
0.0,202.0,1.0,197.0,20.0,0.0,5.0,0.0,1.0,197.0,40.0,202.0,202.0,40.0,0.0,0.0,0.0,40.0,0.0,0.0,0.0,0.0,1.0,157.0,1171.9469125,0.0,5.0,0.0,0.0,0.0,1.0,0.0,1.0
0.0,2650.0,1.0,884.0,112.0,0.0,1766.0,157.0,5.0,884.0,687.0,2650.0,2650.0,530.0,0.0,0.0,156.0,530.0,0.0,0.0,157.0,5.0,5.0,296.0,1087.9628593,0.0,1766.0,0.0,0.0,0.0,1.0,0.0,1.0
0.0,0.0,0.0,157.0,27.0,367.0,210.0,0.0,2.0,157.0,0.0,367.0,0.0,0.0,0.0,0.0,0.0,0.0,1.0,0.0,0.0,0.0,2.0,157.0,1113.1248506,0.0,210.0,0.0,0.0,367.0,1.0,0.0,1.0
0.0,0.0,0.0,367.0,27.0,367.0,0.0,295.0,2.0,452.0,0.0,367.0,0.0,0.0,0.0,0.0,295.0,0.0,1.0,0.0,210.0,0.0,2.0,150.0,1086.5728611,0.0,0.0,0.0,0.0,367.0,1.0,0.0,1.0
0.0,0.0,0.0,0.0,0.0,0.0,0.0,107.0,3.0,264.0,0.0,0.0,0.0,0.0,0.0,0.0,107.0,0.0,0.0,0.0,0.0,0.0,3.0,0.0,1005.8348714,0.0,0.0,0.0,0.0,0.0,1.0,0.0,1.0
0.0,625.0,1.0,799.0,69.0,0.0,126.0,517.0,2.0,799.0,125.0,925.0,625.0,125.0,0.0,0.0,517.0,125.0,0.0,0.0,517.0,0.0,2.0,157.0,1102.5883468,0.0,126.0,0.0,0.0,300.0,1.0,0.0,1.0
0.0,0.0,0.0,459.0,74.0,0.0,276.0,302.0,1.0,459.0,0.0,735.0,0.0,0.0,0.0,1.0,302.0,0.0,0.0,0.0,302.0,0.0,1.0,235.0,1206.0851847,735.0,276.0,0.0,0.0,735.0,1.0,0.0,1.0
0.0,231.0,1.0,231.0,23.0,0.0,0.0,117.0,1.0,320.0,0.0,231.0,231.0,46.0,0.0,0.0,117.0,46.0,0.0,0.0,28.0,0.0,1.0,146.0,1171.1039922,0.0,0.0,0.0,0.0,0.0,1.0,0.0,1.0
0.0,0.0,0.0,157.0,104.0,0.0,1232.0,0.0,2.0,157.0,0.0,1389.0,0.0,0.0,0.0,1.0,51.0,0.0,0.0,0.0,0.0,0.0,2.0,157.0,1230.2907726,0.0,1232.0,0.0,0.0,1389.0,1.0,0.0,1.0
0.0,0.0,0.0,157.0,27.0,367.0,210.0,0.0,2.0,157.0,0.0,367.0,0.0,0.0,0.0,0.0,0.0,0.0,1.0,0.0,0.0,0.0,2.0,157.0,1113.1248506,0.0,210.0,0.0,0.0,367.0,1.0,0.0,1.0
0.0,140.0,1.0,200.0,10.0,0.0,0.0,329.0,4.0,525.0,0.0,200.0,0.0,28.0,0.0,0.0,329.0,28.0,0.0,0.0,4.0,0.0,4.0,0.0,1085.601224,0.0,0.0,0.0,0.0,60.0,1.0,0.0,1.0
0.0,0.0,0.0,157.0,87.0,0.0,705.0,0.0,1.0,157.0,0.0,862.0,0.0,0.0,0.0,0.0,0.0,0.0,0.0,1.0,0.0,0.0,1.0,157.0,1130.085144,0.0,705.0,0.0,0.0,862.0,1.0,0.0,1.0
0.0,0.0,0.0,145.0,11.0,0.0,0.0,0.0,2.0,157.0,0.0,145.0,0.0,0.0,0.0,0.0,0.0,0.0,0.0,0.0,0.0,0.0,2.0,145.0,1066.8753266,0.0,0.0,0.0,0.0,145.0,1.0,0.0,1.0
0.0,0.0,0.0,391.0,74.0,0.0,344.0,234.0,1.0,391.0,0.0,735.0,0.0,0.0,0.0,1.0,234.0,0.0,0.0,0.0,234.0,0.0,1.0,235.0,1102.5447097,735.0,344.0,0.0,0.0,735.0,1.0,0.0,1.0
0.0,0.0,0.0,183.0,81.0,0.0,623.0,26.0,1.0,183.0,0.0,806.0,0.0,0.0,51.0,1.0,25.0,0.0,0.0,0.0,26.0,0.0,1.0,183.0,1130.085144,126.0,623.0,0.0,0.0,806.0,1.0,0.0,1.0
0.0,555.0,1.0,555.0,42.0,0.0,0.0,517.0,2.0,785.0,0.0,555.0,555.0,111.0,0.0,0.0,517.0,111.0,0.0,0.0,287.0,0.0,2.0,0.0,1066.8753266,0.0,0.0,0.0,0.0,0.0,1.0,0.0,1.0
0.0,0.0,0.0,794.0,80.0,0.0,0.0,934.0,1.0,1091.0,0.0,794.0,0.0,0.0,0.0,0.0,933.0,0.0,0.0,1.0,637.0,0.0,1.0,0.0,1063.8392345,0.0,0.0,0.0,0.0,794.0,1.0,0.0,1.0
0.0,0.0,0.0,0.0,0.0,0.0,0.0,0.0,2.0,157.0,0.0,0.0,0.0,0.0,0.0,0.0,0.0,0.0,0.0,0.0,0.0,0.0,2.0,0.0,1066.8753266,0.0,0.0,0.0,0.0,0.0,1.0,0.0,1.0
0.0,0.0,0.0,444.0,79.0,0.0,342.0,287.0,1.0,444.0,0.0,786.0,0.0,0.0,51.0,1.0,286.0,0.0,0.0,0.0,287.0,0.0,1.0,236.0,1102.1725417,735.0,342.0,0.0,0.0,786.0,1.0,0.0,1.0
184.0,0.0,0.0,350.0,112.0,0.0,760.0,96.0,1.0,350.0,0.0,1110.0,0.0,0.0,0.0,1.0,96.0,0.0,0.0,0.0,96.0,0.0,1.0,235.0,1130.085144,0.0,760.0,184.0,0.0,1110.0,1.0,0.0,1.0
0.0,0.0,0.0,157.0,81.0,0.0,649.0,0.0,1.0,157.0,0.0,806.0,0.0,0.0,51.0,1.0,0.0,0.0,0.0,0.0,0.0,0.0,1.0,157.0,1130.085144,96.0,649.0,0.0,0.0,806.0,1.0,0.0,1.0
0.0,0.0,0.0,157.0,76.0,0.0,598.0,0.0,1.0,157.0,0.0,755.0,0.0,0.0,0.0,0.0,0.0,0.0,0.0,1.0,0.0,0.0,1.0,157.0,1130.085144,354.0,598.0,0.0,0.0,755.0,1.0,0.0,1.0
0.0,0.0,0.0,575.0,74.0,0.0,160.0,418.0,1.0,575.0,0.0,735.0,0.0,0.0,0.0,1.0,418.0,0.0,0.0,0.0,418.0,0.0,1.0,235.0,1081.7033,735.0,160.0,0.0,0.0,735.0,1.0,0.0,1.0
0.0,350.0,1.0,350.0,35.0,0.0,0.0,517.0,1.0,744.0,0.0,350.0,0.0,70.0,0.0,0.0,517.0,70.0,0.0,0.0,123.0,0.0,1.0,0.0,1063.8392345,0.0,0.0,0.0,0.0,0.0,1.0,0.0,1.0
0.0,1985.0,1.0,785.0,118.0,0.0,1200.0,231.0,3.0,785.0,596.0,1985.0,1985.0,397.0,0.0,0.0,231.0,397.0,0.0,0.0,231.0,0.0,3.0,236.0,1207.2414222,0.0,1200.0,0.0,0.0,0.0,1.0,0.0,1.0
0.0,0.0,0.0,555.0,74.0,0.0,180.0,398.0,1.0,555.0,0.0,735.0,0.0,0.0,0.0,1.0,398.0,0.0,0.0,0.0,398.0,0.0,1.0,235.0,1083.9363082,735.0,180.0,0.0,0.0,735.0,1.0,0.0,1.0
0.0,23.0,1.0,23.0,2.0,0.0,0.0,50.0,1.0,211.0,0.0,23.0,0.0,5.0,0.0,0.0,50.0,4.0,0.0,0.0,0.0,1.0,1.0,0.0,1063.8392345,0.0,0.0,0.0,0.0,0.0,1.0,0.0,1.0
0.0,1396.0,1.0,587.0,105.0,0.0,809.0,151.0,2.0,587.0,418.0,1396.0,1396.0,279.0,0.0,0.0,151.0,279.0,0.0,0.0,151.0,0.0,2.0,235.0,1157.3121582,0.0,809.0,0.0,0.0,0.0,1.0,0.0,1.0
0.0,880.0,1.0,972.0,48.0,0.0,2.0,517.0,4.0,972.0,176.0,974.0,880.0,176.0,0.0,0.0,517.0,176.0,0.0,0.0,517.0,0.0,4.0,168.0,1085.973392,0.0,2.0,0.0,0.0,94.0,1.0,0.0,1.0
0.0,2083.0,1.0,750.0,128.0,0.0,1400.0,177.0,3.0,750.0,593.0,2150.0,2083.0,417.0,0.0,0.0,177.0,416.0,0.0,0.0,177.0,0.0,3.0,236.0,1229.5715041,0.0,1400.0,0.0,0.0,67.0,1.0,0.0,1.0
318.0,0.0,0.0,624.0,124.0,0.0,602.0,278.0,1.0,624.0,0.0,1226.0,0.0,0.0,0.0,0.0,278.0,0.0,0.0,1.0,278.0,0.0,1.0,235.0,1130.085144,0.0,603.0,318.0,0.0,1226.0,1.0,0.0,1.0
0.0,0.0,0.0,0.0,0.0,0.0,0.0,457.0,3.0,614.0,0.0,0.0,0.0,0.0,0.0,0.0,457.0,0.0,0.0,0.0,0.0,0.0,3.0,0.0,1073.2609311,0.0,0.0,0.0,0.0,0.0,1.0,0.0,1.0
0.0,1196.0,1.0,407.0,108.0,0.0,1779.0,0.0,4.0,407.0,239.0,2186.0,1196.0,239.0,0.0,1.0,0.0,239.0,0.0,0.0,0.0,0.0,4.0,168.0,1284.3389525,661.0,1780.0,0.0,0.0,990.0,1.0,0.0,1.0
0.0,0.0,0.0,688.0,107.0,0.0,740.0,128.0,2.0,688.0,0.0,1428.0,0.0,0.0,0.0,0.0,128.0,0.0,0.0,2.0,128.0,0.0,2.0,235.0,1149.4966295,0.0,740.0,0.0,0.0,1428.0,1.0,0.0,1.0
0.0,0.0,0.0,453.0,75.0,0.0,292.0,296.0,1.0,453.0,0.0,745.0,0.0,0.0,0.0,0.0,296.0,0.0,0.0,1.0,296.0,0.0,1.0,235.0,1096.5900212,189.0,292.0,0.0,0.0,745.0,1.0,0.0,1.0
0.0,0.0,0.0,0.0,0.0,0.0,0.0,0.0,1.0,157.0,0.0,0.0,0.0,0.0,0.0,0.0,0.0,0.0,0.0,0.0,0.0,0.0,1.0,0.0,1063.8392345,0.0,0.0,0.0,0.0,0.0,1.0,0.0,1.0
0.0,1041.0,1.0,830.0,78.0,0.0,211.0,465.0,2.0,830.0,312.0,1041.0,1041.0,208.0,0.0,0.0,465.0,208.0,0.0,0.0,465.0,0.0,2.0,235.0,1090.6940806,0.0,211.0,0.0,0.0,0.0,1.0,0.0,1.0
0.0,0.0,0.0,0.0,0.0,0.0,0.0,517.0,1.0,674.0,0.0,0.0,0.0,0.0,0.0,0.0,517.0,0.0,0.0,0.0,0.0,0.0,1.0,0.0,1063.8392345,0.0,0.0,0.0,0.0,0.0,1.0,0.0,1.0
0.0,398.0,1.0,398.0,30.0,0.0,0.0,517.0,2.0,753.0,0.0,398.0,398.0,80.0,0.0,0.0,517.0,79.0,0.0,0.0,162.0,0.0,2.0,0.0,1066.8753266,0.0,0.0,0.0,0.0,0.0,1.0,0.0,1.0
0.0,96.0,1.0,96.0,10.0,0.0,0.0,88.0,1.0,264.0,0.0,96.0,96.0,19.0,0.0,0.0,88.0,19.0,0.0,0.0,0.0,0.0,1.0,27.0,1063.8392345,0.0,0.0,0.0,0.0,0.0,1.0,0.0,1.0
0.0,323.0,1.0,323.0,24.0,0.0,0.0,466.0,2.0,687.0,0.0,323.0,0.0,65.0,0.0,0.0,466.0,64.0,0.0,0.0,102.0,0.0,2.0,0.0,1066.8753266,0.0,0.0,0.0,0.0,0.0,1.0,0.0,1.0
0.0,822.0,1.0,795.0,83.0,0.0,27.0,474.0,1.0,795.0,246.0,822.0,822.0,164.0,0.0,0.0,474.0,164.0,0.0,0.0,474.0,0.0,1.0,236.0,1067.1887468,0.0,27.0,0.0,0.0,0.0,1.0,0.0,1.0
0.0,0.0,0.0,897.0,91.0,0.0,0.0,752.0,1.0,909.0,0.0,897.0,0.0,0.0,0.0,0.0,752.0,0.0,0.0,1.0,740.0,0.0,1.0,223.0,1063.8392345,0.0,0.0,0.0,0.0,897.0,1.0,0.0,1.0
0.0,0.0,0.0,125.0,9.0,0.0,0.0,517.0,2.0,674.0,0.0,125.0,0.0,0.0,0.0,0.0,517.0,0.0,0.0,0.0,0.0,0.0,2.0,0.0,1066.8753266,0.0,0.0,0.0,0.0,125.0,1.0,0.0,1.0
0.0,0.0,0.0,0.0,0.0,0.0,0.0,51.0,1.0,208.0,0.0,0.0,0.0,0.0,0.0,0.0,51.0,0.0,0.0,0.0,0.0,0.0,1.0,0.0,1063.8392345,0.0,0.0,0.0,0.0,0.0,1.0,0.0,1.0
0.0,1777.0,1.0,953.0,88.0,0.0,824.0,430.0,4.0,953.0,532.0,1777.0,1777.0,355.0,0.0,0.0,430.0,355.0,0.0,0.0,430.0,0.0,4.0,252.0,1177.8988956,0.0,823.0,0.0,0.0,0.0,1.0,0.0,1.0
0.0,0.0,0.0,582.0,129.0,0.0,699.0,425.0,1.0,582.0,0.0,1281.0,0.0,0.0,0.0,0.0,425.0,0.0,0.0,1.0,425.0,0.0,1.0,235.0,1130.085144,0.0,699.0,0.0,0.0,1281.0,1.0,0.0,1.0
0.0,666.0,1.0,666.0,67.0,0.0,0.0,431.0,1.0,721.0,144.0,666.0,666.0,133.0,0.0,0.0,431.0,133.0,0.0,0.0,376.0,0.0,1.0,180.0,1063.8392345,0.0,0.0,0.0,0.0,0.0,1.0,0.0,1.0
0.0,997.0,1.0,757.0,101.0,0.0,240.0,401.0,1.0,757.0,299.0,997.0,997.0,199.0,0.0,0.0,400.0,199.0,0.0,0.0,401.0,0.0,1.0,236.0,1090.6353327,0.0,240.0,0.0,0.0,0.0,1.0,0.0,1.0
0.0,0.0,0.0,758.0,80.0,0.0,38.0,594.0,1.0,758.0,0.0,796.0,0.0,0.0,51.0,0.0,594.0,0.0,0.0,1.0,594.0,0.0,1.0,235.0,1068.3052509,90.0,38.0,0.0,0.0,796.0,1.0,0.0,1.0
0.0,524.0,1.0,778.0,75.0,0.0,476.0,517.0,3.0,778.0,104.0,1254.0,524.0,105.0,0.0,0.0,517.0,104.0,0.0,0.0,517.0,0.0,3.0,157.0,1126.4809595,0.0,476.0,0.0,0.0,730.0,1.0,0.0,1.0
0.0,1084.0,1.0,890.0,81.0,0.0,194.0,517.0,2.0,890.0,313.0,1084.0,1084.0,217.0,0.0,0.0,517.0,216.0,0.0,0.0,517.0,0.0,2.0,225.0,1088.8332405,0.0,193.0,0.0,0.0,0.0,1.0,0.0,1.0
0.0,611.0,1.0,358.0,85.0,0.0,775.0,79.0,2.0,358.0,183.0,1133.0,13.0,122.0,0.0,0.0,79.0,122.0,0.0,0.0,79.0,0.0,2.0,235.0,1153.5904778,0.0,774.0,0.0,0.0,522.0,1.0,0.0,1.0
0.0,0.0,0.0,0.0,0.0,0.0,0.0,0.0,2.0,157.0,0.0,0.0,0.0,0.0,0.0,0.0,0.0,0.0,0.0,0.0,0.0,0.0,2.0,0.0,1066.8753266,0.0,0.0,0.0,0.0,0.0,1.0,0.0,1.0
18.0,0.0,0.0,983.0,112.0,0.0,123.0,517.0,1.0,983.0,0.0,1106.0,0.0,0.0,0.0,0.0,517.0,0.0,0.0,1.0,517.0,0.0,1.0,235.0,1077.6094516,0.0,123.0,18.0,0.0,1106.0,1.0,0.0,1.0
2.0,1192.0,1.0,470.0,59.0,0.0,722.0,64.0,4.0,470.0,302.0,1192.0,1192.0,238.0,0.0,0.0,64.0,238.0,0.0,0.0,64.0,0.0,4.0,232.0,1166.3616867,0.0,721.0,2.0,0.0,0.0,1.0,0.0,1.0
0.0,432.0,1.0,432.0,44.0,0.0,0.0,517.0,1.0,760.0,0.0,432.0,0.0,86.0,0.0,0.0,517.0,86.0,0.0,0.0,189.0,0.0,1.0,0.0,1063.8392345,0.0,0.0,0.0,0.0,0.0,1.0,0.0,1.0
0.0,1645.0,1.0,846.0,116.0,0.0,1499.0,349.0,4.0,846.0,493.0,2345.0,1337.0,329.0,0.0,0.0,349.0,329.0,0.0,0.0,349.0,0.0,4.0,252.0,1253.0768379,0.0,1500.0,0.0,0.0,700.0,1.0,0.0,1.0
42.0,0.0,0.0,157.0,85.0,0.0,981.0,0.0,2.0,157.0,0.0,1138.0,0.0,0.0,0.0,0.0,0.0,0.0,0.0,0.0,0.0,0.0,2.0,157.0,1176.6648958,735.0,981.0,42.0,0.0,1138.0,1.0,0.0,1.0
0.0,0.0,0.0,0.0,0.0,0.0,0.0,517.0,4.0,685.0,0.0,0.0,0.0,0.0,0.0,0.0,517.0,0.0,0.0,0.0,0.0,0.0,4.0,0.0,1085.601224,0.0,0.0,0.0,0.0,0.0,1.0,0.0,1.0
0.0,198.0,1.0,196.0,15.0,0.0,2.0,0.0,2.0,196.0,39.0,198.0,198.0,39.0,0.0,0.0,0.0,39.0,0.0,0.0,0.0,0.0,2.0,157.0,1067.2474947,0.0,1.0,0.0,0.0,0.0,1.0,0.0,1.0
0.0,0.0,0.0,0.0,0.0,0.0,0.0,517.0,4.0,685.0,0.0,0.0,0.0,0.0,0.0,0.0,517.0,0.0,0.0,0.0,0.0,0.0,4.0,0.0,1085.601224,0.0,0.0,0.0,0.0,0.0,1.0,0.0,1.0
0.0,2862.0,1.0,798.0,105.0,0.0,2064.0,0.0,6.0,798.0,572.0,2862.0,2862.0,572.0,0.0,0.0,0.0,572.0,0.0,1.0,0.0,4.0,6.0,226.0,1341.025989,0.0,2064.0,0.0,0.0,0.0,1.0,0.0,1.0
0.0,670.0,1.0,772.0,46.0,0.0,0.0,514.0,3.0,805.0,168.0,772.0,670.0,134.0,0.0,0.0,514.0,134.0,0.0,0.0,481.0,0.0,3.0,203.0,1073.2609311,0.0,0.0,0.0,0.0,102.0,1.0,0.0,1.0
0.0,948.0,1.0,527.0,96.0,0.0,421.0,181.0,1.0,527.0,283.0,948.0,948.0,190.0,0.0,0.0,181.0,189.0,0.0,0.0,181.0,0.0,1.0,235.0,1111.1045744,0.0,420.0,0.0,0.0,0.0,1.0,0.0,1.0
0.0,0.0,0.0,0.0,0.0,0.0,0.0,0.0,1.0,157.0,0.0,0.0,0.0,0.0,0.0,0.0,0.0,0.0,0.0,0.0,0.0,0.0,1.0,0.0,1063.8392345,0.0,0.0,0.0,0.0,0.0,1.0,0.0,1.0
0.0,0.0,0.0,90.0,4.0,0.0,0.0,457.0,4.0,625.0,0.0,90.0,0.0,0.0,0.0,0.0,457.0,0.0,0.0,0.0,0.0,0.0,4.0,0.0,1085.601224,0.0,0.0,0.0,0.0,90.0,1.0,0.0,1.0
0.0,0.0,0.0,269.0,79.0,0.0,517.0,12.0,1.0,269.0,0.0,786.0,0.0,0.0,0.0,0.0,11.0,0.0,0.0,1.0,12.0,0.0,1.0,169.0,1121.8974473,0.0,517.0,0.0,0.0,786.0,1.0,0.0,1.0
0.0,0.0,0.0,709.0,128.0,0.0,558.0,552.0,1.0,709.0,0.0,1267.0,0.0,0.0,0.0,0.0,552.0,0.0,0.0,1.0,552.0,0.0,1.0,235.0,1126.3634637,0.0,558.0,0.0,0.0,1267.0,1.0,0.0,1.0
0.0,143.0,1.0,357.0,27.0,214.0,0.0,517.0,2.0,702.0,0.0,357.0,143.0,29.0,0.0,0.0,517.0,28.0,1.0,0.0,172.0,0.0,2.0,0.0,1066.8753266,0.0,0.0,0.0,0.0,214.0,1.0,0.0,1.0
0.0,0.0,0.0,0.0,0.0,0.0,0.0,517.0,3.0,674.0,0.0,0.0,0.0,0.0,0.0,0.0,517.0,0.0,0.0,0.0,0.0,0.0,3.0,0.0,1073.2609311,0.0,0.0,0.0,0.0,0.0,1.0,0.0,1.0
0.0,0.0,0.0,0.0,0.0,0.0,0.0,517.0,1.0,674.0,0.0,0.0,0.0,0.0,0.0,0.0,517.0,0.0,0.0,0.0,0.0,0.0,1.0,0.0,1063.8392345,0.0,0.0,0.0,0.0,0.0,1.0,0.0,1.0
0.0,0.0,0.0,397.0,99.0,0.0,1959.0,0.0,5.0,397.0,0.0,2356.0,0.0,0.0,0.0,1.0,0.0,0.0,0.0,0.0,0.0,0.0,5.0,197.0,1322.7310076,1469.0,1959.0,0.0,0.0,2356.0,1.0,0.0,1.0
0.0,19.0,1.0,920.0,67.0,95.0,212.0,684.0,3.0,920.0,4.0,1132.0,19.0,4.0,0.0,1.0,684.0,3.0,1.0,0.0,684.0,0.0,3.0,235.0,1097.079685,735.0,211.0,0.0,0.0,1113.0,1.0,0.0,1.0
0.0,0.0,0.0,492.0,74.0,0.0,243.0,335.0,1.0,492.0,0.0,735.0,0.0,0.0,0.0,0.0,335.0,0.0,0.0,1.0,335.0,0.0,1.0,235.0,1091.0075007,735.0,243.0,0.0,0.0,735.0,1.0,0.0,1.0
0.0,0.0,0.0,714.0,43.0,0.0,316.0,517.0,5.0,714.0,0.0,1030.0,0.0,0.0,0.0,0.0,517.0,0.0,0.0,0.0,517.0,0.0,5.0,222.0,1139.2521683,0.0,316.0,0.0,0.0,1030.0,1.0,0.0,1.0
0.0,1565.0,1.0,1056.0,62.0,0.0,620.0,517.0,6.0,1056.0,313.0,1676.0,376.0,313.0,0.0,0.0,517.0,313.0,0.0,0.0,517.0,0.0,6.0,226.0,1179.5050636,0.0,620.0,0.0,0.0,111.0,1.0,0.0,1.0
0.0,205.0,1.0,583.0,44.0,378.0,0.0,517.0,2.0,715.0,0.0,583.0,205.0,41.0,0.0,0.0,517.0,41.0,1.0,0.0,385.0,0.0,2.0,25.0,1066.8753266,0.0,0.0,0.0,0.0,378.0,1.0,0.0,1.0
0.0,278.0,1.0,678.0,40.0,0.0,0.0,674.0,3.0,886.0,0.0,678.0,278.0,56.0,0.0,1.0,674.0,55.0,0.0,0.0,466.0,0.0,3.0,27.0,1073.2609311,400.0,0.0,0.0,0.0,400.0,1.0,0.0,1.0
0.0,0.0,0.0,786.0,79.0,0.0,0.0,693.0,1.0,850.0,0.0,786.0,0.0,0.0,51.0,0.0,683.0,0.0,0.0,1.0,629.0,1.0,1.0,172.0,891.28902243,735.0,0.0,0.0,0.0,786.0,1.0,0.0,1.0
0.0,0.0,0.0,712.0,122.0,0.0,493.0,375.0,1.0,712.0,0.0,1205.0,0.0,0.0,0.0,1.0,375.0,0.0,0.0,0.0,375.0,0.0,1.0,235.0,913.40345709,0.0,493.0,0.0,0.0,1205.0,1.0,0.0,1.0
0.0,36.0,1.0,36.0,4.0,0.0,0.0,50.0,1.0,214.0,0.0,36.0,0.0,7.0,0.0,0.0,50.0,7.0,0.0,0.0,0.0,0.0,1.0,0.0,891.28902243,0.0,0.0,0.0,0.0,0.0,1.0,0.0,1.0
0.0,0.0,0.0,359.0,81.0,0.0,447.0,152.0,1.0,359.0,0.0,806.0,0.0,0.0,51.0,0.0,152.0,0.0,0.0,1.0,152.0,0.0,1.0,236.0,911.46097338,27.0,448.0,0.0,0.0,806.0,1.0,0.0,1.0
0.0,0.0,0.0,600.0,79.0,0.0,186.0,443.0,1.0,600.0,0.0,786.0,0.0,0.0,51.0,1.0,422.0,0.0,0.0,0.0,443.0,0.0,1.0,236.0,899.65664631,735.0,186.0,0.0,0.0,786.0,1.0,0.0,1.0
0.0,0.0,0.0,157.0,28.0,0.0,221.0,0.0,2.0,157.0,0.0,378.0,0.0,0.0,378.0,0.0,0.0,0.0,0.0,0.0,0.0,0.0,2.0,157.0,1008.0924862,0.0,221.0,0.0,0.0,378.0,1.0,0.0,1.0
0.0,1970.0,1.0,1068.0,117.0,0.0,902.0,517.0,3.0,1068.0,510.0,1970.0,1970.0,394.0,0.0,0.0,517.0,394.0,0.0,0.0,517.0,3.0,3.0,157.0,1146.7115406,0.0,902.0,0.0,0.0,0.0,1.0,0.0,1.0
0.0,0.0,0.0,0.0,0.0,0.0,0.0,517.0,1.0,674.0,0.0,0.0,0.0,0.0,0.0,0.0,517.0,0.0,0.0,0.0,0.0,0.0,1.0,0.0,891.28902243,0.0,0.0,0.0,0.0,0.0,1.0,0.0,1.0
128.0,2038.0,1.0,1089.0,206.0,0.0,949.0,525.0,1.0,1089.0,610.0,2038.0,2038.0,408.0,0.0,0.0,525.0,407.0,0.0,1.0,525.0,0.0,1.0,235.0,917.88611333,0.0,949.0,128.0,0.0,0.0,1.0,0.0,1.0
0.0,0.0,0.0,525.0,74.0,0.0,210.0,368.0,1.0,525.0,0.0,735.0,0.0,0.0,0.0,1.0,368.0,0.0,0.0,0.0,368.0,0.0,1.0,235.0,900.70259963,735.0,210.0,0.0,0.0,735.0,1.0,0.0,1.0
0.0,0.0,0.0,459.0,84.0,0.0,368.0,302.0,1.0,459.0,0.0,827.0,0.0,0.0,0.0,1.0,302.0,0.0,0.0,0.0,302.0,0.0,1.0,235.0,907.87484898,0.0,368.0,0.0,0.0,827.0,1.0,0.0,1.0
0.0,3127.0,1.0,851.0,102.0,0.0,2276.0,0.0,7.0,851.0,625.0,3127.0,3127.0,625.0,0.0,0.0,0.0,625.0,0.0,0.0,0.0,7.0,7.0,226.0,1656.5106242,0.0,2275.0,0.0,0.0,0.0,1.0,0.0,1.0
0.0,60.0,1.0,60.0,6.0,0.0,0.0,457.0,1.0,626.0,0.0,60.0,0.0,12.0,0.0,0.0,457.0,12.0,0.0,0.0,0.0,0.0,1.0,0.0,891.28902243,0.0,0.0,0.0,0.0,0.0,1.0,0.0,1.0
0.0,1032.0,1.0,920.0,64.0,0.0,593.0,517.0,5.0,920.0,206.0,1513.0,1032.0,206.0,0.0,0.0,517.0,206.0,0.0,0.0,517.0,0.0,5.0,197.0,1356.2615491,0.0,593.0,0.0,0.0,481.0,1.0,0.0,1.0
0.0,637.0,1.0,403.0,82.0,0.0,969.0,119.0,3.0,403.0,190.0,1372.0,637.0,127.0,0.0,1.0,119.0,127.0,0.0,0.0,119.0,0.0,3.0,235.0,1149.6999779,735.0,968.0,0.0,0.0,735.0,1.0,0.0,1.0
20.0,0.0,0.0,0.0,0.0,0.0,0.0,0.0,1.0,157.0,0.0,0.0,0.0,0.0,0.0,0.0,0.0,0.0,0.0,0.0,0.0,0.0,1.0,0.0,891.28902243,0.0,0.0,20.0,0.0,0.0,1.0,0.0,1.0
0.0,0.0,0.0,725.0,81.0,0.0,81.0,568.0,1.0,725.0,0.0,806.0,0.0,0.0,127.0,0.0,561.0,0.0,0.0,1.0,568.0,1.0,1.0,236.0,895.0245691,0.0,81.0,0.0,0.0,806.0,1.0,0.0,1.0
0.0,0.0,0.0,0.0,0.0,0.0,0.0,451.0,1.0,608.0,0.0,0.0,0.0,0.0,0.0,0.0,451.0,0.0,0.0,0.0,0.0,0.0,1.0,0.0,891.28902243,0.0,0.0,0.0,0.0,0.0,1.0,0.0,1.0
0.0,0.0,0.0,0.0,0.0,0.0,0.0,0.0,1.0,157.0,0.0,0.0,0.0,0.0,0.0,0.0,0.0,0.0,0.0,0.0,0.0,0.0,1.0,0.0,891.28902243,0.0,0.0,0.0,0.0,0.0,1.0,0.0,1.0
0.0,0.0,0.0,277.0,12.0,0.0,0.0,417.0,5.0,614.0,0.0,277.0,0.0,0.0,0.0,0.0,417.0,0.0,0.0,0.0,80.0,0.0,5.0,0.0,1329.6644586,0.0,0.0,0.0,0.0,277.0,1.0,0.0,1.0
0.0,0.0,0.0,790.0,88.0,0.0,81.0,487.0,1.0,790.0,0.0,871.0,0.0,0.0,0.0,1.0,487.0,0.0,0.0,0.0,487.0,0.0,1.0,235.0,895.0245691,0.0,81.0,0.0,0.0,871.0,1.0,0.0,1.0
0.0,0.0,0.0,0.0,0.0,0.0,0.0,517.0,1.0,674.0,0.0,0.0,0.0,0.0,0.0,0.0,517.0,0.0,0.0,0.0,0.0,0.0,1.0,0.0,891.28902243,0.0,0.0,0.0,0.0,0.0,1.0,0.0,1.0
0.0,0.0,0.0,236.0,24.0,0.0,164.0,79.0,3.0,236.0,0.0,400.0,0.0,0.0,0.0,0.0,78.0,0.0,0.0,0.0,79.0,0.0,3.0,236.0,1113.6893106,0.0,164.0,0.0,0.0,400.0,1.0,0.0,1.0
0.0,0.0,0.0,488.0,73.0,0.0,233.0,331.0,1.0,488.0,0.0,721.0,0.0,0.0,0.0,0.0,331.0,0.0,0.0,0.0,331.0,0.0,1.0,235.0,901.74855297,0.0,233.0,0.0,0.0,721.0,1.0,0.0,1.0
0.0,0.0,0.0,530.0,73.0,0.0,195.0,373.0,1.0,530.0,0.0,725.0,0.0,0.0,0.0,0.0,373.0,0.0,0.0,1.0,373.0,0.0,1.0,235.0,900.10491201,725.0,195.0,0.0,0.0,725.0,1.0,0.0,1.0
0.0,0.0,0.0,563.0,77.0,0.0,197.0,406.0,1.0,563.0,0.0,760.0,0.0,0.0,5.0,0.0,405.0,0.0,0.0,1.0,406.0,0.0,1.0,236.0,900.25433368,614.0,197.0,0.0,0.0,760.0,1.0,0.0,1.0
0.0,0.0,0.0,439.0,74.0,0.0,296.0,282.0,1.0,439.0,0.0,735.0,0.0,0.0,0.0,1.0,282.0,0.0,0.0,0.0,282.0,0.0,1.0,235.0,904.5875679,735.0,296.0,0.0,0.0,735.0,1.0,0.0,1.0
0.0,0.0,0.0,577.0,74.0,0.0,159.0,420.0,1.0,577.0,0.0,736.0,0.0,0.0,0.0,1.0,420.0,0.0,0.0,0.0,420.0,0.0,1.0,236.0,898.4612717,40.0,159.0,0.0,0.0,736.0,1.0,0.0,1.0
1075.0,0.0,0.0,314.0,105.0,0.0,730.0,157.0,1.0,314.0,0.0,1044.0,0.0,0.0,0.0,1.0,156.0,0.0,0.0,0.0,157.0,0.0,1.0,236.0,917.88611333,0.0,730.0,1075.0,0.0,1044.0,1.0,0.0,1.0
0.0,0.0,0.0,243.0,79.0,0.0,543.0,86.0,1.0,243.0,0.0,786.0,0.0,0.0,51.0,1.0,85.0,0.0,0.0,0.0,86.0,0.0,1.0,236.0,915.64478483,735.0,543.0,0.0,0.0,786.0,1.0,0.0,1.0
0.0,783.0,1.0,605.0,31.0,0.0,245.0,223.0,6.0,605.0,234.0,850.0,783.0,156.0,0.0,0.0,223.0,156.0,0.0,0.0,223.0,0.0,6.0,339.0,1448.8586723,0.0,244.0,0.0,0.0,67.0,1.0,0.0,1.0
0.0,0.0,0.0,0.0,0.0,0.0,0.0,857.0,1.0,1014.0,0.0,0.0,0.0,0.0,0.0,0.0,857.0,0.0,0.0,1.0,0.0,0.0,1.0,0.0,891.28902325,0.0,0.0,0.0,0.0,0.0,1.0,0.0,1.0
0.0,0.0,0.0,725.0,54.0,0.0,0.0,698.0,2.0,855.0,0.0,725.0,0.0,0.0,0.0,1.0,698.0,0.0,0.0,0.0,568.0,0.0,2.0,105.0,998.08122237,725.0,0.0,0.0,0.0,725.0,1.0,0.0,1.0
0.0,557.0,1.0,557.0,42.0,0.0,0.0,517.0,2.0,785.0,0.0,557.0,557.0,111.0,0.0,0.0,517.0,111.0,0.0,0.0,289.0,0.0,2.0,0.0,998.08122237,0.0,0.0,0.0,0.0,0.0,1.0,0.0,1.0
0.0,162.0,1.0,162.0,8.0,0.0,0.0,517.0,4.0,717.0,0.0,162.0,162.0,32.0,0.0,0.0,517.0,32.0,0.0,0.0,0.0,0.0,4.0,0.0,1216.7459635,0.0,0.0,0.0,0.0,0.0,1.0,0.0,1.0
0.0,136.0,1.0,442.0,45.0,306.0,0.0,328.0,1.0,512.0,0.0,442.0,0.0,27.0,0.0,0.0,328.0,27.0,1.0,0.0,258.0,0.0,1.0,165.0,891.28902325,0.0,0.0,0.0,0.0,306.0,1.0,0.0,1.0
0.0,0.0,0.0,0.0,0.0,0.0,0.0,517.0,5.0,714.0,0.0,0.0,0.0,0.0,0.0,0.0,517.0,0.0,0.0,0.0,0.0,0.0,5.0,0.0,1329.6644592,0.0,0.0,0.0,0.0,0.0,1.0,0.0,1.0
0.0,0.0,0.0,0.0,0.0,0.0,0.0,0.0,1.0,157.0,0.0,0.0,0.0,0.0,0.0,0.0,0.0,0.0,0.0,0.0,0.0,1.0,1.0,0.0,891.28902325,0.0,0.0,0.0,0.0,0.0,1.0,0.0,1.0
0.0,549.0,1.0,549.0,55.0,0.0,0.0,517.0,1.0,783.0,0.0,549.0,549.0,110.0,0.0,0.0,517.0,109.0,0.0,0.0,283.0,0.0,1.0,0.0,891.28902243,0.0,0.0,0.0,0.0,0.0,1.0,0.0,1.0
0.0,0.0,0.0,545.0,91.0,0.0,351.0,388.0,1.0,545.0,0.0,896.0,0.0,0.0,0.0,0.0,387.0,0.0,0.0,1.0,388.0,1.0,1.0,236.0,907.12773968,0.0,351.0,0.0,0.0,896.0,1.0,0.0,1.0
0.0,0.0,0.0,613.0,76.0,0.0,142.0,456.0,1.0,613.0,0.0,755.0,0.0,0.0,0.0,0.0,456.0,0.0,0.0,1.0,456.0,0.0,1.0,235.0,897.71416258,380.0,142.0,0.0,0.0,755.0,1.0,0.0,1.0
0.0,1903.0,1.0,820.0,91.0,0.0,1336.0,243.0,5.0,820.0,570.0,2156.0,1903.0,380.0,0.0,0.0,243.0,380.0,0.0,0.0,243.0,0.0,5.0,296.0,1389.5826232,0.0,1335.0,0.0,0.0,253.0,1.0,0.0,1.0
0.0,0.0,0.0,350.0,35.0,0.0,0.0,399.0,1.0,556.0,0.0,350.0,0.0,0.0,0.0,0.0,398.0,0.0,0.0,0.0,193.0,0.0,1.0,30.0,891.28902325,0.0,0.0,0.0,0.0,350.0,1.0,0.0,1.0
0.0,2498.0,1.0,696.0,105.0,0.0,1802.0,0.0,5.0,696.0,499.0,2498.0,2498.0,500.0,0.0,0.0,0.0,499.0,0.0,0.0,0.0,0.0,5.0,197.0,1410.5016827,0.0,1801.0,0.0,0.0,0.0,1.0,0.0,1.0
0.0,0.0,0.0,406.0,109.0,0.0,670.0,249.0,1.0,406.0,0.0,1076.0,0.0,0.0,0.0,1.0,333.0,0.0,0.0,0.0,249.0,0.0,1.0,236.0,917.88611333,0.0,417.0,0.0,0.0,1076.0,1.0,0.0,1.0
0.0,0.0,0.0,0.0,0.0,0.0,0.0,517.0,2.0,674.0,0.0,0.0,0.0,0.0,0.0,0.0,517.0,0.0,0.0,0.0,0.0,0.0,2.0,0.0,998.08122237,0.0,0.0,0.0,0.0,0.0,1.0,0.0,1.0
0.0,1811.0,1.0,1030.0,111.0,0.0,1214.0,500.0,4.0,1030.0,543.0,2244.0,1811.0,362.0,0.0,1.0,500.0,362.0,0.0,0.0,500.0,0.0,4.0,252.0,1271.2849407,0.0,1215.0,0.0,0.0,433.0,1.0,0.0,1.0
0.0,258.0,1.0,258.0,26.0,0.0,0.0,517.0,1.0,725.0,0.0,258.0,0.0,52.0,0.0,0.0,517.0,51.0,0.0,0.0,50.0,0.0,1.0,0.0,891.28902243,0.0,0.0,0.0,0.0,0.0,1.0,0.0,1.0
0.0,0.0,0.0,0.0,0.0,0.0,0.0,0.0,2.0,157.0,0.0,0.0,0.0,0.0,0.0,0.0,0.0,0.0,0.0,0.0,0.0,0.0,2.0,0.0,998.08122237,0.0,0.0,0.0,0.0,0.0,1.0,0.0,1.0
151.0,0.0,0.0,338.0,125.0,0.0,902.0,0.0,1.0,338.0,0.0,1240.0,0.0,0.0,0.0,0.0,0.0,0.0,0.0,1.0,0.0,0.0,1.0,157.0,917.88611333,0.0,902.0,151.0,0.0,1240.0,1.0,0.0,1.0
0.0,0.0,0.0,843.0,85.0,0.0,0.0,681.0,1.0,911.0,0.0,843.0,0.0,0.0,0.0,0.0,680.0,0.0,0.0,1.0,613.0,0.0,1.0,168.0,891.28902243,0.0,0.0,0.0,0.0,843.0,1.0,0.0,1.0
0.0,0.0,0.0,850.0,86.0,0.0,6.0,693.0,1.0,850.0,0.0,856.0,0.0,0.0,0.0,0.0,692.0,0.0,0.0,1.0,693.0,0.0,1.0,236.0,891.58786629,0.0,6.0,0.0,0.0,856.0,1.0,0.0,1.0
0.0,2271.0,1.0,709.0,114.0,0.0,1595.0,40.0,4.0,709.0,494.0,2304.0,2271.0,454.0,0.0,0.0,39.0,454.0,0.0,0.0,40.0,0.0,4.0,208.0,1288.3190326,0.0,1595.0,0.0,0.0,33.0,1.0,0.0,1.0
0.0,1806.0,1.0,1046.0,89.0,0.0,760.0,517.0,4.0,1046.0,361.0,1806.0,1806.0,361.0,0.0,0.0,517.0,361.0,0.0,0.0,517.0,0.0,4.0,168.0,1250.8141469,0.0,760.0,0.0,0.0,0.0,1.0,0.0,1.0
685.0,0.0,0.0,245.0,90.0,0.0,650.0,88.0,1.0,245.0,0.0,895.0,0.0,0.0,0.0,0.0,88.0,0.0,0.0,1.0,88.0,0.0,1.0,235.0,917.88611333,0.0,650.0,685.0,0.0,895.0,1.0,0.0,1.0
0.0,0.0,0.0,588.0,92.0,0.0,321.0,431.0,1.0,588.0,0.0,909.0,0.0,0.0,0.0,0.0,431.0,0.0,0.0,1.0,431.0,0.0,1.0,235.0,905.78294281,0.0,321.0,0.0,0.0,909.0,1.0,0.0,1.0
0.0,1010.0,1.0,491.0,60.0,0.0,519.0,132.0,3.0,491.0,303.0,1010.0,862.0,202.0,0.0,0.0,131.0,202.0,0.0,0.0,132.0,0.0,3.0,236.0,1129.5280274,0.0,520.0,0.0,0.0,0.0,1.0,0.0,1.0
0.0,0.0,0.0,528.0,74.0,0.0,207.0,371.0,1.0,528.0,0.0,735.0,0.0,0.0,0.0,1.0,371.0,0.0,0.0,0.0,371.0,0.0,1.0,235.0,900.70259963,735.0,207.0,0.0,0.0,735.0,1.0,0.0,1.0
0.0,0.0,0.0,1015.0,88.0,0.0,154.0,720.0,2.0,1015.0,0.0,1169.0,0.0,0.0,80.0,0.0,720.0,0.0,0.0,1.0,720.0,2.0,2.0,235.0,1005.1040493,0.0,154.0,0.0,0.0,1169.0,1.0,0.0,1.0
0.0,0.0,0.0,0.0,0.0,0.0,0.0,300.0,1.0,457.0,0.0,0.0,0.0,0.0,0.0,0.0,300.0,0.0,0.0,0.0,0.0,0.0,1.0,0.0,891.28902325,0.0,0.0,0.0,0.0,0.0,1.0,0.0,1.0
0.0,1394.0,1.0,788.0,59.0,0.0,606.0,313.0,5.0,788.0,417.0,1394.0,1010.0,280.0,0.0,0.0,311.0,278.0,0.0,0.0,313.0,0.0,5.0,296.0,1356.8592365,0.0,611.0,0.0,0.0,0.0,1.0,0.0,1.0
0.0,0.0,0.0,0.0,0.0,0.0,0.0,0.0,1.0,157.0,0.0,0.0,0.0,0.0,0.0,0.0,0.0,0.0,0.0,0.0,0.0,0.0,1.0,0.0,891.28902243,0.0,0.0,0.0,0.0,0.0,1.0,0.0,1.0
0.0,0.0,0.0,806.0,81.0,0.0,0.0,683.0,1.0,840.0,0.0,806.0,0.0,0.0,51.0,1.0,682.0,0.0,0.0,0.0,649.0,0.0,1.0,202.0,891.28902243,18.0,0.0,0.0,0.0,806.0,1.0,0.0,1.0
0.0,0.0,0.0,0.0,0.0,0.0,0.0,457.0,1.0,614.0,0.0,0.0,0.0,0.0,0.0,0.0,0.0,0.0,0.0,0.0,0.0,0.0,1.0,0.0,891.28902243,0.0,0.0,0.0,0.0,0.0,1.0,0.0,1.0
0.0,0.0,0.0,665.0,76.0,0.0,90.0,508.0,1.0,665.0,0.0,755.0,0.0,0.0,0.0,0.0,508.0,0.0,0.0,1.0,508.0,0.0,1.0,235.0,895.32341287,414.0,90.0,0.0,0.0,755.0,1.0,0.0,1.0
0.0,1039.0,1.0,892.0,72.0,426.0,573.0,517.0,4.0,892.0,215.0,1465.0,1039.0,208.0,0.0,0.0,517.0,207.0,1.0,0.0,517.0,0.0,4.0,168.0,1242.4465228,0.0,573.0,0.0,0.0,426.0,1.0,0.0,1.0
0.0,1634.0,1.0,595.0,122.0,0.0,1039.0,0.0,2.0,595.0,326.0,1634.0,1634.0,327.0,0.0,0.0,0.0,326.0,0.0,0.0,0.0,0.0,2.0,157.0,1044.7008411,0.0,1038.0,0.0,0.0,0.0,1.0,0.0,1.0
0.0,904.0,1.0,762.0,91.0,0.0,1074.0,347.0,4.0,762.0,270.0,1836.0,904.0,181.0,0.0,0.0,347.0,180.0,0.0,0.0,347.0,0.0,4.0,252.0,1265.0092234,0.0,1072.0,0.0,0.0,932.0,1.0,0.0,1.0
0.0,100.0,1.0,100.0,7.0,0.0,0.0,301.0,2.0,478.0,0.0,100.0,0.0,20.0,0.0,0.0,301.0,20.0,0.0,0.0,0.0,0.0,2.0,0.0,998.08122164,0.0,0.0,0.0,0.0,0.0,1.0,0.0,1.0
0.0,2136.0,1.0,584.0,127.0,0.0,1552.0,0.0,3.0,584.0,427.0,2136.0,2136.0,427.0,0.0,0.0,0.0,427.0,0.0,0.0,0.0,0.0,3.0,157.0,1175.848803,0.0,1551.0,0.0,0.0,0.0,1.0,0.0,1.0
14.0,0.0,0.0,230.0,103.0,0.0,786.0,0.0,1.0,230.0,0.0,1016.0,0.0,0.0,0.0,1.0,0.0,0.0,0.0,0.0,0.0,0.0,1.0,157.0,917.88611333,0.0,786.0,14.0,0.0,1016.0,1.0,0.0,1.0
0.0,0.0,0.0,0.0,0.0,0.0,0.0,457.0,1.0,614.0,0.0,0.0,0.0,0.0,0.0,0.0,457.0,0.0,0.0,0.0,0.0,0.0,1.0,0.0,891.28902243,0.0,0.0,0.0,0.0,0.0,1.0,0.0,1.0
0.0,0.0,0.0,220.0,16.0,0.0,0.0,517.0,2.0,674.0,0.0,220.0,0.0,0.0,0.0,0.0,517.0,0.0,0.0,0.0,63.0,0.0,2.0,0.0,998.08122164,0.0,0.0,0.0,0.0,220.0,1.0,0.0,1.0
0.0,0.0,0.0,378.0,28.0,0.0,0.0,517.0,2.0,674.0,0.0,378.0,0.0,0.0,378.0,0.0,517.0,0.0,0.0,0.0,221.0,0.0,2.0,0.0,998.08122164,0.0,0.0,0.0,0.0,378.0,1.0,0.0,1.0
0.0,0.0,0.0,157.0,28.0,378.0,221.0,0.0,2.0,157.0,0.0,378.0,0.0,0.0,0.0,0.0,0.0,0.0,1.0,0.0,0.0,0.0,2.0,157.0,1008.0924862,0.0,221.0,0.0,0.0,378.0,1.0,0.0,1.0
25.0,0.0,0.0,864.0,131.0,0.0,432.0,634.0,1.0,864.0,0.0,1296.0,0.0,0.0,0.0,0.0,634.0,0.0,0.0,1.0,634.0,0.0,1.0,235.0,1139.9483789,0.0,432.0,25.0,0.0,1296.0,1.0,0.0,1.0
0.0,2021.0,1.0,917.0,66.0,0.0,1104.0,287.0,7.0,917.0,606.0,2021.0,2021.0,404.0,0.0,0.0,286.0,404.0,0.0,0.0,287.0,0.0,7.0,339.0,1097.3600166,0.0,1104.0,0.0,0.0,0.0,1.0,0.0,1.0
0.0,0.0,0.0,0.0,0.0,0.0,0.0,0.0,1.0,157.0,0.0,0.0,0.0,0.0,0.0,0.0,0.0,0.0,0.0,0.0,0.0,0.0,1.0,0.0,1010.6779977,0.0,0.0,0.0,0.0,0.0,1.0,0.0,1.0
0.0,1252.0,1.0,935.0,70.0,0.0,490.0,517.0,4.0,935.0,250.0,1425.0,1252.0,250.0,0.0,0.0,517.0,250.0,0.0,0.0,517.0,0.0,4.0,168.0,994.3557543,0.0,490.0,0.0,0.0,173.0,1.0,0.0,1.0
0.0,0.0,0.0,568.0,39.0,0.0,82.0,411.0,3.0,568.0,0.0,650.0,0.0,0.0,0.0,0.0,410.0,0.0,0.0,0.0,411.0,0.0,3.0,236.0,913.616248,0.0,82.0,0.0,0.0,650.0,1.0,0.0,1.0
0.0,75.0,1.0,105.0,8.0,0.0,0.0,457.0,2.0,629.0,0.0,105.0,0.0,15.0,0.0,0.0,457.0,15.0,0.0,0.0,0.0,0.0,2.0,0.0,945.24253454,0.0,0.0,0.0,0.0,30.0,1.0,0.0,1.0
0.0,0.0,0.0,185.0,20.0,0.0,17.0,28.0,1.0,185.0,0.0,202.0,0.0,0.0,0.0,0.0,27.0,0.0,0.0,1.0,28.0,0.0,1.0,185.0,1016.644323,0.0,17.0,0.0,0.0,202.0,1.0,0.0,1.0
0.0,285.0,1.0,1020.0,61.0,0.0,0.0,954.0,3.0,1168.0,0.0,1020.0,0.0,57.0,0.0,1.0,594.0,57.0,0.0,0.0,806.0,0.0,3.0,87.0,888.75655934,735.0,212.0,0.0,0.0,735.0,1.0,0.0,1.0
0.0,0.0,0.0,157.0,74.0,0.0,578.0,0.0,1.0,157.0,0.0,735.0,0.0,0.0,0.0,1.0,0.0,0.0,0.0,0.0,0.0,0.0,1.0,157.0,1183.701431,735.0,568.0,0.0,0.0,735.0,1.0,0.0,1.0
0.0,0.0,0.0,157.0,74.0,0.0,578.0,0.0,1.0,157.0,0.0,735.0,0.0,0.0,0.0,1.0,0.0,0.0,0.0,0.0,0.0,0.0,1.0,157.0,1183.701431,735.0,578.0,0.0,0.0,735.0,1.0,0.0,1.0
0.0,0.0,0.0,157.0,74.0,0.0,574.0,0.0,1.0,157.0,0.0,731.0,0.0,0.0,0.0,1.0,0.0,0.0,0.0,0.0,0.0,0.0,1.0,157.0,1182.7070434,487.0,574.0,0.0,0.0,731.0,1.0,0.0,1.0
0.0,0.0,0.0,536.0,74.0,0.0,199.0,379.0,1.0,536.0,0.0,735.0,0.0,0.0,0.0,0.0,379.0,0.0,0.0,1.0,379.0,1.0,1.0,235.0,1070.3412506,735.0,199.0,0.0,0.0,735.0,1.0,0.0,1.0
0.0,0.0,0.0,604.0,76.0,0.0,151.0,447.0,1.0,604.0,0.0,755.0,0.0,0.0,0.0,0.0,447.0,0.0,0.0,1.0,447.0,0.0,1.0,235.0,1056.4198249,123.0,151.0,0.0,0.0,755.0,1.0,0.0,1.0
0.0,0.0,0.0,0.0,0.0,0.0,0.0,0.0,2.0,157.0,0.0,0.0,0.0,0.0,0.0,0.0,0.0,0.0,0.0,0.0,0.0,0.0,2.0,0.0,945.24253454,0.0,0.0,0.0,0.0,0.0,1.0,0.0,1.0
0.0,0.0,0.0,169.0,74.0,0.0,566.0,12.0,1.0,169.0,0.0,735.0,0.0,0.0,0.0,1.0,12.0,0.0,0.0,0.0,12.0,0.0,1.0,169.0,1179.7238808,735.0,566.0,0.0,0.0,735.0,1.0,0.0,1.0
0.0,0.0,0.0,372.0,85.0,0.0,470.0,215.0,1.0,372.0,0.0,842.0,0.0,0.0,0.0,0.0,214.0,0.0,0.0,1.0,215.0,0.0,1.0,236.0,1150.8866419,0.0,470.0,0.0,0.0,842.0,1.0,0.0,1.0
0.0,0.0,0.0,0.0,0.0,0.0,0.0,0.0,3.0,157.0,0.0,0.0,0.0,0.0,0.0,0.0,0.0,0.0,0.0,0.0,0.0,0.0,3.0,0.0,888.75655934,0.0,0.0,0.0,0.0,0.0,1.0,0.0,1.0
0.0,0.0,0.0,592.0,91.0,0.0,311.0,435.0,1.0,592.0,0.0,903.0,0.0,0.0,0.0,0.0,435.0,0.0,0.0,1.0,435.0,0.0,1.0,235.0,1104.1504272,0.0,311.0,0.0,0.0,903.0,1.0,0.0,1.0
0.0,1492.0,1.0,983.0,74.0,0.0,509.0,517.0,4.0,983.0,420.0,1492.0,1429.0,298.0,0.0,0.0,517.0,298.0,0.0,0.0,517.0,0.0,4.0,225.0,1000.3220796,0.0,508.0,0.0,0.0,0.0,1.0,0.0,1.0
0.0,0.0,0.0,0.0,0.0,0.0,0.0,242.0,2.0,399.0,0.0,0.0,0.0,0.0,0.0,0.0,242.0,0.0,0.0,0.0,0.0,0.0,2.0,0.0,945.24253454,0.0,0.0,0.0,0.0,0.0,1.0,0.0,1.0
0.0,0.0,0.0,0.0,0.0,0.0,0.0,517.0,4.0,685.0,0.0,0.0,0.0,0.0,0.0,0.0,517.0,0.0,0.0,0.0,0.0,0.0,4.0,0.0,848.1807848,0.0,0.0,0.0,0.0,0.0,1.0,0.0,1.0
0.0,2701.0,1.0,737.0,124.0,0.0,2208.0,0.0,5.0,737.0,540.0,2945.0,2701.0,540.0,0.0,0.0,0.0,540.0,0.0,0.0,0.0,0.0,5.0,197.0,1482.7941551,0.0,2208.0,0.0,0.0,244.0,1.0,0.0,1.0
0.0,0.0,0.0,306.0,23.0,306.0,0.0,227.0,2.0,384.0,0.0,306.0,0.0,0.0,0.0,0.0,226.0,0.0,1.0,0.0,149.0,0.0,2.0,158.0,945.24253454,0.0,0.0,0.0,0.0,306.0,1.0,0.0,1.0
0.0,0.0,0.0,0.0,0.0,0.0,0.0,0.0,1.0,157.0,0.0,0.0,0.0,0.0,0.0,0.0,0.0,0.0,0.0,0.0,0.0,0.0,1.0,0.0,1010.6779977,0.0,0.0,0.0,0.0,0.0,1.0,0.0,1.0
0.0,0.0,0.0,0.0,0.0,0.0,0.0,0.0,1.0,157.0,0.0,0.0,0.0,0.0,0.0,0.0,0.0,0.0,0.0,0.0,0.0,0.0,1.0,0.0,1010.6779977,0.0,0.0,0.0,0.0,0.0,1.0,0.0,1.0
0.0,0.0,0.0,0.0,0.0,0.0,0.0,0.0,1.0,157.0,0.0,0.0,0.0,0.0,0.0,0.0,0.0,0.0,0.0,0.0,0.0,0.0,1.0,0.0,1010.6779977,0.0,0.0,0.0,0.0,0.0,1.0,0.0,1.0
0.0,0.0,0.0,0.0,0.0,0.0,0.0,0.0,1.0,157.0,0.0,0.0,0.0,0.0,0.0,0.0,0.0,0.0,0.0,0.0,0.0,0.0,1.0,0.0,1010.6779977,0.0,0.0,0.0,0.0,0.0,1.0,0.0,1.0
0.0,0.0,0.0,411.0,74.0,0.0,324.0,254.0,1.0,411.0,0.0,735.0,0.0,0.0,0.0,1.0,254.0,0.0,0.0,0.0,254.0,0.0,1.0,235.0,1108.1279774,735.0,324.0,0.0,0.0,735.0,1.0,0.0,1.0
0.0,0.0,0.0,382.0,74.0,0.0,353.0,225.0,1.0,382.0,0.0,735.0,0.0,0.0,0.0,0.0,225.0,0.0,0.0,1.0,225.0,0.0,1.0,235.0,1116.0830778,735.0,353.0,0.0,0.0,735.0,1.0,0.0,1.0
0.0,0.0,0.0,0.0,0.0,0.0,0.0,0.0,1.0,157.0,0.0,0.0,0.0,0.0,0.0,0.0,0.0,0.0,0.0,0.0,0.0,0.0,1.0,0.0,1010.6779977,0.0,0.0,0.0,0.0,0.0,1.0,0.0,1.0
0.0,357.0,1.0,228.0,36.0,0.0,129.0,0.0,1.0,228.0,71.0,357.0,0.0,71.0,0.0,0.0,0.0,71.0,0.0,0.0,0.0,0.0,1.0,157.0,1049.4591121,0.0,129.0,0.0,0.0,0.0,1.0,0.0,1.0
0.0,0.0,0.0,762.0,116.0,0.0,391.0,554.0,1.0,762.0,0.0,1153.0,0.0,0.0,0.0,0.0,553.0,0.0,0.0,1.0,554.0,0.0,1.0,236.0,1128.0157283,0.0,391.0,0.0,0.0,1153.0,1.0,0.0,1.0
0.0,373.0,1.0,428.0,56.0,378.0,323.0,197.0,2.0,428.0,111.0,751.0,373.0,74.0,0.0,0.0,197.0,74.0,1.0,0.0,197.0,0.0,2.0,235.0,1041.6981266,0.0,322.0,0.0,0.0,378.0,1.0,0.0,1.0
1.0,0.0,0.0,23.0,2.0,0.0,0.0,51.0,1.0,208.0,0.0,23.0,0.0,0.0,0.0,0.0,51.0,0.0,0.0,0.0,0.0,0.0,1.0,0.0,1010.6779977,0.0,0.0,1.0,0.0,23.0,1.0,0.0,1.0
0.0,0.0,0.0,502.0,95.0,0.0,434.0,345.0,1.0,502.0,0.0,936.0,0.0,0.0,0.0,0.0,344.0,0.0,0.0,1.0,345.0,0.0,1.0,236.0,1140.9427664,0.0,434.0,0.0,0.0,936.0,1.0,0.0,1.0
0.0,0.0,0.0,361.0,102.0,0.0,650.0,204.0,1.0,361.0,0.0,1011.0,0.0,0.0,0.0,0.0,204.0,0.0,0.0,1.0,204.0,0.0,1.0,235.0,1187.6789812,0.0,650.0,0.0,0.0,1011.0,1.0,0.0,1.0
0.0,0.0,0.0,673.0,82.0,0.0,419.0,316.0,2.0,673.0,0.0,1092.0,0.0,0.0,0.0,0.0,315.0,0.0,0.0,1.0,316.0,0.0,2.0,236.0,1070.5353655,0.0,419.0,0.0,0.0,1092.0,1.0,0.0,1.0
0.0,1834.0,1.0,945.0,113.0,0.0,948.0,422.0,3.0,945.0,549.0,1893.0,1834.0,367.0,0.0,0.0,422.0,366.0,0.0,0.0,422.0,0.0,3.0,235.0,1172.1570103,0.0,948.0,0.0,0.0,59.0,1.0,0.0,1.0
21.0,0.0,0.0,157.0,88.0,0.0,719.0,0.0,1.0,157.0,0.0,876.0,0.0,0.0,0.0,0.0,0.0,0.0,0.0,1.0,0.0,0.0,1.0,157.0,1187.6789812,0.0,719.0,21.0,0.0,876.0,1.0,0.0,1.0
0.0,0.0,0.0,582.0,72.0,0.0,383.0,326.0,2.0,582.0,0.0,965.0,0.0,0.0,0.0,0.0,325.0,0.0,0.0,1.0,326.0,0.0,2.0,236.0,1059.5971025,0.0,383.0,0.0,0.0,965.0,1.0,0.0,1.0
0.0,681.0,1.0,686.0,51.0,0.0,0.0,517.0,2.0,810.0,12.0,686.0,567.0,136.0,0.0,0.0,517.0,136.0,0.0,0.0,393.0,0.0,2.0,33.0,945.24253454,0.0,0.0,0.0,0.0,5.0,1.0,0.0,1.0
0.0,342.0,1.0,342.0,11.0,0.0,0.0,433.0,7.0,727.0,0.0,342.0,342.0,68.0,0.0,0.0,433.0,68.0,0.0,0.0,48.0,0.0,7.0,0.0,767.22335084,0.0,0.0,0.0,0.0,0.0,1.0,0.0,1.0
0.0,2453.0,1.0,1159.0,90.0,0.0,1294.0,443.0,6.0,1159.0,735.0,2453.0,2453.0,491.0,0.0,0.0,444.0,490.0,0.0,0.0,443.0,0.0,6.0,339.0,1153.8459918,0.0,1293.0,0.0,0.0,0.0,1.0,0.0,1.0
0.0,0.0,0.0,0.0,0.0,0.0,0.0,0.0,2.0,157.0,0.0,0.0,0.0,0.0,0.0,0.0,0.0,0.0,0.0,0.0,0.0,0.0,2.0,0.0,945.24253454,0.0,0.0,0.0,0.0,0.0,1.0,0.0,1.0
0.0,0.0,0.0,667.0,119.0,0.0,514.0,510.0,1.0,667.0,0.0,1181.0,0.0,0.0,0.0,1.0,510.0,0.0,0.0,0.0,510.0,0.0,1.0,235.0,1164.8080676,0.0,514.0,0.0,0.0,1181.0,1.0,0.0,1.0
0.0,0.0,0.0,0.0,0.0,0.0,0.0,0.0,1.0,157.0,0.0,0.0,0.0,0.0,0.0,0.0,0.0,0.0,0.0,0.0,0.0,0.0,1.0,0.0,1010.6779977,0.0,0.0,0.0,0.0,0.0,1.0,0.0,1.0
0.0,1522.0,1.0,874.0,118.0,59.0,707.0,413.0,2.0,874.0,456.0,1581.0,0.0,304.0,0.0,0.0,413.0,304.0,1.0,0.0,413.0,1.0,2.0,235.0,1157.0470822,0.0,706.0,0.0,0.0,59.0,1.0,0.0,1.0
0.0,0.0,0.0,0.0,0.0,0.0,0.0,161.0,2.0,318.0,0.0,0.0,0.0,0.0,0.0,0.0,161.0,0.0,0.0,0.0,0.0,0.0,2.0,0.0,945.24253454,0.0,0.0,0.0,0.0,0.0,1.0,0.0,1.0
0.0,0.0,0.0,105.0,5.0,0.0,0.0,100.0,4.0,268.0,0.0,105.0,0.0,0.0,0.0,0.0,100.0,0.0,0.0,0.0,0.0,0.0,4.0,57.0,848.1807848,0.0,0.0,0.0,0.0,105.0,1.0,0.0,1.0
0.0,2243.0,1.0,674.0,44.0,0.0,1569.0,0.0,13.0,674.0,448.0,2243.0,2243.0,448.0,0.0,0.0,0.0,448.0,0.0,0.0,0.0,0.0,13.0,226.0,943.40024895,0.0,1568.0,0.0,0.0,0.0,1.0,0.0,1.0
0.0,0.0,0.0,157.0,109.0,0.0,927.0,0.0,1.0,157.0,0.0,1084.0,0.0,0.0,0.0,1.0,0.0,0.0,0.0,0.0,0.0,0.0,1.0,157.0,1187.6789812,0.0,927.0,0.0,0.0,1084.0,1.0,0.0,1.0
172.0,0.0,0.0,449.0,108.0,0.0,620.0,159.0,1.0,449.0,0.0,1069.0,0.0,0.0,0.0,0.0,159.0,0.0,0.0,1.0,159.0,0.0,1.0,236.0,1187.6789812,0.0,619.0,172.0,0.0,1069.0,1.0,0.0,1.0
0.0,0.0,0.0,678.0,94.0,0.0,252.0,521.0,1.0,678.0,0.0,930.0,0.0,0.0,0.0,0.0,520.0,0.0,0.0,1.0,521.0,0.0,1.0,236.0,1086.2514513,0.0,252.0,0.0,0.0,930.0,1.0,0.0,1.0
0.0,1530.0,1.0,820.0,56.0,0.0,710.0,288.0,6.0,820.0,459.0,1530.0,0.0,306.0,0.0,0.0,288.0,306.0,0.0,0.0,288.0,0.0,6.0,339.0,978.83378345,0.0,710.0,0.0,0.0,0.0,1.0,0.0,1.0
0.0,612.0,1.0,537.0,62.0,0.0,75.0,0.0,1.0,537.0,122.0,612.0,612.0,122.0,0.0,0.0,0.0,122.0,0.0,0.0,0.0,0.0,1.0,157.0,1033.5489113,0.0,74.0,0.0,0.0,0.0,1.0,0.0,1.0
0.0,0.0,0.0,490.0,100.0,0.0,504.0,291.0,1.0,490.0,0.0,994.0,0.0,0.0,0.0,1.0,290.0,0.0,0.0,0.0,291.0,0.0,1.0,236.0,1161.8249049,0.0,506.0,0.0,0.0,994.0,1.0,0.0,1.0
0.0,397.0,1.0,397.0,24.0,0.0,0.0,517.0,3.0,753.0,0.0,397.0,0.0,79.0,0.0,0.0,517.0,79.0,0.0,0.0,161.0,0.0,3.0,0.0,888.75655928,0.0,0.0,0.0,0.0,0.0,1.0,0.0,1.0
1064.0,0.0,0.0,161.0,100.0,0.0,825.0,0.0,1.0,161.0,0.0,986.0,0.0,0.0,0.0,0.0,0.0,0.0,0.0,1.0,0.0,0.0,1.0,157.0,1187.6789812,0.0,825.0,1064.0,0.0,986.0,1.0,0.0,1.0
0.0,0.0,0.0,833.0,84.0,0.0,0.0,664.0,1.0,910.0,0.0,833.0,0.0,0.0,0.0,0.0,663.0,0.0,0.0,1.0,587.0,0.0,1.0,159.0,1010.6779977,0.0,0.0,0.0,0.0,833.0,1.0,0.0,1.0
0.0,0.0,0.0,3.0,1.0,0.0,0.0,0.0,1.0,157.0,0.0,3.0,0.0,0.0,0.0,0.0,0.0,0.0,0.0,0.0,0.0,0.0,1.0,3.0,1010.6779977,0.0,0.0,0.0,0.0,3.0,1.0,0.0,1.0
0.0,0.0,0.0,0.0,0.0,0.0,0.0,0.0,1.0,157.0,0.0,0.0,0.0,0.0,0.0,0.0,0.0,0.0,0.0,0.0,0.0,0.0,1.0,0.0,1010.6779977,0.0,0.0,0.0,0.0,0.0,1.0,0.0,1.0
8.0,0.0,0.0,550.0,122.0,0.0,660.0,214.0,1.0,550.0,0.0,1210.0,0.0,0.0,0.0,1.0,214.0,0.0,0.0,0.0,214.0,0.0,1.0,235.0,1187.6789812,0.0,660.0,8.0,0.0,1210.0,1.0,0.0,1.0
0.0,2336.0,1.0,851.0,104.0,0.0,2340.0,158.0,7.0,851.0,625.0,3191.0,2336.0,467.0,0.0,1.0,158.0,467.0,0.0,0.0,158.0,0.0,7.0,339.0,1465.2834091,655.0,2340.0,0.0,0.0,855.0,1.0,0.0,1.0
0.0,1431.0,1.0,1029.0,63.0,490.0,892.0,517.0,7.0,1029.0,286.0,1921.0,1431.0,286.0,0.0,0.0,517.0,286.0,1.0,0.0,517.0,7.0,7.0,226.0,1033.7192135,0.0,892.0,0.0,0.0,490.0,1.0,0.0,1.0
0.0,1101.0,1.0,894.0,90.0,101.0,308.0,517.0,2.0,894.0,220.0,1202.0,1101.0,220.0,0.0,0.0,517.0,220.0,1.0,0.0,517.0,0.0,2.0,157.0,1037.7205765,0.0,308.0,0.0,0.0,101.0,1.0,0.0,1.0
0.0,989.0,1.0,354.0,114.0,0.0,1561.0,0.0,3.0,354.0,197.0,1915.0,989.0,198.0,191.0,1.0,0.0,197.0,0.0,0.0,0.0,0.0,3.0,157.0,1355.124319,735.0,1560.0,0.0,0.0,926.0,1.0,0.0,1.0
0.0,1060.0,1.0,897.0,52.0,0.0,163.0,517.0,4.0,897.0,212.0,1060.0,1060.0,212.0,0.0,0.0,517.0,212.0,0.0,0.0,517.0,0.0,4.0,168.0,896.90577463,0.0,163.0,0.0,0.0,0.0,1.0,0.0,1.0
0.0,114.0,1.0,114.0,12.0,0.0,0.0,0.0,1.0,179.0,0.0,114.0,114.0,23.0,0.0,0.0,0.0,22.0,0.0,0.0,0.0,0.0,1.0,92.0,1010.6779977,0.0,0.0,0.0,0.0,0.0,1.0,0.0,1.0
0.0,0.0,0.0,0.0,0.0,0.0,0.0,0.0,1.0,157.0,0.0,0.0,0.0,0.0,0.0,0.0,0.0,0.0,0.0,0.0,0.0,0.0,1.0,0.0,1010.6779977,0.0,0.0,0.0,0.0,0.0,1.0,0.0,1.0
0.0,0.0,0.0,606.0,113.0,0.0,904.0,449.0,2.0,606.0,0.0,1510.0,0.0,0.0,0.0,1.0,448.0,0.0,0.0,0.0,449.0,0.0,2.0,236.0,1215.7159475,218.0,904.0,0.0,0.0,1510.0,1.0,0.0,1.0
0.0,108.0,1.0,481.0,36.0,378.0,5.0,303.0,2.0,481.0,31.0,486.0,0.0,22.0,0.0,0.0,303.0,21.0,1.0,0.0,303.0,0.0,2.0,235.0,947.23130965,0.0,4.0,0.0,0.0,378.0,1.0,0.0,1.0
0.0,36.0,1.0,414.0,31.0,378.0,0.0,332.0,2.0,496.0,0.0,414.0,36.0,7.0,0.0,0.0,332.0,7.0,1.0,0.0,250.0,0.0,2.0,153.0,945.24253456,0.0,0.0,0.0,0.0,378.0,1.0,0.0,1.0
